time,open,high,low,close,volume,ticker
2023-05-08 07:00:00,50.63,52.43,50.51,52.31,1500200,VCB
2023-05-09 07:00:00,52.31,52.82,51.92,51.92,563400,VCB
2023-05-10 07:00:00,51.69,52.31,51.53,51.75,417400,VCB
2023-05-11 07:00:00,51.75,51.81,51.19,51.19,505600,VCB
2023-05-12 07:00:00,51.19,52.2,51.08,52.2,710500,VCB
2023-05-15 07:00:00,51.75,52.31,51.3,51.58,450500,VCB
2023-05-16 07:00:00,51.75,52.37,51.36,52.09,666100,VCB
2023-05-17 07:00:00,52.03,52.31,51.92,52.2,572700,VCB
2023-05-18 07:00:00,52.26,54.0,51.86,53.44,1678500,VCB
2023-05-19 07:00:00,53.16,53.38,52.09,52.99,439900,VCB
2023-05-22 07:00:00,52.31,52.82,51.86,52.37,622300,VCB
2023-05-23 07:00:00,52.31,52.65,51.81,52.2,568800,VCB
2023-05-24 07:00:00,52.2,52.2,51.69,52.09,342200,VCB
2023-05-25 07:00:00,52.09,52.88,51.41,52.43,606600,VCB
2023-05-26 07:00:00,52.43,52.59,51.75,51.75,283700,VCB
2023-05-29 07:00:00,51.75,53.44,51.75,52.37,590500,VCB
2023-05-30 07:00:00,52.37,53.33,51.98,53.16,564500,VCB
2023-05-31 07:00:00,52.82,52.93,52.37,52.88,380100,VCB
2023-06-01 07:00:00,53.21,53.21,52.43,52.82,646300,VCB
2023-06-02 07:00:00,52.82,53.44,52.48,53.38,737800,VCB
2023-06-05 07:00:00,53.55,55.52,53.55,55.13,1297800,VCB
2023-06-06 07:00:00,55.13,55.69,54.28,55.69,759500,VCB
2023-06-07 07:00:00,55.69,55.69,54.56,54.56,749600,VCB
2023-06-08 07:00:00,54.56,57.21,54.56,56.25,1339400,VCB
2023-06-09 07:00:00,56.25,57.38,55.69,56.53,820200,VCB
2023-06-12 07:00:00,56.19,57.09,55.18,56.81,435100,VCB
2023-06-13 07:00:00,56.25,57.94,56.08,57.66,838900,VCB
2023-06-14 07:00:00,57.6,58.5,57.09,57.71,840500,VCB
2023-06-15 07:00:00,57.66,58.33,57.15,58.22,912200,VCB
2023-06-16 07:00:00,58.61,59.85,58.05,59.06,1331800,VCB
2023-06-19 07:00:00,58.28,58.56,57.21,57.21,1139900,VCB
2023-06-20 07:00:00,56.87,56.87,56.14,56.19,1781600,VCB
2023-06-21 07:00:00,56.08,56.53,56.08,56.25,1187900,VCB
2023-06-22 07:00:00,57.38,57.38,56.19,56.48,716500,VCB
2023-06-23 07:00:00,56.48,56.48,55.97,56.19,705200,VCB
2023-06-26 07:00:00,55.74,56.76,55.74,56.25,807200,VCB
2023-06-27 07:00:00,56.25,56.81,56.08,56.25,685900,VCB
2023-06-28 07:00:00,56.25,57.49,56.14,56.87,821200,VCB
2023-06-29 07:00:00,57.26,57.94,56.87,57.32,640600,VCB
2023-06-30 07:00:00,56.87,57.26,56.25,56.25,556600,VCB
2023-07-03 07:00:00,56.25,56.7,56.14,56.25,490100,VCB
2023-07-04 07:00:00,56.64,57.32,56.19,56.25,682700,VCB
2023-07-05 07:00:00,56.81,57.66,56.42,57.38,953900,VCB
2023-07-06 07:00:00,57.43,57.49,56.53,56.64,1021000,VCB
2023-07-07 07:00:00,56.53,59.06,56.48,59.06,1064800,VCB
2023-07-10 07:00:00,59.01,59.01,57.54,57.77,915100,VCB
2023-07-11 07:00:00,57.26,59.06,57.26,57.94,887600,VCB
2023-07-12 07:00:00,57.77,58.78,57.77,58.5,742800,VCB
2023-07-13 07:00:00,59.06,59.06,58.33,59.01,928300,VCB
2023-07-14 07:00:00,59.01,59.06,58.5,59.06,797700,VCB
2023-07-17 07:00:00,59.06,59.06,58.61,58.95,791600,VCB
2023-07-18 07:00:00,59.01,59.06,58.67,58.67,590000,VCB
2023-07-19 07:00:00,58.84,60.24,58.84,59.91,926200,VCB
2023-07-20 07:00:00,59.34,59.85,58.28,59.06,771600,VCB
2023-07-21 07:00:00,59.06,59.06,58.5,59.06,663400,VCB
2023-07-24 07:00:00,59.12,59.29,58.78,58.84,808500,VCB
2023-07-25 07:00:00,60.03,61.43,59.97,60.9,2374800,VCB
2023-07-26 07:00:00,61.03,62.03,61.03,62.03,1146400,VCB
2023-07-27 07:00:00,62.22,62.22,61.43,61.56,957200,VCB
2023-07-28 07:00:00,61.56,61.76,60.96,61.76,1116900,VCB
2023-07-31 07:00:00,61.76,61.89,60.83,60.83,1468300,VCB
2023-08-01 07:00:00,60.83,61.63,60.56,60.56,1281600,VCB
2023-08-02 07:00:00,60.56,60.76,60.43,60.76,1055800,VCB
2023-08-03 07:00:00,60.76,60.76,60.1,60.17,837900,VCB
2023-08-04 07:00:00,60.23,60.5,59.83,59.83,1231600,VCB
2023-08-07 07:00:00,59.83,60.3,59.77,60.3,1111700,VCB
2023-08-08 07:00:00,60.3,60.56,59.83,60.23,823400,VCB
2023-08-09 07:00:00,60.23,60.37,59.83,59.9,591600,VCB
2023-08-10 07:00:00,60.1,60.1,58.77,58.77,1336100,VCB
2023-08-11 07:00:00,58.77,60.03,58.77,60.03,920800,VCB
2023-08-14 07:00:00,59.97,59.97,59.1,59.1,1471800,VCB
2023-08-15 07:00:00,59.77,59.77,58.77,59.04,1148500,VCB
2023-08-16 07:00:00,58.97,59.37,58.9,59.24,727300,VCB
2023-08-17 07:00:00,59.24,59.63,58.84,59.37,2145100,VCB
2023-08-18 07:00:00,59.63,59.97,59.1,59.44,2430400,VCB
2023-08-21 07:00:00,59.57,59.9,59.24,59.63,1710900,VCB
2023-08-22 07:00:00,59.44,59.57,58.31,58.7,1825000,VCB
2023-08-23 07:00:00,59.04,59.04,57.18,57.31,1754800,VCB
2023-08-24 07:00:00,57.31,58.57,57.11,57.78,902800,VCB
2023-08-25 07:00:00,57.24,57.78,57.11,57.24,1404600,VCB
2023-08-28 07:00:00,57.38,58.11,57.24,57.78,1378300,VCB
2023-08-29 07:00:00,57.78,58.77,57.71,58.7,1391900,VCB
2023-08-30 07:00:00,58.77,59.44,58.77,59.17,1350000,VCB
2023-08-31 07:00:00,59.17,59.5,58.64,59.17,1531200,VCB
2023-09-05 07:00:00,59.17,60.23,59.17,59.83,1942200,VCB
2023-09-06 07:00:00,59.9,59.9,59.57,59.9,2017600,VCB
2023-09-07 07:00:00,59.77,60.3,59.44,59.44,1765300,VCB
2023-09-08 07:00:00,59.44,59.44,59.17,59.44,1341900,VCB
2023-09-11 07:00:00,59.5,59.77,58.44,58.77,1649500,VCB
2023-09-12 07:00:00,59.1,59.77,59.04,59.7,1572100,VCB
2023-09-13 07:00:00,59.77,59.77,59.04,59.17,1582000,VCB
2023-09-14 07:00:00,59.1,59.44,58.51,59.17,1512600,VCB
2023-09-15 07:00:00,59.04,59.63,58.84,59.63,2142400,VCB
2023-09-18 07:00:00,59.44,59.57,58.64,58.97,718100,VCB
2023-09-19 07:00:00,58.97,59.24,57.11,58.51,1117200,VCB
2023-09-20 07:00:00,58.51,58.7,57.38,58.44,786000,VCB
2023-09-21 07:00:00,58.44,58.44,57.64,57.78,1066900,VCB
2023-09-22 07:00:00,57.38,59.44,57.11,59.3,2408600,VCB
2023-09-25 07:00:00,59.1,59.44,58.64,59.3,2210400,VCB
2023-09-26 07:00:00,59.24,59.37,57.71,57.78,1663200,VCB
2023-09-27 07:00:00,58.17,59.1,57.78,58.31,1204900,VCB
2023-09-28 07:00:00,57.91,58.64,57.51,58.44,1065100,VCB
2023-09-29 07:00:00,58.64,58.64,57.84,58.11,449300,VCB
2023-10-02 07:00:00,57.84,57.91,57.44,57.44,765700,VCB
2023-10-03 07:00:00,57.44,57.58,56.98,57.31,882600,VCB
2023-10-04 07:00:00,57.31,57.31,56.65,57.31,923800,VCB
2023-10-05 07:00:00,57.11,57.11,56.12,56.12,890000,VCB
2023-10-06 07:00:00,56.12,56.71,55.45,56.71,800900,VCB
2023-10-09 07:00:00,56.71,56.71,55.78,56.18,1096100,VCB
2023-10-10 07:00:00,56.18,57.24,56.18,57.18,734100,VCB
2023-10-11 07:00:00,57.24,57.44,56.91,57.44,719400,VCB
2023-10-12 07:00:00,57.71,57.71,56.78,57.11,714100,VCB
2023-10-13 07:00:00,57.11,57.51,56.78,57.51,663100,VCB
2023-10-16 07:00:00,56.85,57.51,56.85,57.18,332300,VCB
2023-10-17 07:00:00,57.18,57.44,56.78,57.04,363400,VCB
2023-10-18 07:00:00,56.78,57.11,56.45,57.04,1147400,VCB
2023-10-19 07:00:00,56.78,57.11,55.85,56.12,1363600,VCB
2023-10-20 07:00:00,55.45,56.65,54.92,56.31,938400,VCB
2023-10-23 07:00:00,56.12,56.12,54.79,56.12,966600,VCB
2023-10-24 07:00:00,56.12,57.44,55.72,57.11,994000,VCB
2023-10-25 07:00:00,56.51,56.98,56.18,56.98,660100,VCB
2023-10-26 07:00:00,56.45,57.11,55.45,56.12,1420300,VCB
2023-10-27 07:00:00,56.18,56.45,55.65,56.45,773400,VCB
2023-10-30 07:00:00,55.45,57.11,55.45,57.04,592900,VCB
2023-10-31 07:00:00,57.04,57.71,56.38,57.64,1345300,VCB
2023-11-01 07:00:00,57.64,58.31,57.18,58.31,1479100,VCB
2023-11-02 07:00:00,58.44,59.1,57.51,59.1,1057500,VCB
2023-11-03 07:00:00,59.1,59.37,58.51,59.04,1086600,VCB
2023-11-06 07:00:00,59.04,59.63,58.77,59.44,774800,VCB
2023-11-07 07:00:00,59.1,59.3,58.64,58.64,413900,VCB
2023-11-08 07:00:00,58.44,59.57,58.37,59.44,1270300,VCB
2023-11-09 07:00:00,59.44,59.44,58.37,58.37,1166800,VCB
2023-11-10 07:00:00,57.84,58.11,57.11,57.11,1352000,VCB
2023-11-13 07:00:00,57.11,57.18,56.71,56.78,937700,VCB
2023-11-14 07:00:00,57.11,57.44,56.71,57.11,987500,VCB
2023-11-15 07:00:00,57.44,58.24,57.44,58.24,4067800,VCB
2023-11-16 07:00:00,57.78,58.44,57.58,58.44,1284800,VCB
2023-11-17 07:00:00,58.31,58.37,56.78,56.85,1588000,VCB
2023-11-20 07:00:00,56.85,57.78,56.45,57.18,1098400,VCB
2023-11-21 07:00:00,57.18,57.58,56.98,57.51,1151400,VCB
2023-11-22 07:00:00,57.31,57.58,56.78,57.58,1012700,VCB
2023-11-23 07:00:00,57.58,57.64,56.78,56.78,647200,VCB
2023-11-24 07:00:00,56.78,57.11,56.45,57.11,734500,VCB
2023-11-27 07:00:00,57.11,57.11,56.51,56.98,443000,VCB
2023-11-28 07:00:00,56.78,57.04,56.31,56.98,779400,VCB
2023-11-29 07:00:00,56.71,57.04,56.51,56.51,733100,VCB
2023-11-30 07:00:00,56.51,56.71,56.25,56.25,927600,VCB
2023-12-01 07:00:00,56.38,56.45,55.85,56.45,714700,VCB
2023-12-04 07:00:00,56.71,57.24,56.31,57.11,888100,VCB
2023-12-05 07:00:00,57.11,57.18,56.31,56.71,992800,VCB
2023-12-06 07:00:00,56.65,57.11,56.45,57.04,638000,VCB
2023-12-07 07:00:00,56.91,57.11,56.45,56.58,992300,VCB
2023-12-08 07:00:00,56.58,56.78,56.45,56.45,1183000,VCB
2023-12-11 07:00:00,56.45,56.65,55.85,55.92,1400000,VCB
2023-12-12 07:00:00,56.25,56.25,55.78,55.92,1006400,VCB
2023-12-13 07:00:00,55.92,56.12,55.58,55.58,1152900,VCB
2023-12-14 07:00:00,55.78,56.12,55.78,56.05,840600,VCB
2023-12-15 07:00:00,55.78,56.05,54.59,54.59,2530300,VCB
2023-12-18 07:00:00,54.99,55.05,54.12,54.12,1804000,VCB
2023-12-19 07:00:00,54.12,54.12,53.19,53.92,1961300,VCB
2023-12-20 07:00:00,53.92,53.99,53.46,53.86,1872300,VCB
2023-12-21 07:00:00,53.79,53.79,53.33,53.72,2030300,VCB
2023-12-22 07:00:00,53.72,53.86,53.39,53.72,1579800,VCB
2023-12-25 07:00:00,53.72,54.32,53.59,54.32,1301600,VCB
2023-12-26 07:00:00,54.45,54.99,54.45,54.99,971200,VCB
2023-12-27 07:00:00,55.05,55.25,54.79,54.92,899600,VCB
2023-12-28 07:00:00,54.92,55.19,54.72,54.99,703200,VCB
2023-12-29 07:00:00,55.45,55.72,53.33,53.33,1621700,VCB
2024-01-02 07:00:00,55.05,55.52,54.59,55.45,1785800,VCB
2024-01-03 07:00:00,55.45,56.12,54.99,56.12,1373000,VCB
2024-01-04 07:00:00,56.12,57.24,55.78,57.04,2657900,VCB
2024-01-05 07:00:00,57.04,57.24,56.91,57.24,1180300,VCB
2024-01-08 07:00:00,57.31,57.64,57.31,57.64,1607800,VCB
2024-01-09 07:00:00,57.64,58.37,57.64,58.31,1926400,VCB
2024-01-10 07:00:00,58.31,59.44,57.91,59.44,1795400,VCB
2024-01-11 07:00:00,59.44,59.77,58.84,59.3,1489100,VCB
2024-01-12 07:00:00,58.51,59.44,58.04,58.9,1909500,VCB
2024-01-15 07:00:00,59.1,59.83,59.04,59.77,1914200,VCB
2024-01-16 07:00:00,59.1,59.83,59.04,59.77,1367200,VCB
2024-01-17 07:00:00,59.1,60.43,59.1,60.37,1578200,VCB
2024-01-18 07:00:00,60.37,60.56,59.77,60.5,1422900,VCB
2024-01-19 07:00:00,60.43,61.76,60.03,61.49,1472600,VCB
2024-01-22 07:00:00,62.09,62.09,61.1,61.1,1046300,VCB
2024-01-23 07:00:00,61.16,61.36,60.03,60.76,1256900,VCB
2024-01-24 07:00:00,60.83,61.1,60.37,60.5,744700,VCB
2024-01-25 07:00:00,60.5,60.83,60.23,60.43,503300,VCB
2024-01-26 07:00:00,60.83,61.1,60.7,61.1,953100,VCB
2024-01-29 07:00:00,60.96,61.1,60.37,60.56,730500,VCB
2024-01-30 07:00:00,60.56,60.56,59.83,60.43,888600,VCB
2024-01-31 07:00:00,60.17,60.17,58.77,58.77,945600,VCB
2024-02-01 07:00:00,58.44,59.9,58.44,59.63,598100,VCB
2024-02-02 07:00:00,59.17,60.1,59.17,59.97,733000,VCB
2024-02-05 07:00:00,59.9,60.17,59.37,59.77,1949000,VCB
2024-02-06 07:00:00,59.97,60.17,59.17,59.44,1352300,VCB
2024-02-07 07:00:00,59.77,60.3,59.3,59.77,1371400,VCB
2024-02-15 07:00:00,59.77,60.23,59.17,59.7,1046700,VCB
2024-02-16 07:00:00,59.7,59.9,59.44,59.5,734100,VCB
2024-02-19 07:00:00,59.7,60.1,59.3,59.9,1045300,VCB
2024-02-20 07:00:00,59.83,60.7,59.37,60.63,1404300,VCB
2024-02-21 07:00:00,60.9,60.9,60.1,60.56,1367400,VCB
2024-02-22 07:00:00,60.17,60.43,59.44,59.44,1223900,VCB
2024-02-23 07:00:00,59.44,60.7,59.04,59.04,1800900,VCB
2024-02-26 07:00:00,59.04,59.77,59.04,59.44,722000,VCB
2024-02-27 07:00:00,59.5,60.56,59.17,60.5,1604900,VCB
2024-02-28 07:00:00,60.43,64.68,60.03,64.68,4219900,VCB
2024-02-29 07:00:00,65.41,66.74,64.62,64.62,1897000,VCB
2024-03-01 07:00:00,65.21,65.21,63.02,64.62,2379600,VCB
2024-03-04 07:00:00,65.08,65.08,63.49,63.75,1640400,VCB
2024-03-05 07:00:00,64.15,64.15,63.22,63.42,1364800,VCB
2024-03-06 07:00:00,63.42,64.28,63.15,63.49,2070600,VCB
2024-03-07 07:00:00,63.69,64.68,63.42,63.62,2362300,VCB
2024-03-08 07:00:00,63.69,64.08,63.15,63.15,2229600,VCB
2024-03-11 07:00:00,63.15,63.75,62.49,62.49,1840000,VCB
2024-03-12 07:00:00,62.49,63.02,62.42,62.69,1107000,VCB
2024-03-13 07:00:00,63.02,64.08,62.62,63.75,3124500,VCB
2024-03-14 07:00:00,63.75,63.82,62.82,63.09,2319300,VCB
2024-03-15 07:00:00,63.09,63.09,62.36,62.42,2302500,VCB
2024-03-18 07:00:00,62.62,62.76,61.43,61.76,1839300,VCB
2024-03-19 07:00:00,61.43,62.09,61.43,61.43,868500,VCB
2024-03-20 07:00:00,61.43,62.49,61.43,61.89,897700,VCB
2024-03-21 07:00:00,62.42,63.42,62.42,63.22,1452700,VCB
2024-03-22 07:00:00,63.22,64.28,63.22,64.02,1844100,VCB
2024-03-25 07:00:00,63.09,64.35,62.49,63.55,1368800,VCB
2024-03-26 07:00:00,63.75,64.15,63.62,63.95,735400,VCB
2024-03-27 07:00:00,63.88,63.88,63.49,63.62,1046200,VCB
2024-03-28 07:00:00,63.88,64.02,63.49,63.55,1232800,VCB
2024-03-29 07:00:00,63.69,63.69,63.02,63.02,801200,VCB
2024-04-01 07:00:00,63.02,63.75,62.89,63.22,1221000,VCB
2024-04-02 07:00:00,63.15,63.22,62.36,62.76,969000,VCB
2024-04-03 07:00:00,62.69,62.96,62.29,62.29,1321100,VCB
2024-04-04 07:00:00,63.02,63.75,62.69,63.75,2022700,VCB
2024-04-05 07:00:00,62.96,63.49,62.56,63.02,779200,VCB
2024-04-08 07:00:00,63.02,63.29,62.56,63.02,864100,VCB
2024-04-09 07:00:00,63.09,63.35,62.56,62.62,686800,VCB
2024-04-10 07:00:00,62.62,62.82,62.49,62.76,737400,VCB
2024-04-11 07:00:00,62.42,62.82,62.09,62.42,778000,VCB
2024-04-12 07:00:00,62.76,63.42,62.29,62.82,844800,VCB
2024-04-15 07:00:00,62.82,64.08,61.1,61.1,1900300,VCB
2024-04-16 07:00:00,62.29,62.29,60.1,60.43,1857700,VCB
2024-04-17 07:00:00,60.56,61.16,59.44,60.1,1452600,VCB
2024-04-19 07:00:00,59.77,60.37,59.57,60.1,1324800,VCB
2024-04-22 07:00:00,60.1,60.7,59.9,60.17,999100,VCB
2024-04-23 07:00:00,60.17,60.56,59.24,59.83,1562900,VCB
2024-04-24 07:00:00,60.43,60.5,59.83,60.17,1925200,VCB
2024-04-25 07:00:00,60.17,61.69,60.1,60.43,1235700,VCB
2024-04-26 07:00:00,60.9,61.96,60.56,60.56,1698300,VCB
2024-05-02 07:00:00,61.16,61.43,60.5,61.03,932400,VCB
2024-05-03 07:00:00,61.36,62.03,60.96,61.43,1470700,VCB
2024-05-06 07:00:00,61.69,61.96,61.56,61.76,1147200,VCB
2024-05-07 07:00:00,62.03,62.49,61.69,61.69,1154200,VCB
2024-05-08 07:00:00,61.56,61.89,61.16,61.76,1246000,VCB
2024-05-09 07:00:00,61.69,62.03,61.29,61.43,606600,VCB
2024-05-10 07:00:00,61.56,61.56,60.9,61.1,823400,VCB
2024-05-13 07:00:00,61.16,61.36,60.1,60.43,1232600,VCB
2024-05-14 07:00:00,60.5,60.83,60.1,60.17,818400,VCB
2024-05-15 07:00:00,60.43,60.63,60.3,60.43,883100,VCB
2024-05-16 07:00:00,61.1,61.56,60.76,61.49,1713900,VCB
2024-05-17 07:00:00,61.49,61.49,60.9,60.96,1084700,VCB
2024-05-20 07:00:00,61.29,61.76,60.96,61.03,1043800,VCB
2024-05-21 07:00:00,61.03,61.1,60.23,60.5,1486400,VCB
2024-05-22 07:00:00,60.76,60.9,60.23,60.23,1347700,VCB
2024-05-23 07:00:00,60.23,60.76,60.1,60.43,1317500,VCB
2024-05-24 07:00:00,60.43,60.43,59.77,59.9,2241500,VCB
2024-05-27 07:00:00,60.03,60.17,59.57,59.9,1058500,VCB
2024-05-28 07:00:00,59.63,60.23,59.63,60.23,1350100,VCB
2024-05-29 07:00:00,60.3,60.43,59.63,59.63,1186300,VCB
2024-05-30 07:00:00,59.44,59.57,58.77,58.84,2356000,VCB
2024-05-31 07:00:00,58.9,59.1,57.91,57.91,3921500,VCB
2024-06-03 07:00:00,58.44,59.3,58.44,58.57,2108600,VCB
2024-06-04 07:00:00,59.04,59.24,58.64,58.9,1814600,VCB
2024-06-05 07:00:00,58.9,59.44,58.84,58.97,1882800,VCB
2024-06-06 07:00:00,59.04,59.57,58.97,59.1,1699700,VCB
2024-06-07 07:00:00,59.17,59.57,58.77,58.77,1129500,VCB
2024-06-10 07:00:00,59.04,59.24,58.37,58.44,2641600,VCB
2024-06-11 07:00:00,58.64,58.7,57.84,57.91,2252400,VCB
2024-06-12 07:00:00,58.04,59.24,57.78,58.9,2249800,VCB
2024-06-13 07:00:00,59.04,59.17,58.7,58.7,1600400,VCB
2024-06-14 07:00:00,58.77,59.17,58.11,58.11,2482100,VCB
2024-06-17 07:00:00,58.17,58.31,57.84,57.84,2293700,VCB
2024-06-18 07:00:00,58.11,58.77,57.84,57.84,1370900,VCB
2024-06-19 07:00:00,57.97,58.11,57.44,57.51,2174300,VCB
2024-06-20 07:00:00,57.51,57.51,56.85,57.11,2648800,VCB
2024-06-21 07:00:00,57.18,57.58,56.78,57.11,1808400,VCB
2024-06-24 07:00:00,57.11,58.04,56.78,56.78,2149800,VCB
2024-06-25 07:00:00,56.91,57.58,56.78,56.78,1565900,VCB
2024-06-26 07:00:00,57.04,57.31,56.58,56.58,1706900,VCB
2024-06-27 07:00:00,56.58,57.11,56.58,56.58,1423000,VCB
2024-06-28 07:00:00,57.11,57.11,56.45,56.58,1112400,VCB
2024-07-01 07:00:00,56.98,57.24,56.58,57.18,1179200,VCB
2024-07-02 07:00:00,57.58,58.97,57.24,58.57,2425200,VCB
2024-07-03 07:00:00,58.44,58.9,58.31,58.77,2250700,VCB
2024-07-04 07:00:00,58.84,59.57,58.44,58.44,3060300,VCB
2024-07-05 07:00:00,58.51,59.24,58.44,58.44,1847400,VCB
2024-07-08 07:00:00,58.44,58.9,57.91,57.91,1143800,VCB
2024-07-09 07:00:00,58.11,58.7,57.58,58.51,1549000,VCB
2024-07-10 07:00:00,58.64,59.24,58.44,58.84,1722900,VCB
2024-07-11 07:00:00,58.84,59.04,58.51,58.51,1445100,VCB
2024-07-12 07:00:00,58.57,58.84,58.17,58.17,1373400,VCB
2024-07-15 07:00:00,58.17,58.64,58.11,58.11,1172000,VCB
2024-07-16 07:00:00,58.17,58.84,58.17,58.37,1534100,VCB
2024-07-17 07:00:00,58.97,59.77,58.11,58.44,3362500,VCB
2024-07-18 07:00:00,58.64,58.97,58.37,58.44,1651700,VCB
2024-07-19 07:00:00,58.44,58.97,58.11,58.11,1323100,VCB
2024-07-22 07:00:00,58.11,58.64,57.97,58.24,1461100,VCB
2024-07-23 07:00:00,58.31,58.64,58.11,58.11,1410400,VCB
2024-07-24 07:00:00,58.04,58.51,58.04,58.11,1476700,VCB
2024-07-25 07:00:00,58.17,58.24,57.91,57.97,881000,VCB
2024-07-26 07:00:00,57.97,58.24,57.91,57.97,903300,VCB
2024-07-29 07:00:00,58.17,58.31,57.97,57.97,452800,VCB
2024-07-30 07:00:00,57.97,58.64,57.97,58.11,977800,VCB
2024-07-31 07:00:00,58.11,59.24,58.11,59.24,1863400,VCB
2024-08-01 07:00:00,59.3,60.7,59.24,60.23,4800600,VCB
2024-08-02 07:00:00,60.03,60.03,58.9,58.9,1511400,VCB
2024-08-05 07:00:00,58.77,58.77,57.71,57.71,3059700,VCB
2024-08-06 07:00:00,57.71,58.24,57.58,57.97,1653100,VCB
2024-08-07 07:00:00,58.04,58.24,57.78,58.24,713000,VCB
2024-08-08 07:00:00,58.24,58.24,57.91,57.97,961200,VCB
2024-08-09 07:00:00,58.04,58.64,58.04,58.24,1136700,VCB
2024-08-12 07:00:00,58.7,58.7,57.97,58.31,1060300,VCB
2024-08-13 07:00:00,58.17,59.44,58.17,59.44,1592900,VCB
2024-08-14 07:00:00,59.3,59.37,58.31,58.44,1492800,VCB
2024-08-15 07:00:00,58.44,58.97,58.17,58.17,921000,VCB
2024-08-16 07:00:00,58.44,59.04,58.44,58.51,1370400,VCB
2024-08-19 07:00:00,58.97,59.3,58.64,58.97,1655200,VCB
2024-08-20 07:00:00,59.04,60.3,59.04,60.3,3384300,VCB
2024-08-21 07:00:00,60.3,61.76,60.03,61.63,2745300,VCB
2024-08-22 07:00:00,61.69,61.89,61.16,61.36,1413500,VCB
2024-08-23 07:00:00,61.43,61.63,60.1,61.36,1075500,VCB
2024-08-26 07:00:00,61.16,61.49,60.83,61.1,1565800,VCB
2024-08-27 07:00:00,61.1,61.16,60.37,60.76,900600,VCB
2024-08-28 07:00:00,60.9,61.03,60.5,60.5,1031600,VCB
2024-08-29 07:00:00,60.43,61.36,60.43,60.76,1496300,VCB
2024-08-30 07:00:00,60.76,61.29,60.76,60.9,1669800,VCB
2024-09-04 07:00:00,60.5,60.5,59.97,60.43,1012700,VCB
2024-09-05 07:00:00,60.17,60.5,59.83,59.83,1184100,VCB
2024-09-06 07:00:00,59.9,60.3,59.63,59.9,784800,VCB
2024-09-09 07:00:00,59.83,59.9,59.24,59.9,702800,VCB
2024-09-10 07:00:00,59.83,59.9,59.1,59.1,1192200,VCB
2024-09-11 07:00:00,58.84,59.1,58.44,58.7,1027300,VCB
2024-09-12 07:00:00,58.77,59.83,58.7,59.44,1609600,VCB
2024-09-13 07:00:00,59.63,59.9,59.17,59.7,1624800,VCB
2024-09-16 07:00:00,59.5,59.77,58.97,59.04,727700,VCB
2024-09-17 07:00:00,59.1,60.1,58.84,60.1,970800,VCB
2024-09-18 07:00:00,60.17,61.03,59.57,60.43,1721200,VCB
2024-09-19 07:00:00,60.43,60.9,60.37,60.76,1345500,VCB
2024-09-20 07:00:00,60.96,61.1,60.17,60.17,2180400,VCB
2024-09-23 07:00:00,60.63,60.83,60.37,60.37,696500,VCB
2024-09-24 07:00:00,60.37,60.76,60.37,60.56,522400,VCB
2024-09-25 07:00:00,60.76,61.76,60.56,61.63,2602400,VCB
2024-09-26 07:00:00,61.69,62.29,61.43,61.43,1816800,VCB
2024-09-27 07:00:00,61.43,62.16,61.43,61.43,1070900,VCB
2024-09-30 07:00:00,61.43,61.43,61.1,61.1,1276900,VCB
2024-10-01 07:00:00,61.29,62.03,61.1,61.1,1724400,VCB
2024-10-02 07:00:00,61.29,61.56,60.96,61.56,1378900,VCB
2024-10-03 07:00:00,61.49,62.36,61.36,61.49,1699200,VCB
2024-10-04 07:00:00,61.43,61.63,61.29,61.29,859700,VCB
2024-10-07 07:00:00,61.29,61.43,60.96,61.1,610700,VCB
2024-10-08 07:00:00,61.1,61.1,60.43,60.76,1123100,VCB
2024-10-09 07:00:00,60.63,60.96,60.37,60.43,2175700,VCB
2024-10-10 07:00:00,61.29,61.76,60.56,61.03,1325200,VCB
2024-10-11 07:00:00,61.03,61.03,60.56,60.76,1083500,VCB
2024-10-14 07:00:00,61.23,61.23,60.63,60.7,930700,VCB
2024-10-15 07:00:00,60.63,61.16,60.63,60.7,1430600,VCB
2024-10-16 07:00:00,60.7,60.96,60.63,60.76,1293000,VCB
2024-10-17 07:00:00,61.1,61.29,60.9,61.23,1285400,VCB
2024-10-18 07:00:00,61.56,61.83,61.1,61.36,1162700,VCB
2024-10-21 07:00:00,61.43,61.96,61.1,61.1,1423100,VCB
2024-10-22 07:00:00,61.1,61.23,60.7,60.7,1259500,VCB
2024-10-23 07:00:00,60.56,60.96,60.56,60.76,749300,VCB
2024-10-24 07:00:00,61.23,61.29,60.7,60.9,755400,VCB
2024-10-25 07:00:00,61.16,61.29,60.9,60.96,996300,VCB
2024-10-28 07:00:00,60.76,61.29,60.76,61.1,1105800,VCB
2024-10-29 07:00:00,61.16,61.49,61.1,61.1,1297600,VCB
2024-10-30 07:00:00,61.1,61.36,60.83,60.9,626500,VCB
2024-10-31 07:00:00,60.76,63.09,60.76,62.16,2888900,VCB
2024-11-01 07:00:00,62.42,63.02,62.09,62.09,1729900,VCB
2024-11-04 07:00:00,62.42,63.29,61.36,61.43,1853600,VCB
2024-11-05 07:00:00,61.49,61.76,61.1,61.49,1082700,VCB
2024-11-06 07:00:00,61.63,62.03,61.63,61.69,1416800,VCB
2024-11-07 07:00:00,61.89,62.36,61.89,61.89,1418900,VCB
2024-11-08 07:00:00,62.09,62.36,61.23,61.23,1380000,VCB
2024-11-11 07:00:00,61.63,61.63,61.03,61.1,1873400,VCB
2024-11-12 07:00:00,61.1,61.89,61.03,61.03,1336300,VCB
2024-11-13 07:00:00,61.03,61.69,61.03,61.43,1331800,VCB
2024-11-14 07:00:00,61.1,61.43,61.03,61.1,1719700,VCB
2024-11-15 07:00:00,61.1,61.43,60.83,60.9,1508600,VCB
2024-11-18 07:00:00,60.9,61.29,60.37,60.43,1874900,VCB
2024-11-19 07:00:00,60.76,60.83,59.77,59.77,1577000,VCB
2024-11-20 07:00:00,59.77,60.56,59.7,59.97,1640700,VCB
2024-11-21 07:00:00,60.03,60.63,59.9,60.1,1461100,VCB
2024-11-22 07:00:00,60.43,60.63,60.17,60.17,1729700,VCB
2024-11-25 07:00:00,60.37,61.23,60.37,60.63,1814000,VCB
2024-11-26 07:00:00,60.7,61.69,60.7,61.36,1759900,VCB
2024-11-27 07:00:00,61.29,61.89,61.29,61.56,1047200,VCB
2024-11-28 07:00:00,61.83,62.09,61.43,61.49,1289900,VCB
2024-11-29 07:00:00,61.49,61.96,61.43,61.96,1010500,VCB
2024-12-02 07:00:00,63.02,63.15,62.36,62.56,1573100,VCB
2024-12-03 07:00:00,62.69,62.69,61.49,61.76,2445800,VCB
2024-12-04 07:00:00,61.63,62.36,61.43,62.09,1204400,VCB
2024-12-05 07:00:00,61.76,62.82,61.76,62.42,2333000,VCB
2024-12-06 07:00:00,62.42,63.29,62.36,62.56,1700100,VCB
2024-12-09 07:00:00,62.56,63.29,62.36,63.29,1957500,VCB
2024-12-10 07:00:00,63.29,63.29,62.76,62.76,912700,VCB
2024-12-11 07:00:00,62.76,62.96,61.89,61.96,1609700,VCB
2024-12-12 07:00:00,62.09,62.69,62.09,62.09,671500,VCB
2024-12-13 07:00:00,61.89,62.16,61.69,61.83,1227700,VCB
2024-12-16 07:00:00,61.76,61.89,61.69,61.83,1121800,VCB
2024-12-17 07:00:00,61.76,61.83,61.63,61.76,1048100,VCB
2024-12-18 07:00:00,61.76,61.96,61.76,61.83,530300,VCB
2024-12-19 07:00:00,61.63,61.63,61.23,61.36,1869700,VCB
2024-12-20 07:00:00,61.36,61.69,61.29,61.43,1245900,VCB
2024-12-23 07:00:00,61.49,61.63,61.36,61.36,707200,VCB
2024-12-24 07:00:00,61.56,61.63,61.1,61.16,1024300,VCB
2024-12-25 07:00:00,61.23,62.29,61.23,61.36,1827700,VCB
2024-12-26 07:00:00,61.43,61.63,61.1,61.16,2202900,VCB
2024-12-27 07:00:00,61.43,61.76,61.23,61.23,1639900,VCB
2024-12-30 07:00:00,61.23,61.43,61.1,61.1,1706700,VCB
2024-12-31 07:00:00,61.23,61.36,60.56,60.56,2374000,VCB
2025-01-02 07:00:00,60.83,61.43,60.76,61.03,1630500,VCB
2025-01-03 07:00:00,61.03,61.36,61.03,61.1,1402200,VCB
2025-01-06 07:00:00,61.1,62.03,61.03,61.69,1936800,VCB
2025-01-07 07:00:00,61.89,61.89,61.29,61.29,1252400,VCB
2025-01-08 07:00:00,61.29,61.36,60.76,61.36,1052000,VCB
2025-01-09 07:00:00,61.1,61.23,60.9,61.03,738300,VCB
2025-01-10 07:00:00,61.03,61.36,60.7,60.7,1112500,VCB
2025-01-13 07:00:00,60.63,61.03,60.5,61.03,937600,VCB
2025-01-14 07:00:00,61.03,61.03,60.56,60.9,677300,VCB
2025-01-15 07:00:00,61.03,61.03,60.7,60.7,445300,VCB
2025-01-16 07:00:00,61.03,61.89,60.96,61.56,2460200,VCB
2025-01-17 07:00:00,61.56,61.76,61.23,61.43,1122600,VCB
2025-01-20 07:00:00,61.29,61.43,60.83,60.9,1761500,VCB
2025-01-21 07:00:00,61.16,61.16,60.63,60.7,1264900,VCB
2025-01-22 07:00:00,61.1,61.1,60.56,60.56,979100,VCB
2025-01-23 07:00:00,60.63,61.69,60.63,61.43,1685100,VCB
2025-01-24 07:00:00,61.16,61.76,61.16,61.49,944000,VCB
2025-02-03 07:00:00,61.29,61.36,60.83,60.83,1435800,VCB
2025-02-04 07:00:00,61.16,61.23,60.9,61.1,855200,VCB
2025-02-05 07:00:00,61.1,61.63,61.1,61.49,1345800,VCB
2025-02-06 07:00:00,61.63,62.03,61.56,61.69,1351600,VCB
2025-02-07 07:00:00,61.69,61.89,61.43,61.76,2260900,VCB
2025-02-10 07:00:00,61.69,61.69,61.03,61.23,2298100,VCB
2025-02-11 07:00:00,61.23,61.29,60.9,61.03,1039400,VCB
2025-02-12 07:00:00,61.03,61.43,60.76,60.76,1054100,VCB
2025-02-13 07:00:00,61.03,61.03,60.7,60.83,862300,VCB
2025-02-14 07:00:00,61.23,61.23,60.76,60.83,947800,VCB
2025-02-17 07:00:00,60.76,61.1,60.76,60.83,787100,VCB
2025-02-18 07:00:00,60.83,61.1,60.7,60.83,1065500,VCB
2025-02-19 07:00:00,60.83,60.9,60.63,60.9,1509500,VCB
2025-02-20 07:00:00,61.23,61.29,60.9,60.9,1636600,VCB
2025-02-21 07:00:00,61.16,61.83,61.16,61.83,2513400,VCB
2025-02-24 07:00:00,61.96,62.09,61.56,62.09,1956000,VCB
2025-02-25 07:00:00,62.09,62.16,61.43,61.49,1926600,VCB
2025-02-26 07:00:00,61.49,61.69,61.23,61.29,769200,VCB
2025-02-27 07:00:00,63.02,63.35,62.42,62.42,5028800,VCB
2025-02-28 07:00:00,62.56,62.56,61.96,61.96,2070800,VCB
2025-03-03 07:00:00,62.09,62.09,61.76,61.96,1251000,VCB
2025-03-04 07:00:00,61.89,62.03,61.56,61.76,2498900,VCB
2025-03-05 07:00:00,61.76,62.29,61.76,61.76,1820200,VCB
2025-03-06 07:00:00,62.09,62.56,61.89,62.09,2357600,VCB
2025-03-07 07:00:00,62.16,63.29,62.09,63.15,3999500,VCB
2025-03-10 07:00:00,64.02,64.68,63.82,64.28,4428800,VCB
2025-03-11 07:00:00,63.75,64.28,63.49,64.28,3640200,VCB
2025-03-12 07:00:00,65.57,68.16,65.18,66.27,7560300,VCB
2025-03-13 07:00:00,66.77,66.77,64.78,65.08,4496300,VCB
2025-03-14 07:00:00,64.98,66.37,64.98,65.57,4920600,VCB
2025-03-17 07:00:00,65.57,66.87,65.57,66.87,4940800,VCB
2025-03-18 07:00:00,67.36,67.36,66.37,66.37,3656000,VCB
2025-03-19 07:00:00,66.77,66.77,66.07,66.07,3674000,VCB
2025-03-20 07:00:00,66.07,66.57,65.77,66.37,1688900,VCB
2025-03-21 07:00:00,66.57,66.57,65.57,65.57,1701500,VCB
2025-03-24 07:00:00,65.87,66.07,65.08,66.07,1977600,VCB
2025-03-25 07:00:00,66.07,66.17,65.77,65.77,2028100,VCB
2025-03-26 07:00:00,65.97,66.17,65.38,65.38,1507400,VCB
2025-03-27 07:00:00,65.38,65.48,65.08,65.08,901500,VCB
2025-03-28 07:00:00,65.08,65.28,64.38,64.38,1650600,VCB
2025-03-31 07:00:00,64.28,64.78,63.59,63.59,1771900,VCB
2025-04-01 07:00:00,64.28,64.88,63.59,64.08,1715200,VCB
2025-04-02 07:00:00,64.58,65.57,64.18,64.38,2330700,VCB
2025-04-03 07:00:00,63.59,63.99,59.91,59.91,9806100,VCB
2025-04-04 07:00:00,56.33,59.61,55.84,59.61,11887700,VCB
2025-04-08 07:00:00,59.41,59.41,55.44,55.44,7181200,VCB
2025-04-09 07:00:00,51.67,59.32,51.67,52.16,8995800,VCB
2025-04-10 07:00:00,55.74,55.74,55.74,55.74,174400,VCB
2025-04-11 07:00:00,59.41,59.51,57.63,59.41,8059500,VCB
2025-04-14 07:00:00,59.61,59.61,58.32,58.92,3619500,VCB
2025-04-15 07:00:00,58.72,60.51,57.92,59.61,5633100,VCB
2025-04-16 07:00:00,59.32,59.91,58.62,58.92,2625800,VCB
2025-04-17 07:00:00,58.92,58.92,57.73,57.73,3151800,VCB
2025-04-18 07:00:00,58.32,59.22,57.73,57.73,2165400,VCB
2025-04-21 07:00:00,58.12,58.52,57.73,57.83,1290500,VCB
2025-04-22 07:00:00,57.73,58.42,54.35,58.12,3850700,VCB
2025-04-23 07:00:00,59.02,59.02,57.63,57.63,1928700,VCB
2025-04-24 07:00:00,57.83,58.22,57.63,57.83,1861200,VCB
2025-04-25 07:00:00,57.83,58.62,57.13,57.13,3682000,VCB
2025-04-28 07:00:00,57.33,57.92,57.13,57.13,1654600,VCB
2025-04-29 07:00:00,57.33,58.12,56.93,56.93,2432200,VCB
2025-05-05 07:00:00,57.13,57.63,56.63,56.73,2101500,VCB
2025-05-06 07:00:00,56.93,57.63,56.63,56.63,2992900,VCB
2025-05-07 07:00:00,56.73,57.13,56.63,56.63,2415400,VCB
2025-05-08 07:00:00,57.03,57.33,56.53,56.73,3022300,VCB
2025-05-09 07:00:00,56.93,57.23,56.24,56.24,5827400,VCB
2025-05-12 07:00:00,56.63,56.93,55.84,56.24,5992500,VCB
2025-05-13 07:00:00,56.73,56.93,56.24,56.43,7392600,VCB
2025-05-14 07:00:00,56.83,58.42,56.83,58.32,8014200,VCB
2025-05-15 07:00:00,58.92,59.41,58.32,58.32,8070600,VCB
2025-05-16 07:00:00,58.42,58.62,57.13,57.13,8364800,VCB
2025-05-19 07:00:00,57.03,57.23,56.63,56.63,4784400,VCB
2025-05-20 07:00:00,56.63,57.03,56.43,56.73,3867000,VCB
2025-05-21 07:00:00,57.13,57.53,56.63,56.73,5161800,VCB
2025-05-22 07:00:00,56.73,57.03,56.53,56.53,3694300,VCB
2025-05-23 07:00:00,56.53,57.13,56.33,56.43,3546500,VCB
2025-05-26 07:00:00,56.53,56.63,55.64,56.63,4728300,VCB
2025-05-27 07:00:00,56.43,56.83,56.33,56.43,5548900,VCB
2025-05-28 07:00:00,56.73,57.23,56.43,56.43,4950200,VCB
2025-05-29 07:00:00,56.83,56.83,56.33,56.33,3904500,VCB
2025-05-30 07:00:00,56.43,56.53,56.04,56.04,3934000,VCB
2025-06-02 07:00:00,56.14,56.14,55.74,55.84,3225700,VCB
2025-06-03 07:00:00,56.33,56.53,56.04,56.43,3364000,VCB
2025-06-04 07:00:00,56.53,56.63,56.14,56.24,2690500,VCB
2025-06-05 07:00:00,56.33,56.43,55.94,55.94,2783100,VCB
2025-06-06 07:00:00,55.94,56.24,55.74,55.74,2531900,VCB
2025-06-09 07:00:00,55.84,56.04,55.54,55.54,2223900,VCB
2025-06-10 07:00:00,55.64,55.84,55.54,55.54,2231400,VCB
2025-06-11 07:00:00,55.84,55.84,55.34,55.34,2295800,VCB
2025-06-12 07:00:00,55.64,55.74,55.34,55.64,2560800,VCB
2025-06-13 07:00:00,55.54,56.73,55.24,55.84,5364900,VCB
2025-06-16 07:00:00,55.84,56.33,55.84,56.24,4336600,VCB
2025-06-17 07:00:00,56.53,57.13,56.43,56.83,5159800,VCB
2025-06-18 07:00:00,56.83,56.93,56.14,56.33,3421100,VCB
2025-06-19 07:00:00,56.33,56.63,56.14,56.24,2368700,VCB
2025-06-20 07:00:00,56.33,56.83,56.14,56.73,6886500,VCB
2025-06-23 07:00:00,56.33,56.53,56.14,56.24,2480600,VCB
2025-06-24 07:00:00,56.53,56.73,56.24,56.24,3507600,VCB
2025-06-25 07:00:00,56.43,56.53,56.24,56.24,2739800,VCB
2025-06-26 07:00:00,56.33,56.43,56.04,56.04,2842900,VCB
2025-06-27 07:00:00,56.24,56.93,56.04,56.33,4082600,VCB
2025-06-30 07:00:00,56.63,56.83,56.53,56.63,2952200,VCB
2025-07-01 07:00:00,56.83,58.42,56.73,57.83,10049500,VCB
2025-07-02 07:00:00,57.92,58.22,57.33,57.63,2913600,VCB
2025-07-03 07:00:00,57.73,58.42,57.33,57.53,7395300,VCB
2025-07-04 07:00:00,57.53,58.42,57.43,58.02,4849800,VCB
2025-07-07 07:00:00,58.12,58.52,57.83,58.22,8056200,VCB
2025-07-08 07:00:00,58.42,59.12,58.22,58.62,10394500,VCB
2025-07-09 07:00:00,59.02,61.4,59.02,61.1,16449700,VCB
2025-07-10 07:00:00,61.4,61.4,60.61,61.0,8152900,VCB
2025-07-11 07:00:00,61.1,62.69,61.1,62.3,12701900,VCB
2025-07-14 07:00:00,62.49,62.49,60.61,62.0,6475000,VCB
2025-07-15 07:00:00,62.0,62.2,61.0,61.0,6315400,VCB
2025-07-16 07:00:00,61.0,61.7,60.71,61.4,7603200,VCB
2025-07-17 07:00:00,61.4,62.3,61.4,61.8,9992700,VCB
2025-07-18 07:00:00,61.9,62.2,61.4,61.5,6915300,VCB
2025-07-21 07:00:00,61.8,62.3,60.91,60.91,6138200,VCB
2025-07-22 07:00:00,60.91,61.8,60.51,61.8,4902600,VCB
2025-07-23 07:00:00,62.1,62.2,61.4,61.7,5087300,VCB
2025-07-24 07:00:00,61.8,63.09,61.5,61.7,8710200,VCB
2025-07-25 07:00:00,61.7,62.1,61.5,61.6,4978400,VCB
2025-07-28 07:00:00,61.8,62.59,61.7,62.4,10484700,VCB
2025-07-29 07:00:00,62.79,62.79,60.61,60.61,10595600,VCB
2025-07-30 07:00:00,60.61,61.5,60.01,60.51,7271000,VCB
2025-07-31 07:00:00,61.1,61.3,59.71,59.81,6066900,VCB
2025-08-01 07:00:00,59.91,60.21,59.32,59.81,4751600,VCB
2025-08-04 07:00:00,59.71,61.0,59.61,60.71,4462400,VCB
2025-08-05 07:00:00,61.1,63.29,60.81,61.1,18590000,VCB
2025-08-06 07:00:00,61.7,62.4,61.5,61.9,4677500,VCB
2025-08-07 07:00:00,62.49,62.49,60.91,61.3,9498700,VCB
2025-08-08 07:00:00,61.8,62.89,61.2,61.5,10679800,VCB
2025-08-11 07:00:00,61.7,62.79,61.7,62.1,7266300,VCB
2025-08-12 07:00:00,62.4,64.38,62.3,62.59,12129000,VCB
2025-08-13 07:00:00,63.09,63.19,61.6,62.1,7519800,VCB
2025-08-14 07:00:00,63.29,65.87,62.89,64.78,19003100,VCB
2025-08-15 07:00:00,66.97,67.07,63.79,63.89,16667800,VCB
2025-08-18 07:00:00,64.38,65.18,63.59,64.08,8297300,VCB
2025-08-19 07:00:00,64.08,64.98,63.79,63.79,9191400,VCB
2025-08-20 07:00:00,64.08,64.18,61.8,62.59,10537600,VCB
2025-08-21 07:00:00,62.89,64.58,62.89,63.79,9639300,VCB
2025-08-22 07:00:00,63.59,66.77,63.29,64.18,18944300,VCB
2025-08-25 07:00:00,65.38,65.38,62.99,63.19,7750800,VCB
2025-08-26 07:00:00,63.19,64.58,62.49,64.18,7988400,VCB
2025-08-27 07:00:00,64.58,68.65,64.58,68.65,31048100,VCB
2025-08-28 07:00:00,69.05,70.15,68.26,68.56,8799400,VCB
2025-08-29 07:00:00,68.75,69.65,68.06,68.16,14696100,VCB
2025-09-03 07:00:00,68.36,68.36,66.57,66.57,14216900,VCB
2025-09-04 07:00:00,67.07,68.56,66.47,68.46,8942100,VCB
2025-09-05 07:00:00,69.05,69.15,67.07,67.07,11047800,VCB
2025-09-08 07:00:00,66.67,67.07,64.88,64.88,11249800,VCB
2025-09-09 07:00:00,65.08,65.77,64.08,64.48,6192300,VCB
2025-09-10 07:00:00,65.18,65.57,64.38,65.38,5006400,VCB
2025-09-11 07:00:00,65.18,65.57,63.79,65.28,6349100,VCB
2025-09-12 07:00:00,65.77,65.77,64.58,65.38,5694200,VCB
2025-09-15 07:00:00,65.57,65.57,65.08,65.38,5367400,VCB
2025-09-16 07:00:00,65.57,66.17,65.18,65.18,6765400,VCB
2025-09-17 07:00:00,65.08,65.38,64.38,64.38,5627200,VCB
2025-09-18 07:00:00,64.48,64.48,63.19,63.49,8783400,VCB
2025-09-19 07:00:00,63.79,64.08,62.59,62.59,6932700,VCB
2025-09-22 07:00:00,62.59,62.79,61.4,61.6,6061300,VCB
2025-09-23 07:00:00,62.0,62.69,61.8,61.8,3267800,VCB
2025-09-24 07:00:00,62.0,62.3,61.4,62.3,3879200,VCB
2025-09-25 07:00:00,62.89,62.99,62.3,62.59,3870300,VCB
2025-09-26 07:00:00,62.79,62.99,62.49,62.59,3981900,VCB
2025-09-29 07:00:00,62.49,62.49,62.0,62.2,2782900,VCB
2025-09-30 07:00:00,62.4,62.49,61.4,61.6,4104100,VCB
2025-10-01 07:00:00,62.3,62.3,61.6,62.0,3022000,VCB
2025-10-02 07:00:00,62.0,62.69,61.7,61.7,3657500,VCB
2025-10-03 07:00:00,62.0,62.0,61.4,61.7,2821100,VCB
2025-10-06 07:00:00,62.8,64.0,62.8,64.0,7461700,VCB
2025-10-07 07:00:00,64.1,64.1,63.3,63.7,4229300,VCB
2025-10-08 07:00:00,64.2,64.9,63.6,64.6,8113800,VCB
2025-10-09 07:00:00,64.5,65.2,63.8,63.8,5734200,VCB
2025-10-10 07:00:00,63.9,64.4,63.6,64.2,4985600,VCB
2025-10-13 07:00:00,63.4,63.8,62.8,63.1,7992500,VCB
2025-10-14 07:00:00,63.5,64.0,62.9,63.1,7008900,VCB
2025-10-15 07:00:00,63.1,63.4,62.5,62.5,5218800,VCB
2025-10-16 07:00:00,62.7,63.0,62.5,62.9,4634400,VCB
2025-10-17 07:00:00,62.9,62.9,61.8,61.9,5405900,VCB
2025-10-20 07:00:00,61.8,62.2,58.6,59.4,12115600,VCB
2025-10-21 07:00:00,59.7,60.7,59.3,59.3,8416700,VCB
2025-10-22 07:00:00,60.1,60.2,58.5,59.6,4664800,VCB
2025-10-23 07:00:00,58.9,60.3,58.9,59.8,4227100,VCB
2025-10-24 07:00:00,59.8,59.9,58.8,59.5,4372700,VCB
2025-10-27 07:00:00,60.0,60.0,59.2,59.2,2640000,VCB
2025-10-28 07:00:00,59.2,60.2,59.1,60.0,2789700,VCB
2025-10-29 07:00:00,60.0,61.0,59.8,60.7,3716000,VCB
2025-10-30 07:00:00,61.0,61.2,60.3,60.6,1946600,VCB
2025-10-31 07:00:00,60.8,60.8,59.6,59.6,2117800,VCB
2025-11-03 07:00:00,60.0,60.3,59.3,59.3,2800100,VCB
2025-11-04 07:00:00,59.2,60.4,59.1,60.1,2952400,VCB
2025-11-05 07:00:00,60.0,61.1,59.9,60.8,4601700,VCB
2025-11-06 07:00:00,60.9,61.3,60.2,60.3,2821200,VCB
2025-11-07 07:00:00,60.0,60.0,59.0,59.3,3586300,VCB
2025-11-10 07:00:00,59.4,59.7,58.8,58.8,2316500,VCB
2025-11-11 07:00:00,59.1,59.6,58.8,58.9,2540900,VCB
2025-11-12 07:00:00,59.1,59.7,59.0,59.5,2012700,VCB
2025-11-13 07:00:00,59.5,60.0,59.2,59.8,2113500,VCB
2025-11-14 07:00:00,59.8,60.4,59.4,60.0,2069600,VCB
2025-11-17 07:00:00,60.0,60.4,59.9,60.2,1585600,VCB
2025-11-18 07:00:00,60.4,60.4,59.8,59.9,2158800,VCB
2025-11-19 07:00:00,59.9,60.1,59.3,59.4,2896200,VCB
2025-11-20 07:00:00,59.6,59.7,59.2,59.4,2259400,VCB
2025-11-21 07:00:00,59.1,59.2,58.7,59.0,3452400,VCB
2025-11-24 07:00:00,59.0,59.3,58.7,58.8,2025600,VCB
2025-11-25 07:00:00,58.9,59.0,58.2,58.2,2755000,VCB
2025-11-26 07:00:00,58.5,58.6,57.8,58.1,5371200,VCB
2025-11-27 07:00:00,58.2,58.5,57.9,57.9,3113500,VCB
2025-11-28 07:00:00,58.0,58.1,57.4,57.4,3534300,VCB
2025-12-01 07:00:00,57.6,58.0,57.5,57.5,2824900,VCB
2025-12-02 07:00:00,57.5,57.8,57.2,57.6,3185600,VCB
2025-12-03 07:00:00,57.8,59.1,57.8,58.9,6161200,VCB
2025-12-04 07:00:00,59.0,59.4,58.7,58.9,2923100,VCB
2025-12-05 07:00:00,59.0,59.2,58.2,58.3,3604700,VCB
2025-12-08 07:00:00,58.2,58.3,57.8,57.9,2141500,VCB
2025-12-09 07:00:00,57.9,58.7,57.3,58.0,4519400,VCB
2025-12-10 07:00:00,58.3,58.6,57.8,58.2,3082500,VCB
2025-12-11 07:00:00,58.4,58.4,57.6,57.6,1746700,VCB
2025-12-12 07:00:00,57.8,57.8,56.8,56.8,4847700,VCB
2025-12-15 07:00:00,56.8,57.3,56.7,56.8,3203100,VCB
2025-12-16 07:00:00,56.9,57.4,56.0,56.9,6346800,VCB
2025-12-17 07:00:00,57.0,57.5,56.7,56.7,2331200,VCB
2025-12-18 07:00:00,57.2,57.5,56.7,56.8,3075800,VCB
2025-12-19 07:00:00,57.0,57.5,56.7,57.5,4265500,VCB
2025-12-22 07:00:00,57.7,58.0,57.3,57.8,2961200,VCB
2025-12-23 07:00:00,57.8,58.1,57.0,57.2,3147900,VCB
2025-12-24 07:00:00,57.3,57.3,56.9,57.0,4431500,VCB
2025-12-25 07:00:00,57.0,57.9,57.0,57.1,3968100,VCB
2025-12-26 07:00:00,57.1,57.4,56.6,57.1,3302500,VCB
2025-12-29 07:00:00,57.4,57.5,57.1,57.1,2099700,VCB
2025-12-30 07:00:00,57.3,58.1,57.2,57.3,2958000,VCB
2025-12-31 07:00:00,57.4,57.9,57.3,57.5,2530800,VCB
2026-01-05 07:00:00,57.5,57.6,57.0,57.1,3591800,VCB
2026-01-06 07:00:00,57.1,57.5,56.6,57.3,4173200,VCB
2026-01-07 07:00:00,57.6,59.9,57.5,59.6,12918300,VCB
2026-01-08 07:00:00,59.8,63.7,59.7,63.7,27104600,VCB
2026-01-09 07:00:00,65.4,68.0,65.4,68.0,32481400,VCB
2026-01-12 07:00:00,69.9,72.7,69.6,72.7,21973100,VCB
2026-01-13 07:00:00,74.3,76.0,71.8,74.0,28198200,VCB
2026-01-14 07:00:00,73.1,78.8,73.1,76.0,21213600,VCB
2026-01-15 07:00:00,74.0,74.9,71.9,71.9,23227200,VCB
2026-01-16 07:00:00,73.0,76.0,72.0,73.0,13426500,VCB
2026-01-19 07:00:00,73.0,73.5,71.6,72.7,8212000,VCB
2026-01-20 07:00:00,74.0,75.0,72.1,73.5,18491600,VCB
2026-01-21 07:00:00,72.8,73.6,71.7,72.8,11179000,VCB
2026-01-22 07:00:00,73.4,75.9,70.6,71.0,18577500,VCB
2026-01-23 07:00:00,71.0,71.0,68.5,68.6,16804700,VCB
2026-01-26 07:00:00,68.9,71.1,68.7,69.6,10990600,VCB
2026-01-27 07:00:00,69.7,71.5,68.1,70.6,9645200,VCB
2026-01-28 07:00:00,71.1,72.9,69.4,69.6,12283200,VCB
2026-01-29 07:00:00,69.3,70.8,68.6,69.8,7855400,VCB
2026-01-30 07:00:00,70.6,71.9,69.6,70.5,11480700,VCB
2026-02-02 07:00:00,70.5,71.5,69.3,71.5,10711000,VCB
2026-02-03 07:00:00,72.4,73.3,71.3,71.8,15094700,VCB
2026-02-04 07:00:00,72.0,72.0,70.5,70.8,8726700,VCB
2026-02-05 07:00:00,70.7,70.8,68.4,68.4,11688700,VCB
2026-02-06 07:00:00,67.9,67.9,64.9,65.1,24570400,VCB
2026-02-09 07:00:00,65.5,66.0,64.2,65.0,7308900,VCB
2026-02-10 07:00:00,64.5,65.5,62.6,63.1,15811100,VCB
2026-02-11 07:00:00,64.0,66.6,63.5,64.7,11121200,VCB
2026-02-12 07:00:00,65.5,65.5,64.2,64.2,7950400,VCB
2026-02-13 07:00:00,64.7,65.1,64.0,64.4,4951400,VCB
2026-02-23 07:00:00,65.0,66.7,64.6,66.4,10104200,VCB
2026-02-24 07:00:00,66.6,66.6,64.9,65.0,10246500,VCB
2026-02-25 07:00:00,65.0,66.5,64.7,65.1,9488800,VCB
2026-02-26 07:00:00,65.2,65.9,65.0,65.4,7561900,VCB
2026-02-27 07:00:00,65.5,66.4,64.8,64.9,8831200,VCB
2026-03-02 07:00:00,62.9,63.9,62.9,62.9,17105000,VCB
2026-03-03 07:00:00,62.9,63.7,61.4,61.6,12575400,VCB
2026-03-04 07:00:00,61.8,63.2,61.7,63.0,10259500,VCB
2026-03-05 07:00:00,63.7,63.7,62.5,62.5,6037000,VCB
2026-03-06 07:00:00,62.0,63.2,61.6,61.6,8854200,VCB
2026-03-09 07:00:00,57.4,59.7,57.3,57.3,29396000,VCB
2026-03-10 07:00:00,59.8,60.9,58.8,60.4,11524700,VCB
2026-03-11 07:00:00,60.5,61.2,60.0,60.4,8789200,VCB
2026-03-12 07:00:00,60.2,60.3,59.5,59.8,6217000,VCB
2026-03-13 07:00:00,59.2,60.1,58.9,59.0,5656900,VCB
2026-03-16 07:00:00,59.3,59.8,58.6,58.8,3985900,VCB
2026-03-17 07:00:00,59.5,60.5,59.4,60.5,7148800,VCB
2026-03-18 07:00:00,60.9,62.0,60.0,60.5,8225000,VCB
2026-03-19 07:00:00,59.7,60.0,59.0,59.8,6184000,VCB
2026-03-20 07:00:00,59.8,59.8,58.0,58.0,8322900,VCB
2026-03-23 07:00:00,57.8,58.3,56.5,57.6,9648600,VCB
2026-03-24 07:00:00,59.0,59.0,58.0,58.2,4332300,VCB
2026-03-25 07:00:00,58.8,59.1,58.0,58.4,8558200,VCB
2026-03-26 07:00:00,58.5,58.6,57.5,57.9,6217800,VCB
2026-03-27 07:00:00,58.0,59.0,57.9,58.8,6135900,VCB
2026-03-30 07:00:00,57.9,58.5,57.8,58.0,5546000,VCB
2026-03-31 07:00:00,58.2,58.9,58.0,58.1,5481100,VCB
2026-04-01 07:00:00,58.9,59.2,58.5,59.0,8254700,VCB
2026-04-02 07:00:00,58.7,58.8,58.1,58.2,5664500,VCB
2026-04-03 07:00:00,58.3,58.5,57.7,57.7,5919600,VCB
2026-04-06 07:00:00,57.8,58.2,57.7,58.0,4303300,VCB
2026-04-07 07:00:00,58.0,58.3,57.7,58.0,3889100,VCB
2026-04-08 07:00:00,59.2,60.3,58.8,60.2,13743100,VCB
2026-04-09 07:00:00,60.0,60.1,59.3,59.4,6217700,VCB
2026-04-10 07:00:00,59.6,61.0,59.6,59.8,7655400,VCB
2026-04-13 07:00:00,59.5,59.5,59.0,59.2,5088700,VCB
2026-04-14 07:00:00,59.7,59.8,59.1,59.3,5548100,VCB
2026-04-15 07:00:00,59.7,60.5,59.6,59.9,8919600,VCB
2026-04-16 07:00:00,60.0,60.1,59.3,59.4,4174500,VCB
2026-04-17 07:00:00,59.4,59.9,59.4,59.5,4257800,VCB
2026-04-20 07:00:00,59.6,60.5,59.5,60.1,6442900,VCB
2026-04-21 07:00:00,60.4,60.6,59.6,59.6,6379000,VCB
2026-04-22 07:00:00,59.6,59.8,59.2,59.4,3011000,VCB
2026-04-23 07:00:00,59.7,63.5,59.6,62.8,35200000,VCB
2026-04-24 07:00:00,63.0,63.0,60.6,60.6,11882500,VCB
2026-04-28 07:00:00,60.8,61.5,59.8,59.8,7596400,VCB
2026-04-29 07:00:00,59.9,60.5,59.5,59.8,6431000,VCB
2026-05-04 07:00:00,60.5,61.2,60.0,60.7,7506200,VCB
2026-05-05 07:00:00,60.6,60.7,59.8,59.8,3506200,VCB
2023-05-08 07:00:00,31.59,33.0,31.59,32.42,1130500,BID
2023-05-09 07:00:00,32.42,32.9,32.42,32.71,650900,BID
2023-05-10 07:00:00,32.86,32.86,32.28,32.64,595000,BID
2023-05-11 07:00:00,32.64,32.82,32.5,32.64,510500,BID
2023-05-12 07:00:00,32.64,32.71,32.32,32.64,428300,BID
2023-05-15 07:00:00,33.37,33.37,32.57,32.57,435500,BID
2023-05-16 07:00:00,32.71,32.71,32.46,32.64,429200,BID
2023-05-17 07:00:00,32.64,32.71,32.5,32.5,865900,BID
2023-05-18 07:00:00,32.57,32.61,32.28,32.39,514700,BID
2023-05-19 07:00:00,32.35,32.61,32.13,32.21,603200,BID
2023-05-22 07:00:00,32.21,32.61,32.21,32.21,607800,BID
2023-05-23 07:00:00,32.57,32.57,31.81,31.81,753500,BID
2023-05-24 07:00:00,31.92,31.92,31.55,31.55,767100,BID
2023-05-25 07:00:00,31.55,31.92,31.52,31.74,655400,BID
2023-05-26 07:00:00,31.99,31.99,31.48,31.48,544800,BID
2023-05-29 07:00:00,31.88,31.88,31.48,31.84,668100,BID
2023-05-30 07:00:00,31.92,31.92,31.63,31.77,800800,BID
2023-05-31 07:00:00,31.77,31.92,31.59,31.92,770800,BID
2023-06-01 07:00:00,31.92,31.92,31.66,31.84,617900,BID
2023-06-02 07:00:00,31.92,32.57,31.92,32.42,1202800,BID
2023-06-05 07:00:00,32.57,32.9,32.42,32.42,959100,BID
2023-06-06 07:00:00,32.64,32.64,32.13,32.5,846100,BID
2023-06-07 07:00:00,32.5,32.57,32.17,32.17,967700,BID
2023-06-08 07:00:00,32.21,32.28,31.7,31.7,1655400,BID
2023-06-09 07:00:00,31.77,31.95,31.26,31.52,1289600,BID
2023-06-12 07:00:00,31.63,31.66,31.19,31.66,1125600,BID
2023-06-13 07:00:00,31.7,32.28,31.66,32.17,1328300,BID
2023-06-14 07:00:00,32.35,32.42,31.92,31.92,1334800,BID
2023-06-15 07:00:00,31.84,32.06,31.7,31.81,823400,BID
2023-06-16 07:00:00,32.13,32.28,31.66,31.7,1441500,BID
2023-06-19 07:00:00,31.77,31.81,31.41,31.41,796000,BID
2023-06-20 07:00:00,31.52,31.55,31.3,31.55,812700,BID
2023-06-21 07:00:00,31.55,31.92,31.41,31.48,812800,BID
2023-06-22 07:00:00,31.7,31.95,31.48,31.88,1284000,BID
2023-06-23 07:00:00,31.84,32.61,31.7,32.13,1911900,BID
2023-06-26 07:00:00,32.28,32.53,31.84,32.13,1225100,BID
2023-06-27 07:00:00,31.99,32.24,31.92,32.13,793800,BID
2023-06-28 07:00:00,32.13,32.9,32.03,32.9,2337400,BID
2023-06-29 07:00:00,32.93,33.3,32.28,32.28,1582000,BID
2023-06-30 07:00:00,32.28,32.5,31.45,31.45,975000,BID
2023-07-03 07:00:00,31.84,32.28,31.7,32.28,1085400,BID
2023-07-04 07:00:00,32.21,32.32,31.74,31.92,1183300,BID
2023-07-05 07:00:00,32.06,32.46,31.95,32.17,1294400,BID
2023-07-06 07:00:00,32.06,32.39,31.63,31.88,1337000,BID
2023-07-07 07:00:00,31.7,32.13,31.7,32.13,880100,BID
2023-07-10 07:00:00,32.21,34.06,32.06,34.06,4620400,BID
2023-07-11 07:00:00,34.24,34.38,33.73,33.77,2620200,BID
2023-07-12 07:00:00,34.06,34.2,33.48,33.88,2332100,BID
2023-07-13 07:00:00,34.02,34.46,33.77,34.02,1884600,BID
2023-07-14 07:00:00,34.02,34.56,33.4,33.91,2606100,BID
2023-07-17 07:00:00,33.91,34.17,33.51,33.51,2231500,BID
2023-07-18 07:00:00,33.51,33.88,33.51,33.88,1667200,BID
2023-07-19 07:00:00,34.02,34.02,33.26,33.55,2329500,BID
2023-07-20 07:00:00,33.51,33.66,33.26,33.55,934600,BID
2023-07-21 07:00:00,33.55,33.91,33.44,33.91,1422100,BID
2023-07-24 07:00:00,34.02,34.53,33.95,33.95,1970000,BID
2023-07-25 07:00:00,33.91,34.24,33.88,34.2,1621600,BID
2023-07-26 07:00:00,34.2,34.85,34.2,34.35,2329100,BID
2023-07-27 07:00:00,34.31,34.38,33.84,33.88,1369700,BID
2023-07-28 07:00:00,33.88,34.31,33.66,33.88,1754600,BID
2023-07-31 07:00:00,34.09,34.42,33.88,34.24,1873000,BID
2023-08-01 07:00:00,34.49,35.91,34.24,34.96,3814100,BID
2023-08-02 07:00:00,34.96,35.76,34.93,35.62,2355600,BID
2023-08-03 07:00:00,35.62,35.65,35.11,35.22,2094400,BID
2023-08-04 07:00:00,35.18,35.47,34.96,35.11,2196000,BID
2023-08-07 07:00:00,35.33,35.87,35.14,35.43,2004700,BID
2023-08-08 07:00:00,35.47,35.87,35.22,35.29,2104900,BID
2023-08-09 07:00:00,35.29,35.4,34.85,34.96,1802300,BID
2023-08-10 07:00:00,34.96,35.11,33.73,33.73,2612100,BID
2023-08-11 07:00:00,33.73,34.02,33.08,33.88,2102400,BID
2023-08-14 07:00:00,34.09,34.56,33.84,34.53,2117100,BID
2023-08-15 07:00:00,34.38,34.53,33.98,34.09,1658000,BID
2023-08-16 07:00:00,34.06,34.53,34.02,34.46,1353700,BID
2023-08-17 07:00:00,34.46,34.6,34.17,34.17,1666000,BID
2023-08-18 07:00:00,34.17,34.17,31.99,32.06,2845400,BID
2023-08-21 07:00:00,32.35,33.98,32.28,33.08,1810000,BID
2023-08-22 07:00:00,32.57,33.33,32.28,33.22,1287500,BID
2023-08-23 07:00:00,33.51,33.51,32.93,33.15,1363100,BID
2023-08-24 07:00:00,33.15,33.44,32.9,33.22,1360100,BID
2023-08-25 07:00:00,33.22,33.22,32.68,32.79,1174700,BID
2023-08-28 07:00:00,32.9,33.3,32.86,32.93,740300,BID
2023-08-29 07:00:00,32.93,33.44,32.9,33.22,1359600,BID
2023-08-30 07:00:00,33.37,33.8,33.22,33.51,1123800,BID
2023-08-31 07:00:00,33.62,34.06,33.59,34.06,1668900,BID
2023-09-05 07:00:00,34.09,34.6,34.09,34.46,1362300,BID
2023-09-06 07:00:00,34.6,34.6,34.2,34.31,1178700,BID
2023-09-07 07:00:00,34.46,34.93,34.24,34.35,1172700,BID
2023-09-08 07:00:00,34.46,34.49,34.06,34.09,1600700,BID
2023-09-11 07:00:00,34.38,34.38,33.37,33.73,967200,BID
2023-09-12 07:00:00,33.91,34.09,33.66,34.09,991700,BID
2023-09-13 07:00:00,34.17,34.35,33.73,34.09,1201100,BID
2023-09-14 07:00:00,34.09,34.75,33.91,33.91,1873900,BID
2023-09-15 07:00:00,34.09,34.38,33.95,33.95,1054000,BID
2023-09-18 07:00:00,34.09,34.09,32.86,33.19,1446600,BID
2023-09-19 07:00:00,33.22,33.48,32.64,32.79,1189600,BID
2023-09-20 07:00:00,32.79,33.15,32.71,33.15,673300,BID
2023-09-21 07:00:00,33.15,33.4,32.71,32.79,915200,BID
2023-09-22 07:00:00,32.5,33.4,32.06,33.4,1822500,BID
2023-09-25 07:00:00,33.4,33.4,32.57,32.71,1038300,BID
2023-09-26 07:00:00,32.86,32.86,32.06,32.17,1121800,BID
2023-09-27 07:00:00,32.17,32.42,32.1,32.21,1079800,BID
2023-09-28 07:00:00,32.17,32.42,32.1,32.17,695600,BID
2023-09-29 07:00:00,32.21,32.46,32.06,32.17,542600,BID
2023-10-02 07:00:00,32.17,32.39,31.77,31.88,688100,BID
2023-10-03 07:00:00,31.66,31.74,30.14,30.14,1336300,BID
2023-10-04 07:00:00,29.74,31.16,29.74,30.83,892900,BID
2023-10-05 07:00:00,30.83,31.08,30.14,30.18,526100,BID
2023-10-06 07:00:00,30.18,30.83,29.89,30.61,555200,BID
2023-10-09 07:00:00,30.61,30.68,30.32,30.43,699800,BID
2023-10-10 07:00:00,30.61,30.83,30.39,30.5,876600,BID
2023-10-11 07:00:00,30.83,30.83,30.28,30.47,1117500,BID
2023-10-12 07:00:00,30.5,30.76,30.39,30.57,1015900,BID
2023-10-13 07:00:00,30.61,30.83,30.54,30.83,1027000,BID
2023-10-16 07:00:00,30.83,30.83,29.92,30.21,973400,BID
2023-10-17 07:00:00,30.39,30.61,29.96,29.96,978500,BID
2023-10-18 07:00:00,29.96,29.99,29.02,29.02,1455600,BID
2023-10-19 07:00:00,29.16,29.45,28.8,29.16,1169600,BID
2023-10-20 07:00:00,29.16,29.38,28.69,29.38,978400,BID
2023-10-23 07:00:00,29.23,29.38,29.09,29.23,706800,BID
2023-10-24 07:00:00,29.12,30.07,29.12,29.96,915400,BID
2023-10-25 07:00:00,29.96,30.18,29.56,29.56,741800,BID
2023-10-26 07:00:00,29.02,29.67,28.29,29.41,1976000,BID
2023-10-27 07:00:00,29.41,30.47,29.16,30.47,894500,BID
2023-10-30 07:00:00,30.39,30.39,29.74,29.74,540600,BID
2023-10-31 07:00:00,29.74,30.1,29.16,29.16,545000,BID
2023-11-01 07:00:00,29.67,29.67,28.8,29.02,350900,BID
2023-11-02 07:00:00,29.63,30.21,29.45,30.21,690200,BID
2023-11-03 07:00:00,30.65,30.65,30.1,30.1,563400,BID
2023-11-06 07:00:00,30.21,30.61,30.18,30.32,586900,BID
2023-11-07 07:00:00,30.47,30.47,30.1,30.32,531300,BID
2023-11-08 07:00:00,30.21,31.19,30.14,31.12,966700,BID
2023-11-09 07:00:00,31.19,31.3,30.9,31.08,756700,BID
2023-11-10 07:00:00,30.76,31.12,30.54,30.61,627400,BID
2023-11-13 07:00:00,30.61,30.97,30.43,30.54,473900,BID
2023-11-14 07:00:00,30.65,31.52,30.65,31.19,1571600,BID
2023-11-15 07:00:00,31.48,32.03,31.34,32.03,1449200,BID
2023-11-16 07:00:00,32.1,32.21,31.52,31.74,970300,BID
2023-11-17 07:00:00,31.92,31.92,30.87,31.12,1209700,BID
2023-11-20 07:00:00,30.47,31.81,30.47,31.3,809800,BID
2023-11-21 07:00:00,31.7,31.88,31.19,31.88,824200,BID
2023-11-22 07:00:00,31.88,31.92,31.48,31.63,738100,BID
2023-11-23 07:00:00,31.92,31.92,31.19,31.19,755300,BID
2023-11-24 07:00:00,31.19,31.66,30.76,31.66,811000,BID
2023-11-27 07:00:00,31.66,31.66,31.05,31.19,747600,BID
2023-11-28 07:00:00,31.89,31.89,31.23,31.76,833900,BID
2023-11-29 07:00:00,31.89,32.13,31.8,32.13,811800,BID
2023-11-30 07:00:00,31.89,32.3,31.72,31.76,726300,BID
2023-12-01 07:00:00,31.8,32.3,31.76,32.21,761100,BID
2023-12-04 07:00:00,32.3,32.54,32.17,32.54,711900,BID
2023-12-05 07:00:00,32.54,32.62,32.21,32.42,654400,BID
2023-12-06 07:00:00,32.42,33.03,32.21,32.7,1157100,BID
2023-12-07 07:00:00,32.99,33.52,32.7,33.19,1955000,BID
2023-12-08 07:00:00,33.19,34.34,33.19,34.26,2406400,BID
2023-12-11 07:00:00,34.34,34.5,33.81,33.85,1589400,BID
2023-12-12 07:00:00,33.93,34.38,33.69,34.26,956500,BID
2023-12-13 07:00:00,34.26,34.34,33.19,34.01,793400,BID
2023-12-14 07:00:00,34.05,34.18,33.77,34.01,779800,BID
2023-12-15 07:00:00,33.89,34.09,33.73,33.93,562000,BID
2023-12-18 07:00:00,33.56,33.93,33.11,33.52,678400,BID
2023-12-19 07:00:00,33.52,33.93,33.15,33.69,823300,BID
2023-12-20 07:00:00,34.26,34.34,33.36,33.77,1024900,BID
2023-12-21 07:00:00,33.44,34.26,33.44,34.18,1136900,BID
2023-12-22 07:00:00,34.18,34.71,33.85,34.71,1189100,BID
2023-12-25 07:00:00,34.75,35.4,34.34,35.32,1173400,BID
2023-12-26 07:00:00,35.32,35.61,34.91,35.16,1163800,BID
2023-12-27 07:00:00,34.99,35.32,34.99,35.16,938900,BID
2023-12-28 07:00:00,35.16,35.28,34.91,34.91,1099500,BID
2023-12-29 07:00:00,34.91,35.48,34.58,35.48,882100,BID
2024-01-02 07:00:00,35.48,35.65,34.91,35.16,1112000,BID
2024-01-03 07:00:00,35.48,36.06,35.16,35.81,1559300,BID
2024-01-04 07:00:00,35.89,36.79,35.65,35.69,3213200,BID
2024-01-05 07:00:00,35.73,36.75,35.73,36.38,1329800,BID
2024-01-08 07:00:00,36.63,38.02,36.51,37.94,1949000,BID
2024-01-09 07:00:00,38.43,38.43,37.65,37.65,1741100,BID
2024-01-10 07:00:00,37.65,39.08,37.61,38.75,2141800,BID
2024-01-11 07:00:00,38.59,38.63,37.77,38.02,3385600,BID
2024-01-12 07:00:00,37.53,38.59,36.83,37.61,3074500,BID
2024-01-15 07:00:00,37.65,38.43,37.65,38.1,1335700,BID
2024-01-16 07:00:00,37.65,38.39,37.65,38.35,1130700,BID
2024-01-17 07:00:00,38.06,38.43,37.85,38.3,1463000,BID
2024-01-18 07:00:00,38.3,39.12,38.14,38.84,2278300,BID
2024-01-19 07:00:00,39.16,40.76,38.59,40.76,2954000,BID
2024-01-22 07:00:00,40.84,41.04,39.82,40.72,2365400,BID
2024-01-23 07:00:00,40.47,40.72,39.78,40.39,2182200,BID
2024-01-24 07:00:00,39.65,40.23,39.61,39.98,1868700,BID
2024-01-25 07:00:00,39.98,40.68,39.57,39.57,1348900,BID
2024-01-26 07:00:00,39.57,40.02,39.57,40.02,812400,BID
2024-01-29 07:00:00,39.98,40.23,39.65,39.82,984500,BID
2024-01-30 07:00:00,39.9,39.98,39.41,39.61,1121300,BID
2024-01-31 07:00:00,39.65,39.9,38.84,39.0,1673600,BID
2024-02-01 07:00:00,38.84,39.2,38.55,38.63,1542600,BID
2024-02-02 07:00:00,38.67,38.84,38.18,38.35,1952800,BID
2024-02-05 07:00:00,38.51,40.39,38.47,39.78,2249900,BID
2024-02-06 07:00:00,39.9,39.9,39.24,39.9,1527400,BID
2024-02-07 07:00:00,39.9,40.1,39.74,40.02,1859200,BID
2024-02-15 07:00:00,40.02,40.27,39.61,40.02,1625600,BID
2024-02-16 07:00:00,40.06,40.06,39.49,39.69,1353000,BID
2024-02-19 07:00:00,39.86,41.13,39.45,40.31,3283300,BID
2024-02-20 07:00:00,40.47,41.04,40.39,40.39,1569300,BID
2024-02-21 07:00:00,40.68,40.72,39.98,40.68,1850900,BID
2024-02-22 07:00:00,40.72,40.8,40.47,40.68,1596200,BID
2024-02-23 07:00:00,40.72,43.5,40.31,42.52,6935200,BID
2024-02-26 07:00:00,43.17,44.56,42.52,43.82,1533000,BID
2024-02-27 07:00:00,43.91,44.15,43.33,43.33,1742700,BID
2024-02-28 07:00:00,43.5,44.8,42.76,44.07,2342300,BID
2024-02-29 07:00:00,44.07,44.15,43.33,43.33,1337300,BID
2024-03-01 07:00:00,43.58,44.4,42.84,43.74,1246100,BID
2024-03-04 07:00:00,43.82,44.56,42.92,43.74,2330400,BID
2024-03-05 07:00:00,43.74,44.48,43.25,44.48,1200400,BID
2024-03-06 07:00:00,44.15,44.8,43.74,44.48,1585300,BID
2024-03-07 07:00:00,44.48,44.48,43.5,43.58,2125200,BID
2024-03-08 07:00:00,43.66,43.66,40.55,41.78,2740700,BID
2024-03-11 07:00:00,42.35,42.84,41.29,41.29,1478700,BID
2024-03-12 07:00:00,41.37,42.6,41.29,42.52,1210100,BID
2024-03-13 07:00:00,42.68,43.01,42.35,43.01,1398100,BID
2024-03-14 07:00:00,43.74,43.74,42.02,42.27,1482400,BID
2024-03-15 07:00:00,42.19,43.17,41.7,42.68,1433700,BID
2024-03-18 07:00:00,42.52,43.17,40.8,42.52,1481000,BID
2024-03-19 07:00:00,42.6,42.6,41.7,42.19,765300,BID
2024-03-20 07:00:00,42.19,43.41,41.29,43.33,3132600,BID
2024-03-21 07:00:00,43.5,43.66,43.17,43.33,1857100,BID
2024-03-22 07:00:00,43.58,46.36,43.58,44.31,4361200,BID
2024-03-25 07:00:00,44.31,45.38,43.09,43.33,1262200,BID
2024-03-26 07:00:00,43.33,44.07,43.33,43.33,1409500,BID
2024-03-27 07:00:00,43.58,43.58,42.92,42.92,1607900,BID
2024-03-28 07:00:00,43.5,44.07,42.92,43.01,1358700,BID
2024-03-29 07:00:00,43.5,43.5,42.52,42.6,1788300,BID
2024-04-01 07:00:00,42.68,43.09,42.27,42.6,1362900,BID
2024-04-02 07:00:00,42.43,42.84,42.11,42.43,1576300,BID
2024-04-03 07:00:00,42.52,42.76,41.7,41.7,1496500,BID
2024-04-04 07:00:00,42.35,42.35,41.7,41.7,1093500,BID
2024-04-05 07:00:00,41.62,41.62,41.04,41.04,1654900,BID
2024-04-08 07:00:00,41.04,42.19,40.88,41.53,904800,BID
2024-04-09 07:00:00,41.78,43.09,41.53,43.09,1751000,BID
2024-04-10 07:00:00,43.17,43.17,42.43,42.52,1193200,BID
2024-04-11 07:00:00,42.11,43.66,41.94,43.33,2276400,BID
2024-04-12 07:00:00,43.33,44.56,43.17,43.66,3374100,BID
2024-04-15 07:00:00,43.58,44.56,40.63,40.63,2541500,BID
2024-04-16 07:00:00,40.63,41.86,40.43,41.13,2349900,BID
2024-04-17 07:00:00,41.62,41.7,39.24,39.33,1973200,BID
2024-04-19 07:00:00,39.16,40.47,38.51,39.53,2170000,BID
2024-04-22 07:00:00,39.9,40.96,39.9,40.96,1298900,BID
2024-04-23 07:00:00,40.23,41.29,39.65,40.39,2273300,BID
2024-04-24 07:00:00,40.43,41.21,40.35,40.88,1416800,BID
2024-04-25 07:00:00,40.68,41.13,40.31,40.55,1053600,BID
2024-04-26 07:00:00,40.55,40.96,40.14,40.23,774500,BID
2024-05-02 07:00:00,40.31,40.63,39.94,40.23,568700,BID
2024-05-03 07:00:00,40.59,40.8,40.06,40.23,700800,BID
2024-05-06 07:00:00,40.31,41.29,40.31,41.29,1192000,BID
2024-05-07 07:00:00,41.37,41.7,40.88,40.88,1069500,BID
2024-05-08 07:00:00,40.96,41.53,40.72,40.72,1057600,BID
2024-05-09 07:00:00,41.13,41.13,40.47,40.47,970600,BID
2024-05-10 07:00:00,40.55,40.68,40.02,40.1,827700,BID
2024-05-13 07:00:00,40.23,40.47,39.65,39.74,1663700,BID
2024-05-14 07:00:00,39.9,40.23,39.29,39.33,1948300,BID
2024-05-15 07:00:00,39.61,40.02,39.53,39.74,1393000,BID
2024-05-16 07:00:00,40.19,41.13,40.1,40.55,2097300,BID
2024-05-17 07:00:00,40.59,40.63,40.23,40.35,1518300,BID
2024-05-20 07:00:00,40.55,41.45,40.47,40.55,2191900,BID
2024-05-21 07:00:00,40.88,41.13,40.39,40.88,1794700,BID
2024-05-22 07:00:00,41.29,41.86,40.68,40.72,2428000,BID
2024-05-23 07:00:00,40.72,41.04,40.39,40.47,1788900,BID
2024-05-24 07:00:00,40.55,41.37,39.65,40.23,2175600,BID
2024-05-27 07:00:00,40.39,40.39,39.69,39.98,763200,BID
2024-05-28 07:00:00,40.06,40.23,39.74,40.14,1230700,BID
2024-05-29 07:00:00,40.43,40.43,39.74,39.74,1388900,BID
2024-05-30 07:00:00,39.57,39.65,38.75,39.0,2092000,BID
2024-05-31 07:00:00,39.0,39.49,38.51,38.51,1967800,BID
2024-06-03 07:00:00,39.16,39.61,38.59,38.67,2095200,BID
2024-06-04 07:00:00,39.12,39.41,38.88,38.92,1112900,BID
2024-06-05 07:00:00,39.16,39.41,38.96,38.96,1799400,BID
2024-06-06 07:00:00,39.0,39.33,39.0,39.16,1413000,BID
2024-06-07 07:00:00,39.33,39.49,39.0,39.04,1233400,BID
2024-06-10 07:00:00,39.12,39.69,38.88,38.96,2062700,BID
2024-06-11 07:00:00,39.08,39.12,38.59,38.71,2535500,BID
2024-06-12 07:00:00,38.92,39.2,38.43,39.16,2649200,BID
2024-06-13 07:00:00,39.53,39.53,39.16,39.53,2615400,BID
2024-06-14 07:00:00,39.57,39.86,38.84,38.84,2240900,BID
2024-06-17 07:00:00,38.84,38.84,38.02,38.02,2812800,BID
2024-06-18 07:00:00,38.18,38.47,38.02,38.02,1468000,BID
2024-06-19 07:00:00,38.26,38.26,37.49,37.69,2599500,BID
2024-06-20 07:00:00,37.61,37.77,37.08,37.2,2671200,BID
2024-06-21 07:00:00,37.28,37.98,37.24,37.28,1540200,BID
2024-06-24 07:00:00,37.61,37.9,36.79,36.79,1951000,BID
2024-06-25 07:00:00,37.12,37.36,35.61,36.14,2891100,BID
2024-06-26 07:00:00,36.18,36.63,35.97,36.38,1689800,BID
2024-06-27 07:00:00,36.55,36.79,36.06,36.06,1573600,BID
2024-06-28 07:00:00,36.06,36.46,35.36,35.36,2120500,BID
2024-07-01 07:00:00,35.4,35.89,35.16,35.89,1236800,BID
2024-07-02 07:00:00,36.18,37.45,36.02,37.41,3612500,BID
2024-07-03 07:00:00,37.61,38.59,37.24,38.59,4601800,BID
2024-07-04 07:00:00,38.43,38.75,38.26,38.67,2666100,BID
2024-07-05 07:00:00,38.71,39.41,38.51,38.67,4622000,BID
2024-07-08 07:00:00,38.88,39.08,38.22,38.43,1981700,BID
2024-07-09 07:00:00,38.84,39.24,38.35,38.84,2572300,BID
2024-07-10 07:00:00,39.12,39.16,38.35,38.35,2019900,BID
2024-07-11 07:00:00,38.8,38.8,38.26,38.26,1293700,BID
2024-07-12 07:00:00,38.35,38.59,37.81,38.1,1435600,BID
2024-07-15 07:00:00,38.43,38.47,37.85,38.06,1185400,BID
2024-07-16 07:00:00,38.26,39.49,38.02,38.55,4079700,BID
2024-07-17 07:00:00,39.16,40.88,38.88,39.24,7855000,BID
2024-07-18 07:00:00,39.74,40.31,39.12,39.65,3362700,BID
2024-07-19 07:00:00,39.9,40.06,38.84,39.0,3082700,BID
2024-07-22 07:00:00,39.0,39.82,38.59,39.0,3438100,BID
2024-07-23 07:00:00,39.08,39.45,36.38,37.61,3359700,BID
2024-07-24 07:00:00,36.79,38.3,36.79,37.69,2478000,BID
2024-07-25 07:00:00,37.98,37.98,37.2,37.61,1465000,BID
2024-07-26 07:00:00,37.85,38.06,37.49,37.81,1238300,BID
2024-07-29 07:00:00,37.9,38.63,37.9,38.51,1045400,BID
2024-07-30 07:00:00,38.71,38.71,38.02,38.26,2282100,BID
2024-07-31 07:00:00,38.43,39.57,38.35,38.92,3161200,BID
2024-08-01 07:00:00,39.16,39.98,38.26,38.26,3825500,BID
2024-08-02 07:00:00,38.02,39.04,38.02,39.04,1968800,BID
2024-08-05 07:00:00,38.35,38.59,36.79,37.69,2723100,BID
2024-08-06 07:00:00,37.94,38.96,37.49,38.22,1806100,BID
2024-08-07 07:00:00,38.75,38.75,37.61,37.94,2145000,BID
2024-08-08 07:00:00,38.02,38.26,37.36,37.61,1424000,BID
2024-08-09 07:00:00,38.43,38.43,37.9,38.18,1050900,BID
2024-08-12 07:00:00,38.18,38.71,38.02,38.26,1358400,BID
2024-08-13 07:00:00,38.43,38.55,38.02,38.14,1015400,BID
2024-08-14 07:00:00,38.26,39.04,38.26,38.47,1703800,BID
2024-08-15 07:00:00,38.47,38.8,38.14,38.14,1004300,BID
2024-08-16 07:00:00,38.22,39.29,38.22,38.84,2382200,BID
2024-08-19 07:00:00,39.08,39.65,38.92,39.16,2107200,BID
2024-08-20 07:00:00,39.49,40.23,39.37,40.19,4359400,BID
2024-08-21 07:00:00,40.43,41.53,40.1,41.37,6170900,BID
2024-08-22 07:00:00,41.7,41.94,40.8,41.13,2738000,BID
2024-08-23 07:00:00,41.04,41.53,40.96,41.29,2273200,BID
2024-08-26 07:00:00,41.53,41.62,40.96,41.04,2246500,BID
2024-08-27 07:00:00,41.13,41.13,40.14,40.55,4159800,BID
2024-08-28 07:00:00,40.55,41.13,40.47,40.55,1206100,BID
2024-08-29 07:00:00,40.31,41.37,40.31,40.31,1686100,BID
2024-08-30 07:00:00,40.51,40.63,39.98,39.98,1798000,BID
2024-09-04 07:00:00,39.65,40.43,39.37,40.02,1971000,BID
2024-09-05 07:00:00,39.86,40.47,39.74,39.82,1899400,BID
2024-09-06 07:00:00,39.82,40.47,39.78,40.31,2361500,BID
2024-09-09 07:00:00,40.23,40.51,39.98,40.1,1202400,BID
2024-09-10 07:00:00,40.31,40.31,39.61,39.65,2399900,BID
2024-09-11 07:00:00,39.61,39.78,39.24,39.49,1405800,BID
2024-09-12 07:00:00,39.65,39.82,39.53,39.53,1105200,BID
2024-09-13 07:00:00,39.41,39.69,39.41,39.41,747400,BID
2024-09-16 07:00:00,39.41,39.74,39.04,39.04,1570700,BID
2024-09-17 07:00:00,39.08,39.82,38.84,39.82,1363300,BID
2024-09-18 07:00:00,39.9,40.43,39.65,40.1,1836300,BID
2024-09-19 07:00:00,40.23,40.39,39.9,40.27,1356100,BID
2024-09-20 07:00:00,40.47,40.8,40.1,40.1,2652200,BID
2024-09-23 07:00:00,40.1,40.39,39.82,39.82,1217700,BID
2024-09-24 07:00:00,40.02,40.27,39.65,40.27,1414200,BID
2024-09-25 07:00:00,40.63,41.21,40.35,40.88,5257900,BID
2024-09-26 07:00:00,41.13,41.53,40.76,40.88,4232600,BID
2024-09-27 07:00:00,41.13,42.27,40.88,40.96,3204000,BID
2024-09-30 07:00:00,40.96,41.04,40.55,40.63,2190600,BID
2024-10-01 07:00:00,40.63,41.45,40.63,40.63,2817700,BID
2024-10-02 07:00:00,40.63,41.04,40.55,40.72,1835200,BID
2024-10-03 07:00:00,40.72,41.53,40.47,40.47,3503800,BID
2024-10-04 07:00:00,40.47,40.55,40.19,40.23,2164800,BID
2024-10-07 07:00:00,40.47,40.47,40.06,40.1,1492500,BID
2024-10-08 07:00:00,40.1,40.35,39.9,39.98,1900100,BID
2024-10-09 07:00:00,40.23,40.55,39.9,40.43,2190900,BID
2024-10-10 07:00:00,40.84,40.84,40.39,40.68,2650400,BID
2024-10-11 07:00:00,40.76,40.76,40.31,40.39,1539800,BID
2024-10-14 07:00:00,40.47,40.68,40.39,40.39,1161900,BID
2024-10-15 07:00:00,40.47,41.7,40.47,40.88,6928400,BID
2024-10-16 07:00:00,40.88,41.29,40.72,40.76,1791000,BID
2024-10-17 07:00:00,41.04,41.13,40.51,41.13,2118900,BID
2024-10-18 07:00:00,41.45,41.7,41.13,41.13,3395100,BID
2024-10-21 07:00:00,40.88,41.04,40.59,40.59,2125200,BID
2024-10-22 07:00:00,40.63,40.63,39.82,39.86,3371900,BID
2024-10-23 07:00:00,39.86,39.86,39.24,39.57,2397200,BID
2024-10-24 07:00:00,39.33,39.94,39.24,39.24,1465200,BID
2024-10-25 07:00:00,39.29,39.49,38.84,38.84,1696500,BID
2024-10-28 07:00:00,38.84,39.04,38.67,38.84,1726200,BID
2024-10-29 07:00:00,39.0,39.61,38.84,38.88,2176400,BID
2024-10-30 07:00:00,38.96,39.41,38.96,39.0,1415800,BID
2024-10-31 07:00:00,39.24,39.61,38.96,39.04,1792200,BID
2024-11-01 07:00:00,39.24,39.33,38.88,39.04,1543200,BID
2024-11-04 07:00:00,39.04,39.41,38.88,39.0,1337100,BID
2024-11-05 07:00:00,39.0,39.16,38.71,38.75,1526000,BID
2024-11-06 07:00:00,38.92,39.37,38.92,39.29,1082600,BID
2024-11-07 07:00:00,39.57,39.57,38.92,38.92,1263600,BID
2024-11-08 07:00:00,39.0,39.16,38.43,38.75,2648700,BID
2024-11-11 07:00:00,38.75,38.84,37.94,38.02,2600300,BID
2024-11-12 07:00:00,38.02,38.3,37.85,37.85,1686200,BID
2024-11-13 07:00:00,37.85,38.02,37.49,37.73,1816400,BID
2024-11-14 07:00:00,37.81,37.81,37.2,37.2,1998500,BID
2024-11-15 07:00:00,37.28,37.28,36.55,36.55,2255800,BID
2024-11-18 07:00:00,36.51,37.28,36.34,36.34,1914300,BID
2024-11-19 07:00:00,36.96,36.96,36.46,36.46,1457400,BID
2024-11-20 07:00:00,36.55,37.49,36.38,36.79,2188800,BID
2024-11-21 07:00:00,36.87,37.32,36.87,37.08,1472400,BID
2024-11-22 07:00:00,37.45,37.45,37.0,37.36,1874700,BID
2024-11-25 07:00:00,37.36,37.45,37.2,37.24,1110400,BID
2024-11-26 07:00:00,37.2,37.81,37.2,37.81,1839300,BID
2024-11-27 07:00:00,37.81,37.98,37.65,37.9,1214900,BID
2024-11-28 07:00:00,38.02,38.06,37.69,37.69,1284700,BID
2024-11-29 07:00:00,37.69,38.22,37.49,38.22,1443200,BID
2024-12-02 07:00:00,38.35,38.51,38.02,38.02,1314100,BID
2024-12-03 07:00:00,38.02,38.02,37.65,37.65,1400100,BID
2024-12-04 07:00:00,37.69,37.73,36.91,36.91,2399100,BID
2024-12-05 07:00:00,37.04,38.26,37.04,37.61,2427400,BID
2024-12-06 07:00:00,37.94,38.39,37.94,38.1,2497200,BID
2024-12-09 07:00:00,38.14,38.43,38.1,38.18,1717700,BID
2024-12-10 07:00:00,38.26,38.71,38.22,38.22,1943300,BID
2024-12-11 07:00:00,38.39,38.43,38.02,38.1,1286600,BID
2024-12-12 07:00:00,38.18,38.55,38.1,38.1,1935300,BID
2024-12-13 07:00:00,38.06,38.26,37.94,37.94,1382900,BID
2024-12-16 07:00:00,38.43,38.63,38.18,38.22,3247200,BID
2024-12-17 07:00:00,38.43,38.55,38.1,38.1,2248800,BID
2024-12-18 07:00:00,38.3,38.43,38.18,38.3,1661100,BID
2024-12-19 07:00:00,38.14,38.22,37.94,37.98,2706000,BID
2024-12-20 07:00:00,38.02,38.18,37.9,37.98,2993400,BID
2024-12-23 07:00:00,38.47,38.57,38.08,38.18,2895400,BID
2024-12-24 07:00:00,38.27,38.42,37.63,37.68,3216000,BID
2024-12-25 07:00:00,37.78,39.36,37.68,38.22,5277300,BID
2024-12-26 07:00:00,38.52,38.92,38.37,38.57,3884200,BID
2024-12-27 07:00:00,38.82,39.07,38.67,38.72,2859500,BID
2024-12-30 07:00:00,38.67,38.72,37.83,37.83,4011800,BID
2024-12-31 07:00:00,38.08,38.32,37.14,37.14,3416900,BID
2025-01-02 07:00:00,37.78,38.22,37.48,37.78,3160500,BID
2025-01-03 07:00:00,37.78,38.18,37.78,37.78,3698500,BID
2025-01-06 07:00:00,37.88,38.72,37.78,38.37,4820800,BID
2025-01-07 07:00:00,38.67,40.05,38.62,39.96,10448400,BID
2025-01-08 07:00:00,39.96,39.96,39.21,39.91,3125200,BID
2025-01-09 07:00:00,39.46,39.61,38.92,39.51,3599100,BID
2025-01-10 07:00:00,39.46,39.46,38.67,38.67,3114500,BID
2025-01-13 07:00:00,38.67,38.92,37.98,38.87,2461400,BID
2025-01-14 07:00:00,38.77,38.77,38.47,38.57,957600,BID
2025-01-15 07:00:00,38.77,38.77,38.18,38.77,1485800,BID
2025-01-16 07:00:00,38.77,39.07,38.62,38.97,1628500,BID
2025-01-17 07:00:00,38.77,39.07,38.62,39.07,1572900,BID
2025-01-20 07:00:00,39.02,39.66,38.97,39.46,2854300,BID
2025-01-21 07:00:00,39.61,39.61,39.07,39.36,2139600,BID
2025-01-22 07:00:00,39.36,39.36,39.02,39.07,2020900,BID
2025-01-23 07:00:00,39.07,39.66,39.02,39.46,2925500,BID
2025-01-24 07:00:00,39.46,39.56,39.31,39.56,2333900,BID
2025-02-03 07:00:00,39.26,39.46,38.67,38.97,3550500,BID
2025-02-04 07:00:00,39.07,39.66,38.72,39.21,4270900,BID
2025-02-05 07:00:00,39.46,39.51,39.11,39.16,2370300,BID
2025-02-06 07:00:00,39.21,39.56,39.16,39.36,3976100,BID
2025-02-07 07:00:00,39.36,40.35,39.36,40.05,8054000,BID
2025-02-10 07:00:00,40.05,40.75,39.66,39.91,4596700,BID
2025-02-11 07:00:00,40.05,40.3,39.66,40.0,2873800,BID
2025-02-12 07:00:00,39.91,40.0,39.46,39.56,4336000,BID
2025-02-13 07:00:00,39.56,39.81,39.46,39.56,2430100,BID
2025-02-14 07:00:00,39.91,40.4,39.71,40.2,4557800,BID
2025-02-17 07:00:00,40.2,40.2,39.71,39.76,2273100,BID
2025-02-18 07:00:00,39.66,40.2,39.61,40.05,3320100,BID
2025-02-19 07:00:00,40.05,40.45,39.96,40.4,5452400,BID
2025-02-20 07:00:00,40.55,40.6,40.2,40.45,3398400,BID
2025-02-21 07:00:00,40.4,40.6,40.2,40.45,2988800,BID
2025-02-24 07:00:00,40.45,40.94,40.25,40.65,4168600,BID
2025-02-25 07:00:00,40.7,40.9,40.55,40.8,4348800,BID
2025-02-26 07:00:00,40.75,40.8,40.5,40.75,3020100,BID
2025-02-27 07:00:00,40.75,40.85,40.45,40.5,2552300,BID
2025-02-28 07:00:00,40.5,40.5,40.25,40.5,3051600,BID
2025-03-03 07:00:00,40.5,40.75,40.4,40.5,1966100,BID
2025-03-04 07:00:00,40.35,40.45,39.96,40.35,3340100,BID
2025-03-05 07:00:00,40.25,40.7,40.0,40.2,2829800,BID
2025-03-06 07:00:00,40.2,40.45,40.1,40.35,2390500,BID
2025-03-07 07:00:00,40.35,40.7,40.25,40.7,4622400,BID
2025-03-10 07:00:00,40.85,41.54,40.75,40.94,4881700,BID
2025-03-11 07:00:00,40.5,40.94,40.3,40.94,3352200,BID
2025-03-12 07:00:00,40.9,40.94,40.4,40.45,3968100,BID
2025-03-13 07:00:00,40.45,40.45,39.66,39.76,3981300,BID
2025-03-14 07:00:00,39.76,39.96,39.61,39.96,2298100,BID
2025-03-17 07:00:00,39.96,40.1,39.71,39.91,3319900,BID
2025-03-18 07:00:00,40.05,40.15,39.56,39.56,3419200,BID
2025-03-19 07:00:00,39.76,39.76,39.11,39.36,3182000,BID
2025-03-20 07:00:00,39.11,39.46,39.11,39.36,2255800,BID
2025-03-21 07:00:00,39.16,39.36,39.02,39.02,2407600,BID
2025-03-24 07:00:00,39.02,39.07,38.57,38.67,3733500,BID
2025-03-25 07:00:00,38.77,39.26,38.77,39.26,2936500,BID
2025-03-26 07:00:00,39.16,39.41,38.97,39.11,2603800,BID
2025-03-27 07:00:00,39.21,39.21,38.67,38.67,1862400,BID
2025-03-28 07:00:00,38.72,38.82,38.62,38.67,1401500,BID
2025-03-31 07:00:00,38.57,38.57,38.08,38.32,2899600,BID
2025-04-01 07:00:00,38.47,38.57,38.27,38.57,1367000,BID
2025-04-02 07:00:00,38.82,38.82,38.27,38.27,3026000,BID
2025-04-03 07:00:00,36.59,37.48,35.6,35.6,7520100,BID
2025-04-04 07:00:00,33.18,35.6,33.18,35.6,6883200,BID
2025-04-08 07:00:00,34.61,35.11,33.13,33.13,4706500,BID
2025-04-09 07:00:00,30.86,34.12,30.86,32.09,6519100,BID
2025-04-10 07:00:00,34.32,34.32,34.32,34.32,635800,BID
2025-04-11 07:00:00,36.49,36.49,35.16,36.35,6947500,BID
2025-04-14 07:00:00,36.59,36.59,35.6,36.59,3547400,BID
2025-04-15 07:00:00,36.2,36.35,35.6,36.1,2999100,BID
2025-04-16 07:00:00,35.7,36.0,35.31,35.6,2914600,BID
2025-04-17 07:00:00,34.81,35.46,34.57,35.46,3126800,BID
2025-04-18 07:00:00,35.8,35.85,35.46,35.55,3477600,BID
2025-04-21 07:00:00,35.55,35.6,34.71,34.86,2105600,BID
2025-04-22 07:00:00,34.76,34.81,32.44,34.71,3599300,BID
2025-04-23 07:00:00,35.36,35.36,34.61,34.96,1849600,BID
2025-04-24 07:00:00,34.96,35.06,34.52,35.06,2028700,BID
2025-04-25 07:00:00,34.91,35.01,34.61,34.61,2684500,BID
2025-04-28 07:00:00,34.91,34.91,34.02,34.17,3320200,BID
2025-04-29 07:00:00,34.22,34.37,33.97,34.17,2440200,BID
2025-05-05 07:00:00,34.27,34.47,33.92,34.47,1834700,BID
2025-05-06 07:00:00,34.52,34.81,34.17,34.57,2972100,BID
2025-05-07 07:00:00,34.42,34.52,34.22,34.52,2129800,BID
2025-05-08 07:00:00,34.52,35.16,34.32,35.06,4666200,BID
2025-05-09 07:00:00,35.16,35.31,34.71,34.71,3058100,BID
2025-05-12 07:00:00,34.71,34.91,34.61,34.86,3137300,BID
2025-05-13 07:00:00,35.06,35.41,34.91,35.41,6592100,BID
2025-05-14 07:00:00,35.55,37.09,35.51,37.04,11855500,BID
2025-05-15 07:00:00,37.09,37.29,36.74,36.99,6223800,BID
2025-05-16 07:00:00,36.99,37.04,36.15,36.2,5773600,BID
2025-05-19 07:00:00,36.1,36.15,35.7,35.8,2742800,BID
2025-05-20 07:00:00,35.85,36.0,35.46,35.8,4650500,BID
2025-05-21 07:00:00,35.95,36.44,35.6,35.8,3685900,BID
2025-05-22 07:00:00,35.8,35.8,35.46,35.6,3481000,BID
2025-05-23 07:00:00,35.6,35.6,35.11,35.46,3338100,BID
2025-05-26 07:00:00,35.46,35.51,34.61,35.46,2512800,BID
2025-05-27 07:00:00,35.6,36.0,35.41,35.9,3546900,BID
2025-05-28 07:00:00,36.54,36.54,35.65,36.1,4671900,BID
2025-05-29 07:00:00,36.1,36.1,35.7,36.05,3029800,BID
2025-05-30 07:00:00,36.0,36.0,35.41,35.6,2334100,BID
2025-06-02 07:00:00,35.41,35.46,35.11,35.31,2796500,BID
2025-06-03 07:00:00,35.51,35.75,35.41,35.51,2729300,BID
2025-06-04 07:00:00,35.6,35.7,35.26,35.36,3010300,BID
2025-06-05 07:00:00,35.51,35.51,35.06,35.11,3302200,BID
2025-06-06 07:00:00,35.11,35.26,34.81,34.86,2792100,BID
2025-06-09 07:00:00,34.86,34.96,34.61,34.86,1659900,BID
2025-06-10 07:00:00,34.86,35.06,34.81,34.81,1865600,BID
2025-06-11 07:00:00,34.91,35.01,34.61,34.66,1236800,BID
2025-06-12 07:00:00,34.71,35.01,34.71,34.91,1416400,BID
2025-06-13 07:00:00,34.66,35.85,34.61,35.16,6320900,BID
2025-06-16 07:00:00,35.16,35.51,35.06,35.46,2707600,BID
2025-06-17 07:00:00,35.6,35.8,35.46,35.51,3745800,BID
2025-06-18 07:00:00,35.51,35.65,35.21,35.26,2595800,BID
2025-06-19 07:00:00,35.31,35.51,35.11,35.41,1873000,BID
2025-06-20 07:00:00,35.41,36.0,35.41,35.6,5982300,BID
2025-06-23 07:00:00,35.26,35.6,35.16,35.46,2289600,BID
2025-06-24 07:00:00,35.65,35.8,35.31,35.6,4416300,BID
2025-06-25 07:00:00,35.65,35.85,35.46,35.46,3395300,BID
2025-06-26 07:00:00,35.51,35.55,35.21,35.31,2340200,BID
2025-06-27 07:00:00,35.31,36.25,35.31,35.7,8298600,BID
2025-06-30 07:00:00,35.95,35.95,35.8,35.9,4550000,BID
2025-07-01 07:00:00,35.95,36.44,35.85,36.2,7013400,BID
2025-07-02 07:00:00,36.2,36.25,35.9,36.0,3804400,BID
2025-07-03 07:00:00,36.1,36.4,35.75,35.9,6056200,BID
2025-07-04 07:00:00,36.05,36.3,35.9,36.15,3907700,BID
2025-07-07 07:00:00,36.25,36.79,36.25,36.79,11238100,BID
2025-07-08 07:00:00,36.79,37.09,36.59,37.09,7363100,BID
2025-07-09 07:00:00,37.24,38.03,37.09,37.78,11136600,BID
2025-07-10 07:00:00,38.08,38.27,37.63,37.83,7732900,BID
2025-07-11 07:00:00,37.83,38.22,37.73,37.88,8713900,BID
2025-07-14 07:00:00,38.08,38.92,37.88,38.22,8309600,BID
2025-07-15 07:00:00,38.18,38.32,37.68,37.68,5787900,BID
2025-07-16 07:00:00,37.48,37.98,37.43,37.98,7121600,BID
2025-07-17 07:00:00,38.37,38.37,37.73,37.88,5679300,BID
2025-07-18 07:00:00,37.88,38.37,37.58,37.93,9035700,BID
2025-07-21 07:00:00,38.03,38.22,37.63,37.68,6201500,BID
2025-07-22 07:00:00,37.63,38.87,37.58,38.47,10824300,BID
2025-07-23 07:00:00,38.67,38.77,38.13,38.27,6983000,BID
2025-07-24 07:00:00,38.57,39.21,38.27,38.42,10953100,BID
2025-07-25 07:00:00,38.67,38.67,38.32,38.42,6289500,BID
2025-07-28 07:00:00,38.67,39.36,38.47,38.97,11057400,BID
2025-07-29 07:00:00,39.21,39.21,36.99,36.99,15396400,BID
2025-07-30 07:00:00,36.99,38.37,36.89,37.68,9305000,BID
2025-07-31 07:00:00,38.08,38.08,37.09,37.43,6291400,BID
2025-08-01 07:00:00,37.43,37.88,36.69,36.79,7122300,BID
2025-08-04 07:00:00,36.79,37.83,36.79,37.63,4467900,BID
2025-08-05 07:00:00,37.98,39.76,37.78,38.32,28540100,BID
2025-08-06 07:00:00,38.57,39.46,38.52,39.07,6984500,BID
2025-08-07 07:00:00,39.26,40.05,39.07,40.0,12283900,BID
2025-08-08 07:00:00,40.55,40.55,38.92,39.26,16734500,BID
2025-08-11 07:00:00,39.56,40.15,39.16,39.76,11391300,BID
2025-08-12 07:00:00,40.05,41.49,40.0,41.04,15346900,BID
2025-08-13 07:00:00,41.34,41.34,39.86,40.9,11836100,BID
2025-08-14 07:00:00,41.14,42.18,40.7,41.69,15166900,BID
2025-08-15 07:00:00,42.13,42.13,40.25,40.55,14374100,BID
2025-08-18 07:00:00,40.6,40.85,40.15,40.35,7511900,BID
2025-08-19 07:00:00,40.45,41.04,40.25,40.4,9924300,BID
2025-08-20 07:00:00,40.55,41.39,39.16,40.25,14543200,BID
2025-08-21 07:00:00,40.55,42.13,40.45,41.83,17322300,BID
2025-08-22 07:00:00,41.93,44.6,41.49,42.77,22730700,BID
2025-08-25 07:00:00,43.42,43.42,40.55,40.55,11310800,BID
2025-08-26 07:00:00,40.55,41.39,40.1,41.34,11173900,BID
2025-08-27 07:00:00,41.69,44.01,41.39,42.33,14870300,BID
2025-08-28 07:00:00,42.58,42.77,41.79,42.03,5841200,BID
2025-08-29 07:00:00,42.23,43.12,42.03,42.38,10429800,BID
2025-09-03 07:00:00,42.63,43.42,41.59,43.02,11349700,BID
2025-09-04 07:00:00,43.27,43.47,42.68,42.92,7236000,BID
2025-09-05 07:00:00,43.12,43.12,41.49,41.49,13561000,BID
2025-09-08 07:00:00,41.24,41.39,40.2,40.2,9074900,BID
2025-09-09 07:00:00,40.2,40.55,39.91,40.2,4248700,BID
2025-09-10 07:00:00,40.25,40.9,40.1,40.25,5472700,BID
2025-09-11 07:00:00,40.35,40.35,39.41,40.2,5782600,BID
2025-09-12 07:00:00,40.35,40.8,40.35,40.5,3319500,BID
2025-09-15 07:00:00,40.6,41.74,40.6,41.74,7330300,BID
2025-09-16 07:00:00,42.03,42.23,41.54,41.59,7340200,BID
2025-09-17 07:00:00,41.54,41.93,40.55,40.55,3700300,BID
2025-09-18 07:00:00,40.55,40.99,40.1,40.35,4684500,BID
2025-09-19 07:00:00,40.65,40.75,39.36,39.36,6161400,BID
2025-09-22 07:00:00,39.76,40.55,39.16,40.55,7994300,BID
2025-09-23 07:00:00,40.25,40.45,40.05,40.4,3466500,BID
2025-09-24 07:00:00,40.4,40.75,39.76,40.75,4669500,BID
2025-09-25 07:00:00,40.7,40.7,40.35,40.45,2009200,BID
2025-09-26 07:00:00,40.35,40.7,40.1,40.1,2295100,BID
2025-09-29 07:00:00,39.81,40.1,39.66,39.86,2110500,BID
2025-09-30 07:00:00,39.76,40.1,39.16,39.56,3683900,BID
2025-10-01 07:00:00,39.56,40.2,39.36,39.61,1783000,BID
2025-10-02 07:00:00,39.71,40.25,39.56,39.66,2735400,BID
2025-10-03 07:00:00,39.56,39.71,39.36,39.36,2515700,BID
2025-10-06 07:00:00,39.86,40.45,39.61,40.3,3058100,BID
2025-10-07 07:00:00,40.55,40.55,40.0,40.05,2418400,BID
2025-10-08 07:00:00,40.45,40.45,39.81,40.0,4602600,BID
2025-10-09 07:00:00,40.1,40.5,39.96,40.35,4346900,BID
2025-10-10 07:00:00,40.45,41.04,40.45,40.75,6794000,BID
2025-10-13 07:00:00,40.55,40.7,40.3,40.45,4326200,BID
2025-10-14 07:00:00,40.6,40.75,39.6,39.6,7724500,BID
2025-10-15 07:00:00,39.7,40.15,39.35,39.35,4329400,BID
2025-10-16 07:00:00,39.35,39.75,39.2,39.75,3801100,BID
2025-10-17 07:00:00,39.75,39.8,39.05,39.05,4176200,BID
2025-10-20 07:00:00,38.95,39.05,36.5,36.5,7393700,BID
2025-10-21 07:00:00,36.55,37.5,36.55,37.05,4500300,BID
2025-10-22 07:00:00,37.5,37.5,36.5,37.2,3971100,BID
2025-10-23 07:00:00,37.0,37.45,36.85,36.9,2708600,BID
2025-10-24 07:00:00,37.0,37.1,36.2,36.9,3489900,BID
2025-10-27 07:00:00,36.95,37.2,36.5,36.5,2062600,BID
2025-10-28 07:00:00,36.6,37.15,36.6,37.1,2793500,BID
2025-10-29 07:00:00,37.5,37.9,37.3,37.8,3204200,BID
2025-10-30 07:00:00,37.95,38.25,37.6,37.9,2599600,BID
2025-10-31 07:00:00,38.0,38.0,37.4,37.4,2380000,BID
2025-11-03 07:00:00,37.6,37.8,37.1,37.1,2453800,BID
2025-11-04 07:00:00,37.1,38.0,36.9,37.9,3482600,BID
2025-11-05 07:00:00,37.6,38.8,37.6,38.65,3945700,BID
2025-11-06 07:00:00,38.7,38.9,38.35,38.5,2392700,BID
2025-11-07 07:00:00,38.35,38.65,37.45,37.5,3220900,BID
2025-11-10 07:00:00,37.5,38.0,37.3,37.4,2337400,BID
2025-11-11 07:00:00,37.6,38.15,37.6,38.0,2393800,BID
2025-11-12 07:00:00,38.2,38.4,37.8,38.25,2029800,BID
2025-11-13 07:00:00,38.25,38.45,38.0,38.3,1942700,BID
2025-11-14 07:00:00,38.2,38.5,38.2,38.35,2234600,BID
2025-11-17 07:00:00,38.35,38.55,38.3,38.4,1422700,BID
2025-11-18 07:00:00,38.5,38.5,38.25,38.4,1451400,BID
2025-11-19 07:00:00,38.3,38.45,38.1,38.1,1302400,BID
2025-11-20 07:00:00,38.2,38.2,37.9,37.95,1467900,BID
2025-11-21 07:00:00,37.9,37.9,37.4,37.6,1247000,BID
2025-11-24 07:00:00,37.6,37.95,37.6,37.65,1091700,BID
2025-11-25 07:00:00,37.8,37.8,37.0,37.0,1798100,BID
2025-11-26 07:00:00,37.05,37.55,37.05,37.35,1237300,BID
2025-11-27 07:00:00,37.45,37.7,37.3,37.55,1071300,BID
2025-11-28 07:00:00,37.55,37.6,37.1,37.1,878600,BID
2025-12-01 07:00:00,37.2,37.3,36.95,36.95,1458900,BID
2025-12-02 07:00:00,36.95,37.05,36.65,36.85,1590300,BID
2025-12-03 07:00:00,37.0,38.45,37.0,38.4,4011700,BID
2025-12-04 07:00:00,38.5,38.55,38.05,38.2,2052100,BID
2025-12-05 07:00:00,38.3,38.45,37.8,37.8,1626100,BID
2025-12-08 07:00:00,37.8,37.95,37.45,37.5,1702000,BID
2025-12-09 07:00:00,37.5,37.95,37.1,37.45,3264300,BID
2025-12-10 07:00:00,37.5,37.9,37.45,37.7,1904100,BID
2025-12-11 07:00:00,37.7,38.1,37.6,37.6,1133200,BID
2025-12-12 07:00:00,37.7,37.7,37.0,37.0,1877500,BID
2025-12-15 07:00:00,37.05,37.15,36.9,37.0,1243400,BID
2025-12-16 07:00:00,37.1,37.75,36.85,37.4,2060100,BID
2025-12-17 07:00:00,37.45,38.5,37.45,38.0,4085100,BID
2025-12-18 07:00:00,38.1,38.3,37.9,38.0,1238300,BID
2025-12-19 07:00:00,38.0,38.15,37.6,37.7,2050700,BID
2025-12-22 07:00:00,37.7,38.45,37.65,38.4,2714700,BID
2025-12-23 07:00:00,38.5,38.8,37.9,38.0,1919100,BID
2025-12-24 07:00:00,38.0,38.45,37.8,38.4,1986000,BID
2025-12-25 07:00:00,38.4,38.95,38.35,38.8,3728800,BID
2025-12-26 07:00:00,38.45,38.8,38.0,38.8,2657200,BID
2025-12-29 07:00:00,38.8,38.9,38.6,38.8,1644300,BID
2025-12-30 07:00:00,38.8,39.85,38.65,39.4,5379000,BID
2025-12-31 07:00:00,39.5,39.55,38.9,38.9,1630700,BID
2026-01-05 07:00:00,38.85,38.9,37.9,38.45,3885400,BID
2026-01-06 07:00:00,38.3,38.9,37.8,38.9,4854900,BID
2026-01-07 07:00:00,39.5,41.4,39.5,40.95,13409700,BID
2026-01-08 07:00:00,41.3,43.8,40.9,43.05,27506700,BID
2026-01-09 07:00:00,43.8,46.05,43.7,46.05,22918600,BID
2026-01-12 07:00:00,47.9,49.25,47.0,49.25,7783600,BID
2026-01-13 07:00:00,49.35,51.6,48.6,51.0,21869900,BID
2026-01-14 07:00:00,50.8,54.5,50.2,54.5,17646800,BID
2026-01-15 07:00:00,52.6,54.0,50.7,50.7,26455700,BID
2026-01-16 07:00:00,51.0,54.2,50.4,51.1,13973800,BID
2026-01-19 07:00:00,51.1,52.6,50.5,52.0,9409600,BID
2026-01-20 07:00:00,52.9,55.3,52.2,53.2,15547500,BID
2026-01-21 07:00:00,52.6,53.9,51.1,53.0,11935000,BID
2026-01-22 07:00:00,53.5,56.6,51.6,52.0,18089900,BID
2026-01-23 07:00:00,51.8,52.8,50.7,50.8,10080300,BID
2026-01-26 07:00:00,51.0,52.6,50.8,52.5,11947600,BID
2026-01-27 07:00:00,52.5,52.8,49.5,52.6,12478800,BID
2026-01-28 07:00:00,53.4,55.9,51.4,51.9,17897800,BID
2026-01-29 07:00:00,51.8,52.8,51.0,51.9,7082200,BID
2026-01-30 07:00:00,52.3,54.5,51.9,53.9,13696100,BID
2026-02-02 07:00:00,53.8,55.2,52.1,55.0,11934200,BID
2026-02-03 07:00:00,55.7,56.5,54.0,54.1,11573700,BID
2026-02-04 07:00:00,54.0,54.4,52.6,53.0,9645300,BID
2026-02-05 07:00:00,53.0,53.3,51.5,51.5,9817200,BID
2026-02-06 07:00:00,50.7,52.3,50.7,51.4,9885700,BID
2026-02-09 07:00:00,51.8,51.8,50.6,50.6,3595300,BID
2026-02-10 07:00:00,50.2,50.5,47.1,47.1,22973600,BID
2026-02-11 07:00:00,46.55,48.75,46.1,48.5,8738800,BID
2026-02-12 07:00:00,48.3,48.5,47.35,47.55,4806600,BID
2026-02-13 07:00:00,47.55,47.7,46.8,46.9,6762700,BID
2026-02-23 07:00:00,47.6,49.7,47.15,49.1,7557400,BID
2026-02-24 07:00:00,49.45,49.45,48.45,48.75,5739400,BID
2026-02-25 07:00:00,48.95,49.95,48.5,48.5,8375400,BID
2026-02-26 07:00:00,48.55,48.9,47.75,48.45,4690300,BID
2026-02-27 07:00:00,48.45,49.1,47.5,47.9,6519700,BID
2026-03-02 07:00:00,46.05,47.4,45.2,45.2,11738000,BID
2026-03-03 07:00:00,45.1,45.9,43.5,43.55,15198300,BID
2026-03-04 07:00:00,43.4,45.6,43.4,45.6,10734400,BID
2026-03-05 07:00:00,46.1,46.1,44.4,44.4,6063200,BID
2026-03-06 07:00:00,44.0,45.0,43.0,43.55,5423100,BID
2026-03-09 07:00:00,40.55,41.0,40.55,40.55,6134800,BID
2026-03-10 07:00:00,41.5,42.8,39.5,41.8,14055500,BID
2026-03-11 07:00:00,41.3,42.35,41.3,41.7,6154500,BID
2026-03-12 07:00:00,41.8,41.9,40.65,40.75,6452900,BID
2026-03-13 07:00:00,40.6,41.25,39.95,40.65,7923500,BID
2026-03-16 07:00:00,40.5,41.2,40.0,40.3,5174500,BID
2026-03-17 07:00:00,40.8,41.3,40.35,40.45,6922000,BID
2026-03-18 07:00:00,41.1,43.0,41.0,41.3,14609300,BID
2026-03-19 07:00:00,40.9,41.1,40.1,40.65,6392700,BID
2026-03-20 07:00:00,40.65,41.1,39.6,39.75,10147300,BID
2026-03-23 07:00:00,39.4,39.45,38.1,38.45,10634100,BID
2026-03-24 07:00:00,39.3,39.6,38.5,39.1,6990400,BID
2026-03-25 07:00:00,39.5,39.65,38.9,39.5,8722100,BID
2026-03-26 07:00:00,39.5,39.7,38.9,38.9,6156000,BID
2026-03-27 07:00:00,38.9,39.9,38.9,39.85,8196600,BID
2026-03-30 07:00:00,39.1,39.55,38.95,39.45,6075800,BID
2026-03-31 07:00:00,39.6,39.8,39.1,39.4,7278600,BID
2026-04-01 07:00:00,40.0,40.6,39.7,40.25,10071800,BID
2026-04-02 07:00:00,40.0,40.0,39.4,39.7,7101700,BID
2026-04-03 07:00:00,39.7,39.75,39.05,39.05,7279600,BID
2026-04-06 07:00:00,39.05,39.4,38.65,39.35,5679400,BID
2026-04-07 07:00:00,39.4,39.5,39.0,39.4,4798100,BID
2026-04-08 07:00:00,40.5,41.45,40.05,41.45,15053900,BID
2026-04-09 07:00:00,41.0,41.15,40.5,40.6,8138800,BID
2026-04-10 07:00:00,41.1,41.95,40.65,40.8,8968200,BID
2026-04-13 07:00:00,40.5,40.75,40.25,40.35,5770800,BID
2026-04-14 07:00:00,40.75,40.85,40.25,40.4,5565300,BID
2026-04-15 07:00:00,40.75,41.0,40.3,40.3,6296700,BID
2026-04-16 07:00:00,40.4,40.6,40.15,40.2,4295800,BID
2026-04-17 07:00:00,40.3,40.7,40.1,40.3,5789600,BID
2026-04-20 07:00:00,40.45,40.75,40.25,40.55,5993200,BID
2026-04-21 07:00:00,40.75,41.3,40.4,40.4,7980700,BID
2026-04-22 07:00:00,40.6,40.6,40.2,40.25,3619600,BID
2026-04-23 07:00:00,40.25,43.05,40.25,41.6,23927000,BID
2026-04-24 07:00:00,41.6,41.65,40.75,40.75,4703800,BID
2026-04-28 07:00:00,40.9,41.1,40.05,40.15,6600700,BID
2026-04-29 07:00:00,40.2,40.35,39.7,40.1,6693000,BID
2026-05-04 07:00:00,40.4,41.3,40.1,40.85,6495500,BID
2026-05-05 07:00:00,40.6,40.8,40.3,40.4,1139200,BID
2023-05-08 07:00:00,17.19,17.22,17.1,17.13,3291900,CTG
2023-05-09 07:00:00,17.22,17.34,17.19,17.19,2869400,CTG
2023-05-10 07:00:00,17.22,17.34,17.16,17.34,5544200,CTG
2023-05-11 07:00:00,17.43,17.46,17.34,17.4,2978300,CTG
2023-05-12 07:00:00,17.4,17.43,17.28,17.43,3865800,CTG
2023-05-15 07:00:00,17.5,17.59,17.25,17.25,6832500,CTG
2023-05-16 07:00:00,17.31,17.34,17.16,17.16,3037900,CTG
2023-05-17 07:00:00,17.19,17.25,16.88,16.88,5242300,CTG
2023-05-18 07:00:00,17.0,17.13,16.88,17.04,4644700,CTG
2023-05-19 07:00:00,17.13,17.31,16.97,17.19,2085300,CTG
2023-05-22 07:00:00,17.19,17.31,17.16,17.16,3067100,CTG
2023-05-23 07:00:00,17.25,17.25,17.0,17.13,4048500,CTG
2023-05-24 07:00:00,17.19,17.19,16.94,17.04,3821700,CTG
2023-05-25 07:00:00,16.97,17.07,16.91,16.94,3099700,CTG
2023-05-26 07:00:00,16.94,17.07,16.88,17.07,1781900,CTG
2023-05-29 07:00:00,17.07,17.28,17.07,17.19,2860900,CTG
2023-05-30 07:00:00,17.25,17.28,17.13,17.22,2948100,CTG
2023-05-31 07:00:00,17.22,17.22,17.07,17.19,2714900,CTG
2023-06-01 07:00:00,17.19,17.25,17.1,17.16,2395200,CTG
2023-06-02 07:00:00,17.22,17.65,17.19,17.59,8931900,CTG
2023-06-05 07:00:00,17.74,17.83,17.59,17.65,4445800,CTG
2023-06-06 07:00:00,17.71,17.8,17.56,17.62,5306600,CTG
2023-06-07 07:00:00,17.71,17.92,17.65,17.74,6346700,CTG
2023-06-08 07:00:00,17.74,17.8,17.53,17.53,5165700,CTG
2023-06-09 07:00:00,17.53,17.59,17.25,17.4,6111000,CTG
2023-06-12 07:00:00,17.43,17.46,17.1,17.43,5634400,CTG
2023-06-13 07:00:00,17.4,17.46,17.31,17.37,3213200,CTG
2023-06-14 07:00:00,17.46,17.92,17.46,17.62,8423300,CTG
2023-06-15 07:00:00,17.62,18.02,17.62,17.8,7183600,CTG
2023-06-16 07:00:00,17.83,17.92,17.5,17.5,7432700,CTG
2023-06-19 07:00:00,17.53,17.71,17.53,17.56,3404700,CTG
2023-06-20 07:00:00,17.59,17.92,17.53,17.92,2781600,CTG
2023-06-21 07:00:00,17.86,17.99,17.71,17.9,4570200,CTG
2023-06-22 07:00:00,17.99,18.2,17.92,18.08,5102500,CTG
2023-06-23 07:00:00,18.11,18.14,17.9,17.96,4983700,CTG
2023-06-26 07:00:00,17.83,18.08,17.74,17.96,6462100,CTG
2023-06-27 07:00:00,17.99,18.02,17.8,18.02,3656100,CTG
2023-06-28 07:00:00,18.05,18.54,18.02,18.42,8631900,CTG
2023-06-29 07:00:00,18.42,18.48,18.11,18.36,5201200,CTG
2023-06-30 07:00:00,18.23,18.26,18.02,18.11,5601900,CTG
2023-07-03 07:00:00,18.11,18.17,17.92,17.96,3179400,CTG
2023-07-04 07:00:00,17.9,18.11,17.83,18.08,5105500,CTG
2023-07-05 07:00:00,18.14,18.23,18.02,18.14,3596500,CTG
2023-07-06 07:00:00,18.14,18.17,17.71,18.02,6343400,CTG
2023-07-07 07:00:00,17.96,18.17,17.83,18.17,3913600,CTG
2023-07-10 07:00:00,18.26,18.29,18.11,18.23,6962300,CTG
2023-07-11 07:00:00,18.39,18.78,18.39,18.6,14508800,CTG
2023-07-12 07:00:00,18.6,18.66,18.29,18.42,6313800,CTG
2023-07-13 07:00:00,18.54,18.54,18.32,18.42,5302700,CTG
2023-07-14 07:00:00,18.42,18.54,18.05,18.36,7967000,CTG
2023-07-17 07:00:00,18.36,18.39,18.14,18.23,6581700,CTG
2023-07-18 07:00:00,18.23,18.42,18.23,18.32,4570900,CTG
2023-07-19 07:00:00,18.42,18.45,18.11,18.36,6740400,CTG
2023-07-20 07:00:00,18.36,18.36,18.14,18.2,4593800,CTG
2023-07-21 07:00:00,18.2,18.29,18.11,18.23,5537400,CTG
2023-07-24 07:00:00,18.36,18.48,18.26,18.32,5164400,CTG
2023-07-25 07:00:00,18.39,18.6,18.32,18.36,6091900,CTG
2023-07-26 07:00:00,18.39,18.45,18.23,18.29,5544100,CTG
2023-07-27 07:00:00,18.32,18.36,17.99,18.02,7921500,CTG
2023-07-28 07:00:00,18.05,18.11,17.99,18.11,5219800,CTG
2023-07-31 07:00:00,18.36,18.42,18.17,18.42,5765900,CTG
2023-08-01 07:00:00,18.54,18.91,18.48,18.66,14243700,CTG
2023-08-02 07:00:00,18.72,19.12,18.72,19.06,13339400,CTG
2023-08-03 07:00:00,19.0,19.09,18.85,18.97,8078000,CTG
2023-08-04 07:00:00,19.03,19.03,18.82,19.03,7557300,CTG
2023-08-07 07:00:00,19.31,20.01,19.18,20.01,13001900,CTG
2023-08-08 07:00:00,20.17,20.17,19.83,20.01,8764800,CTG
2023-08-09 07:00:00,19.95,20.01,19.68,19.95,8014100,CTG
2023-08-10 07:00:00,19.95,20.04,19.4,19.43,7995700,CTG
2023-08-11 07:00:00,19.49,19.74,19.21,19.71,6909000,CTG
2023-08-14 07:00:00,19.71,19.89,19.46,19.83,6370100,CTG
2023-08-15 07:00:00,19.83,19.89,19.68,19.89,5240600,CTG
2023-08-16 07:00:00,19.77,20.07,19.58,19.86,6372500,CTG
2023-08-17 07:00:00,19.89,20.2,19.8,20.01,9762600,CTG
2023-08-18 07:00:00,19.83,19.92,18.85,18.85,13696200,CTG
2023-08-21 07:00:00,18.97,19.83,18.78,19.64,9913500,CTG
2023-08-22 07:00:00,19.64,19.68,18.97,19.37,5795100,CTG
2023-08-23 07:00:00,19.43,19.49,19.06,19.21,4377400,CTG
2023-08-24 07:00:00,19.34,19.58,19.09,19.49,5036900,CTG
2023-08-25 07:00:00,19.49,19.49,19.06,19.12,8626800,CTG
2023-08-28 07:00:00,19.06,19.21,19.03,19.12,5411300,CTG
2023-08-29 07:00:00,19.28,19.52,19.18,19.18,3726400,CTG
2023-08-30 07:00:00,19.31,19.71,19.31,19.71,7395200,CTG
2023-08-31 07:00:00,19.74,20.01,19.74,19.92,5272800,CTG
2023-09-05 07:00:00,19.95,20.26,19.95,20.04,5968600,CTG
2023-09-06 07:00:00,20.07,20.1,19.8,20.04,4463900,CTG
2023-09-07 07:00:00,20.07,20.44,20.04,20.04,7773500,CTG
2023-09-08 07:00:00,20.07,20.07,19.83,19.83,3674400,CTG
2023-09-11 07:00:00,19.95,20.1,19.52,19.58,7492500,CTG
2023-09-12 07:00:00,19.64,19.83,19.49,19.83,3929100,CTG
2023-09-13 07:00:00,19.83,20.1,19.61,19.98,7999400,CTG
2023-09-14 07:00:00,20.1,20.66,20.1,20.38,14125200,CTG
2023-09-15 07:00:00,20.32,20.56,20.04,20.1,6484800,CTG
2023-09-18 07:00:00,20.1,20.1,19.52,19.68,8699100,CTG
2023-09-19 07:00:00,19.68,19.8,19.37,19.71,4883200,CTG
2023-09-20 07:00:00,19.71,19.86,19.49,19.68,6669400,CTG
2023-09-21 07:00:00,19.71,19.74,19.46,19.46,5997300,CTG
2023-09-22 07:00:00,19.34,19.49,19.03,19.43,8222000,CTG
2023-09-25 07:00:00,19.31,19.46,18.29,18.29,6721400,CTG
2023-09-26 07:00:00,18.36,18.94,18.26,18.6,5255800,CTG
2023-09-27 07:00:00,18.66,19.03,18.42,19.03,3648100,CTG
2023-09-28 07:00:00,18.85,19.03,17.71,18.94,7874400,CTG
2023-09-29 07:00:00,18.75,19.06,18.45,18.45,5350700,CTG
2023-10-02 07:00:00,18.48,18.63,17.16,18.39,5334700,CTG
2023-10-03 07:00:00,18.11,18.11,17.65,17.86,7705100,CTG
2023-10-04 07:00:00,17.62,17.86,17.56,17.74,3077200,CTG
2023-10-05 07:00:00,17.83,17.9,17.25,17.25,4884500,CTG
2023-10-06 07:00:00,17.5,17.65,17.1,17.62,3154500,CTG
2023-10-09 07:00:00,17.59,17.92,17.59,17.9,1901900,CTG
2023-10-10 07:00:00,18.02,18.14,17.92,17.99,2970400,CTG
2023-10-11 07:00:00,17.99,18.11,17.83,18.11,1759400,CTG
2023-10-12 07:00:00,18.23,18.26,18.02,18.17,2092400,CTG
2023-10-13 07:00:00,17.99,18.17,17.8,17.99,1457500,CTG
2023-10-16 07:00:00,17.96,17.99,17.68,17.68,2025200,CTG
2023-10-17 07:00:00,17.8,17.9,17.56,17.56,1650400,CTG
2023-10-18 07:00:00,17.56,17.68,17.22,17.4,2125400,CTG
2023-10-19 07:00:00,17.4,17.56,17.19,17.56,1810200,CTG
2023-10-20 07:00:00,17.46,18.26,17.13,18.05,3602000,CTG
2023-10-23 07:00:00,18.05,18.05,17.68,17.99,1587400,CTG
2023-10-24 07:00:00,17.99,18.11,17.83,18.11,2467900,CTG
2023-10-25 07:00:00,17.99,18.11,17.77,17.8,1749000,CTG
2023-10-26 07:00:00,17.4,17.53,16.91,17.4,5974000,CTG
2023-10-27 07:00:00,17.4,17.46,17.04,17.31,2901000,CTG
2023-10-30 07:00:00,16.97,17.31,16.97,16.97,1730500,CTG
2023-10-31 07:00:00,17.04,17.19,16.94,17.0,2833300,CTG
2023-11-01 07:00:00,17.07,17.07,16.76,16.82,3039100,CTG
2023-11-02 07:00:00,16.94,17.5,16.94,17.34,2371900,CTG
2023-11-03 07:00:00,17.43,17.46,17.19,17.19,3559600,CTG
2023-11-06 07:00:00,17.4,17.62,17.4,17.53,2337400,CTG
2023-11-07 07:00:00,17.43,17.62,17.37,17.53,2277600,CTG
2023-11-08 07:00:00,17.56,17.96,17.34,17.96,2934800,CTG
2023-11-09 07:00:00,18.02,18.26,17.92,18.11,4606900,CTG
2023-11-10 07:00:00,17.96,18.05,17.77,18.05,3477700,CTG
2023-11-13 07:00:00,17.99,18.14,17.92,18.05,3129500,CTG
2023-11-14 07:00:00,18.32,18.48,18.17,18.29,3732500,CTG
2023-11-15 07:00:00,18.48,18.78,18.48,18.54,5373200,CTG
2023-11-16 07:00:00,18.39,18.6,18.36,18.57,2244100,CTG
2023-11-17 07:00:00,18.54,18.6,18.08,18.23,4281100,CTG
2023-11-20 07:00:00,17.92,18.26,17.86,18.14,2168700,CTG
2023-11-21 07:00:00,18.32,18.32,18.05,18.05,1837700,CTG
2023-11-22 07:00:00,18.11,18.23,18.02,18.17,1850000,CTG
2023-11-23 07:00:00,18.26,18.26,17.92,17.92,1913600,CTG
2023-11-24 07:00:00,17.92,18.17,17.62,18.17,3088400,CTG
2023-11-27 07:00:00,18.2,18.2,17.86,18.05,1431700,CTG
2023-11-28 07:00:00,17.99,17.99,17.71,17.99,2068800,CTG
2023-11-29 07:00:00,17.99,18.14,17.92,18.05,2549800,CTG
2023-11-30 07:00:00,18.05,18.32,17.94,18.05,2651700,CTG
2023-12-01 07:00:00,18.15,18.15,17.84,18.05,1962600,CTG
2023-12-04 07:00:00,18.15,18.25,18.01,18.22,7638100,CTG
2023-12-05 07:00:00,18.25,18.32,18.18,18.18,2549300,CTG
2023-12-06 07:00:00,18.18,18.32,18.18,18.29,3205700,CTG
2023-12-07 07:00:00,18.36,18.6,18.22,18.46,5656600,CTG
2023-12-08 07:00:00,18.53,18.6,18.32,18.46,3718900,CTG
2023-12-11 07:00:00,18.49,18.56,18.32,18.43,2203100,CTG
2023-12-12 07:00:00,18.46,18.53,18.32,18.53,3346200,CTG
2023-12-13 07:00:00,18.63,18.77,18.32,18.36,3629800,CTG
2023-12-14 07:00:00,18.49,18.49,18.15,18.36,3873600,CTG
2023-12-15 07:00:00,18.18,18.43,18.08,18.32,3969300,CTG
2023-12-18 07:00:00,18.18,18.32,17.88,17.88,3836500,CTG
2023-12-19 07:00:00,17.91,18.18,17.81,18.18,2308300,CTG
2023-12-20 07:00:00,18.05,18.25,17.98,18.22,2388300,CTG
2023-12-21 07:00:00,18.12,18.25,18.01,18.22,2581300,CTG
2023-12-22 07:00:00,18.18,18.25,18.08,18.15,2169200,CTG
2023-12-25 07:00:00,18.22,18.46,18.18,18.46,4083500,CTG
2023-12-26 07:00:00,18.43,18.49,18.39,18.39,3247900,CTG
2023-12-27 07:00:00,18.39,18.46,18.36,18.43,3008900,CTG
2023-12-28 07:00:00,18.43,18.6,18.36,18.6,2983700,CTG
2023-12-29 07:00:00,18.67,18.77,18.6,18.6,4655000,CTG
2024-01-02 07:00:00,18.63,18.7,18.56,18.67,3300000,CTG
2024-01-03 07:00:00,18.67,18.94,18.56,18.94,3123600,CTG
2024-01-04 07:00:00,18.98,20.24,18.91,19.63,14693100,CTG
2024-01-05 07:00:00,19.73,20.0,19.7,19.9,8765200,CTG
2024-01-08 07:00:00,20.24,20.45,19.93,20.28,12113500,CTG
2024-01-09 07:00:00,20.31,20.69,20.11,20.59,14351600,CTG
2024-01-10 07:00:00,20.59,21.38,20.48,21.27,13924900,CTG
2024-01-11 07:00:00,21.34,21.62,20.86,21.27,9746100,CTG
2024-01-12 07:00:00,21.14,21.86,21.0,21.62,17184500,CTG
2024-01-15 07:00:00,21.65,21.75,21.27,21.55,6951700,CTG
2024-01-16 07:00:00,21.31,21.55,21.14,21.55,7442400,CTG
2024-01-17 07:00:00,21.31,21.62,21.27,21.38,6739800,CTG
2024-01-18 07:00:00,21.38,21.68,21.2,21.62,8842000,CTG
2024-01-19 07:00:00,21.75,22.37,21.58,22.37,14108300,CTG
2024-01-22 07:00:00,22.34,22.41,21.92,22.41,8679800,CTG
2024-01-23 07:00:00,22.41,22.51,21.89,22.1,9136000,CTG
2024-01-24 07:00:00,21.92,22.23,21.89,21.96,4997700,CTG
2024-01-25 07:00:00,21.96,22.03,21.68,21.99,5164700,CTG
2024-01-26 07:00:00,22.03,22.13,21.92,22.03,3676400,CTG
2024-01-29 07:00:00,22.03,22.47,21.96,22.17,5875800,CTG
2024-01-30 07:00:00,22.2,22.27,21.99,22.1,3741900,CTG
2024-01-31 07:00:00,22.27,22.3,21.48,21.68,11925100,CTG
2024-02-01 07:00:00,21.58,22.03,21.58,21.99,5126100,CTG
2024-02-02 07:00:00,21.96,22.06,21.65,21.75,4536600,CTG
2024-02-05 07:00:00,21.79,23.26,21.79,23.26,21679700,CTG
2024-02-06 07:00:00,23.33,23.64,23.23,23.61,8645600,CTG
2024-02-07 07:00:00,23.61,24.91,23.61,24.36,13534000,CTG
2024-02-15 07:00:00,24.43,24.57,24.02,24.02,8849700,CTG
2024-02-16 07:00:00,24.22,24.22,23.78,24.19,7504900,CTG
2024-02-19 07:00:00,24.09,24.36,23.68,24.29,10677500,CTG
2024-02-20 07:00:00,24.22,24.43,23.81,24.16,6832100,CTG
2024-02-21 07:00:00,24.19,24.84,24.05,24.4,10391600,CTG
2024-02-22 07:00:00,24.5,24.53,24.19,24.5,7056000,CTG
2024-02-23 07:00:00,24.57,25.49,24.02,24.16,25763100,CTG
2024-02-26 07:00:00,24.16,24.6,24.09,24.46,6391800,CTG
2024-02-27 07:00:00,24.5,24.91,24.33,24.81,9066000,CTG
2024-02-28 07:00:00,24.98,25.01,24.46,24.67,9809600,CTG
2024-02-29 07:00:00,24.84,24.91,24.16,24.4,12798100,CTG
2024-03-01 07:00:00,24.5,24.5,24.02,24.43,9179700,CTG
2024-03-04 07:00:00,24.43,25.32,24.12,24.7,17569600,CTG
2024-03-05 07:00:00,24.7,25.01,24.53,25.01,7378300,CTG
2024-03-06 07:00:00,24.98,25.36,24.46,24.77,11114900,CTG
2024-03-07 07:00:00,24.7,24.74,24.33,24.57,8882900,CTG
2024-03-08 07:00:00,24.57,24.6,23.68,23.68,20828300,CTG
2024-03-11 07:00:00,23.68,23.85,23.26,23.44,7842600,CTG
2024-03-12 07:00:00,23.33,23.74,23.3,23.68,6760600,CTG
2024-03-13 07:00:00,23.74,24.12,23.47,24.12,6141800,CTG
2024-03-14 07:00:00,24.16,24.16,23.47,23.64,7010100,CTG
2024-03-15 07:00:00,23.61,24.29,23.3,23.85,9586500,CTG
2024-03-18 07:00:00,23.85,24.02,22.2,22.85,11387200,CTG
2024-03-19 07:00:00,22.92,23.2,22.61,22.85,7149600,CTG
2024-03-20 07:00:00,22.78,23.68,22.65,23.57,9484900,CTG
2024-03-21 07:00:00,23.74,23.95,23.37,23.95,9087700,CTG
2024-03-22 07:00:00,24.09,24.98,24.02,24.5,15958000,CTG
2024-03-25 07:00:00,24.36,24.5,23.68,23.81,9577000,CTG
2024-03-26 07:00:00,23.85,24.29,23.78,24.16,3801300,CTG
2024-03-27 07:00:00,24.02,24.36,23.88,24.36,5066600,CTG
2024-03-28 07:00:00,24.64,24.64,24.22,24.53,7031500,CTG
2024-03-29 07:00:00,24.53,24.53,24.12,24.4,4490100,CTG
2024-04-01 07:00:00,24.29,24.29,23.85,24.02,7918200,CTG
2024-04-02 07:00:00,23.68,24.16,23.4,24.02,6979000,CTG
2024-04-03 07:00:00,23.95,24.02,23.26,23.37,9109200,CTG
2024-04-04 07:00:00,23.47,23.54,22.99,23.02,7104500,CTG
2024-04-05 07:00:00,22.78,23.06,22.72,22.78,9834200,CTG
2024-04-08 07:00:00,22.85,23.5,22.61,22.99,12007900,CTG
2024-04-09 07:00:00,23.26,23.5,23.02,23.5,5238500,CTG
2024-04-10 07:00:00,23.57,23.57,23.09,23.09,4301500,CTG
2024-04-11 07:00:00,22.85,23.13,22.82,23.13,4179700,CTG
2024-04-12 07:00:00,23.2,24.74,23.09,24.64,23775200,CTG
2024-04-15 07:00:00,24.57,24.91,22.92,22.96,29292700,CTG
2024-04-16 07:00:00,23.26,23.37,22.51,23.37,15414300,CTG
2024-04-17 07:00:00,23.5,23.5,22.41,22.44,19095700,CTG
2024-04-19 07:00:00,22.03,22.47,21.44,21.68,13040500,CTG
2024-04-22 07:00:00,21.99,22.23,21.75,22.17,7768100,CTG
2024-04-23 07:00:00,22.13,22.3,21.38,21.62,10689200,CTG
2024-04-24 07:00:00,21.96,22.61,21.75,22.61,9012800,CTG
2024-04-25 07:00:00,22.54,22.65,22.13,22.65,4863800,CTG
2024-04-26 07:00:00,22.34,22.75,22.06,22.51,8972900,CTG
2024-05-02 07:00:00,22.51,22.51,21.96,22.2,6361000,CTG
2024-05-03 07:00:00,22.27,22.54,22.06,22.23,6160500,CTG
2024-05-06 07:00:00,22.37,22.82,22.2,22.78,7627200,CTG
2024-05-07 07:00:00,22.78,22.82,22.51,22.51,4941700,CTG
2024-05-08 07:00:00,22.41,22.65,22.2,22.37,8398000,CTG
2024-05-09 07:00:00,22.51,22.92,22.27,22.58,7196700,CTG
2024-05-10 07:00:00,22.75,22.75,22.34,22.54,4656700,CTG
2024-05-13 07:00:00,22.54,22.54,22.13,22.17,7004000,CTG
2024-05-14 07:00:00,22.23,22.44,22.13,22.17,5643900,CTG
2024-05-15 07:00:00,22.27,22.65,22.13,22.2,7928800,CTG
2024-05-16 07:00:00,22.51,23.13,22.34,22.78,14193700,CTG
2024-05-17 07:00:00,22.89,22.92,22.58,22.72,5948500,CTG
2024-05-20 07:00:00,22.85,23.26,22.68,22.89,12148300,CTG
2024-05-21 07:00:00,22.96,23.4,22.89,23.09,6079100,CTG
2024-05-22 07:00:00,23.23,23.26,22.44,22.65,11642900,CTG
2024-05-23 07:00:00,22.61,22.82,22.37,22.82,5573500,CTG
2024-05-24 07:00:00,22.72,23.26,22.17,22.3,13921600,CTG
2024-05-27 07:00:00,22.44,22.44,22.03,22.23,8217500,CTG
2024-05-28 07:00:00,22.27,22.3,21.75,22.1,24685700,CTG
2024-05-29 07:00:00,22.1,22.1,21.72,21.72,15631900,CTG
2024-05-30 07:00:00,21.51,22.03,21.51,21.82,9617600,CTG
2024-05-31 07:00:00,21.82,22.1,21.82,21.89,6190100,CTG
2024-06-03 07:00:00,22.13,22.51,21.99,22.37,9928600,CTG
2024-06-04 07:00:00,22.44,22.61,22.27,22.51,8842900,CTG
2024-06-05 07:00:00,22.58,22.61,22.23,22.23,8383500,CTG
2024-06-06 07:00:00,22.3,22.44,22.2,22.37,7437100,CTG
2024-06-07 07:00:00,22.51,22.58,22.41,22.51,4307200,CTG
2024-06-10 07:00:00,22.61,23.3,22.58,22.99,13316000,CTG
2024-06-11 07:00:00,23.3,23.3,22.75,22.78,10714500,CTG
2024-06-12 07:00:00,22.82,23.09,22.54,22.99,7591300,CTG
2024-06-13 07:00:00,23.33,23.44,22.99,23.26,14006900,CTG
2024-06-14 07:00:00,23.26,23.3,22.51,22.51,10429800,CTG
2024-06-17 07:00:00,22.51,22.61,22.17,22.47,8417900,CTG
2024-06-18 07:00:00,22.47,22.54,22.2,22.2,7746400,CTG
2024-06-19 07:00:00,22.23,22.34,21.92,22.3,6704200,CTG
2024-06-20 07:00:00,22.17,22.34,21.96,22.1,7044100,CTG
2024-06-21 07:00:00,22.23,22.27,22.06,22.1,4903100,CTG
2024-06-24 07:00:00,22.1,22.2,21.65,21.72,8439100,CTG
2024-06-25 07:00:00,21.89,21.89,21.58,21.68,5413400,CTG
2024-06-26 07:00:00,21.68,21.72,21.31,21.48,6556300,CTG
2024-06-27 07:00:00,21.48,21.55,21.38,21.48,4084600,CTG
2024-06-28 07:00:00,21.48,21.58,21.27,21.27,4521600,CTG
2024-07-01 07:00:00,21.17,21.96,21.17,21.96,3924600,CTG
2024-07-02 07:00:00,21.96,22.2,21.89,22.17,5122200,CTG
2024-07-03 07:00:00,22.2,22.3,21.99,22.2,3316100,CTG
2024-07-04 07:00:00,22.23,22.3,21.99,22.17,2526600,CTG
2024-07-05 07:00:00,22.2,22.54,22.03,22.44,5590000,CTG
2024-07-08 07:00:00,22.47,22.47,22.17,22.37,3851700,CTG
2024-07-09 07:00:00,22.37,22.51,22.23,22.44,4731800,CTG
2024-07-10 07:00:00,22.44,22.54,22.23,22.23,5205400,CTG
2024-07-11 07:00:00,22.3,22.37,22.1,22.1,3867400,CTG
2024-07-12 07:00:00,22.1,22.17,21.89,21.96,3874000,CTG
2024-07-15 07:00:00,21.99,22.1,21.96,22.03,2451000,CTG
2024-07-16 07:00:00,22.06,22.54,22.03,22.3,6589100,CTG
2024-07-17 07:00:00,22.44,23.2,22.34,22.65,22598600,CTG
2024-07-18 07:00:00,22.85,22.96,22.47,22.96,8111000,CTG
2024-07-19 07:00:00,22.82,23.2,22.47,22.92,10147600,CTG
2024-07-22 07:00:00,22.78,23.4,22.75,23.09,15868100,CTG
2024-07-23 07:00:00,23.13,23.13,21.99,22.23,9825700,CTG
2024-07-24 07:00:00,22.2,22.3,21.75,22.1,10316300,CTG
2024-07-25 07:00:00,21.96,21.96,21.55,21.65,6106000,CTG
2024-07-26 07:00:00,21.65,22.06,21.65,21.99,3281100,CTG
2024-07-29 07:00:00,22.06,22.2,22.03,22.03,3120200,CTG
2024-07-30 07:00:00,21.96,22.03,21.82,21.96,4284300,CTG
2024-07-31 07:00:00,21.96,22.17,21.82,21.96,6542400,CTG
2024-08-01 07:00:00,21.96,22.27,21.48,21.58,8811100,CTG
2024-08-02 07:00:00,21.31,21.65,20.76,21.65,10408500,CTG
2024-08-05 07:00:00,21.2,21.24,20.59,20.69,10630500,CTG
2024-08-06 07:00:00,20.93,21.0,20.55,20.96,4871100,CTG
2024-08-07 07:00:00,21.03,21.03,20.62,20.72,3892500,CTG
2024-08-08 07:00:00,20.72,20.9,20.62,20.72,5155000,CTG
2024-08-09 07:00:00,20.83,21.62,20.83,21.62,7179900,CTG
2024-08-12 07:00:00,21.65,21.79,21.41,21.75,3052300,CTG
2024-08-13 07:00:00,21.86,21.86,21.51,21.86,3764400,CTG
2024-08-14 07:00:00,21.86,21.96,21.68,21.82,4668000,CTG
2024-08-15 07:00:00,21.82,21.92,21.58,21.86,4421800,CTG
2024-08-16 07:00:00,21.86,22.3,21.82,22.3,7856100,CTG
2024-08-19 07:00:00,22.3,22.44,22.2,22.41,5863100,CTG
2024-08-20 07:00:00,22.41,22.89,22.37,22.78,10766100,CTG
2024-08-21 07:00:00,22.82,23.47,22.65,23.47,27480100,CTG
2024-08-22 07:00:00,23.57,24.02,23.54,23.74,11485500,CTG
2024-08-23 07:00:00,23.61,23.98,23.44,23.98,9860800,CTG
2024-08-26 07:00:00,24.02,24.02,23.61,23.74,9584400,CTG
2024-08-27 07:00:00,23.74,24.02,23.5,23.92,11698100,CTG
2024-08-28 07:00:00,23.95,23.98,23.68,23.95,5938900,CTG
2024-08-29 07:00:00,23.98,24.26,23.68,24.02,12531200,CTG
2024-08-30 07:00:00,24.02,24.09,23.78,24.05,8124100,CTG
2024-09-04 07:00:00,23.74,24.22,23.64,24.22,10446800,CTG
2024-09-05 07:00:00,24.16,24.36,23.74,24.02,8504400,CTG
2024-09-06 07:00:00,23.88,24.36,23.74,24.36,9157300,CTG
2024-09-09 07:00:00,24.16,24.33,24.02,24.33,5375600,CTG
2024-09-10 07:00:00,24.29,24.4,23.88,23.98,7474100,CTG
2024-09-11 07:00:00,23.98,24.09,23.64,23.98,5494300,CTG
2024-09-12 07:00:00,24.19,24.19,23.81,24.02,4999600,CTG
2024-09-13 07:00:00,23.88,24.02,23.78,23.95,3439800,CTG
2024-09-16 07:00:00,23.98,23.98,23.68,23.78,5810800,CTG
2024-09-17 07:00:00,23.71,23.98,23.57,23.98,5230100,CTG
2024-09-18 07:00:00,23.98,24.91,23.88,24.5,17487600,CTG
2024-09-19 07:00:00,24.53,24.84,24.43,24.7,5835500,CTG
2024-09-20 07:00:00,24.74,25.15,24.67,24.7,13164300,CTG
2024-09-23 07:00:00,24.67,24.91,24.46,24.64,4440300,CTG
2024-09-24 07:00:00,24.64,24.84,24.46,24.74,5546400,CTG
2024-09-25 07:00:00,25.05,25.12,24.7,24.7,9797800,CTG
2024-09-26 07:00:00,24.7,25.01,24.33,24.98,22830200,CTG
2024-09-27 07:00:00,25.01,25.77,25.01,25.39,15617800,CTG
2024-09-30 07:00:00,25.32,25.53,25.15,25.36,4842500,CTG
2024-10-01 07:00:00,25.36,25.46,24.94,25.05,12315100,CTG
2024-10-02 07:00:00,24.81,25.01,24.67,24.7,11271900,CTG
2024-10-03 07:00:00,24.7,25.22,24.64,24.84,9111600,CTG
2024-10-04 07:00:00,24.81,24.81,24.43,24.43,8545600,CTG
2024-10-07 07:00:00,24.64,24.67,24.36,24.57,5298700,CTG
2024-10-08 07:00:00,24.57,24.81,24.4,24.53,6638700,CTG
2024-10-09 07:00:00,24.57,25.12,24.5,24.77,9143500,CTG
2024-10-10 07:00:00,25.01,25.15,24.74,24.81,6226000,CTG
2024-10-11 07:00:00,24.88,24.91,24.57,24.88,4217800,CTG
2024-10-14 07:00:00,24.98,25.01,24.74,24.74,4041500,CTG
2024-10-15 07:00:00,24.88,25.25,24.77,24.81,10587200,CTG
2024-10-16 07:00:00,24.77,25.01,24.64,24.91,3778300,CTG
2024-10-17 07:00:00,25.05,25.08,24.74,25.08,6200700,CTG
2024-10-18 07:00:00,25.25,25.32,24.88,24.88,7054400,CTG
2024-10-21 07:00:00,24.77,24.94,24.36,24.36,8242100,CTG
2024-10-22 07:00:00,24.36,24.46,23.88,24.02,9519000,CTG
2024-10-23 07:00:00,24.02,24.12,23.85,24.05,4488500,CTG
2024-10-24 07:00:00,24.02,24.12,23.37,23.92,6405900,CTG
2024-10-25 07:00:00,23.85,23.88,23.68,23.74,4448300,CTG
2024-10-28 07:00:00,23.78,23.88,23.71,23.81,2288100,CTG
2024-10-29 07:00:00,23.81,23.98,23.81,23.98,2890000,CTG
2024-10-30 07:00:00,23.95,24.02,23.68,23.85,2626400,CTG
2024-10-31 07:00:00,23.95,24.53,23.88,24.5,8400500,CTG
2024-11-01 07:00:00,24.4,24.67,24.36,24.43,7983200,CTG
2024-11-04 07:00:00,24.4,24.67,24.26,24.5,5247600,CTG
2024-11-05 07:00:00,24.36,24.5,24.05,24.05,4093100,CTG
2024-11-06 07:00:00,24.16,24.64,24.09,24.64,3543500,CTG
2024-11-07 07:00:00,24.64,24.81,24.43,24.43,3822400,CTG
2024-11-08 07:00:00,24.5,24.7,23.88,24.02,4916300,CTG
2024-11-11 07:00:00,24.02,24.02,23.23,23.98,16325500,CTG
2024-11-12 07:00:00,23.88,23.92,23.47,23.68,3342200,CTG
2024-11-13 07:00:00,23.64,23.68,23.3,23.57,4244200,CTG
2024-11-14 07:00:00,23.54,23.54,23.06,23.06,5270200,CTG
2024-11-15 07:00:00,23.06,23.06,22.51,22.72,8350400,CTG
2024-11-18 07:00:00,22.72,23.09,22.44,22.85,4072900,CTG
2024-11-19 07:00:00,22.99,23.06,22.65,22.89,5280700,CTG
2024-11-20 07:00:00,22.68,23.33,22.68,23.33,6494000,CTG
2024-11-21 07:00:00,23.33,24.02,23.06,24.02,7810800,CTG
2024-11-22 07:00:00,23.95,24.16,23.81,24.02,6181600,CTG
2024-11-25 07:00:00,23.98,24.09,23.81,24.09,3824500,CTG
2024-11-26 07:00:00,24.02,24.26,23.95,24.22,4538800,CTG
2024-11-27 07:00:00,24.09,24.22,23.98,24.12,2761100,CTG
2024-11-28 07:00:00,24.22,24.29,23.98,24.29,3289800,CTG
2024-11-29 07:00:00,24.36,24.6,24.19,24.53,5142400,CTG
2024-12-02 07:00:00,24.64,24.7,24.5,24.6,4468300,CTG
2024-12-03 07:00:00,24.67,24.67,24.33,24.64,5261300,CTG
2024-12-04 07:00:00,24.43,24.5,24.22,24.22,4137800,CTG
2024-12-05 07:00:00,24.22,25.05,24.05,24.98,10395100,CTG
2024-12-06 07:00:00,25.05,25.15,24.88,24.88,5625800,CTG
2024-12-09 07:00:00,24.81,25.05,24.74,25.01,4392500,CTG
2024-12-10 07:00:00,25.01,25.05,24.77,24.94,3293400,CTG
2024-12-11 07:00:00,24.91,25.12,24.84,24.94,4390000,CTG
2024-12-12 07:00:00,24.98,25.25,24.84,24.91,5010500,CTG
2024-12-13 07:00:00,24.81,25.05,24.77,24.94,4180300,CTG
2024-12-16 07:00:00,24.94,25.18,24.84,24.88,2866500,CTG
2024-12-17 07:00:00,24.88,24.94,24.74,24.88,3429900,CTG
2024-12-18 07:00:00,24.84,24.98,24.57,24.88,2933300,CTG
2024-12-19 07:00:00,24.6,24.84,24.43,24.84,6319500,CTG
2024-12-20 07:00:00,24.7,24.81,24.5,24.81,3418200,CTG
2024-12-23 07:00:00,24.84,24.91,24.77,24.88,3097200,CTG
2024-12-24 07:00:00,24.77,24.84,24.64,24.84,2831100,CTG
2024-12-25 07:00:00,24.84,26.56,24.84,26.21,25190700,CTG
2024-12-26 07:00:00,26.35,26.35,26.08,26.21,4847100,CTG
2024-12-27 07:00:00,26.32,26.63,26.08,26.63,9539300,CTG
2024-12-30 07:00:00,26.42,26.7,26.32,26.7,7210600,CTG
2024-12-31 07:00:00,26.49,26.56,25.94,25.94,5449700,CTG
2025-01-02 07:00:00,26.08,26.28,25.8,26.15,5742600,CTG
2025-01-03 07:00:00,25.94,26.08,25.53,25.53,10284500,CTG
2025-01-06 07:00:00,25.56,25.84,25.42,25.53,6045300,CTG
2025-01-07 07:00:00,25.73,26.08,25.49,25.7,6267400,CTG
2025-01-08 07:00:00,25.66,26.01,25.56,25.94,3664700,CTG
2025-01-09 07:00:00,25.94,26.01,25.56,25.66,4056700,CTG
2025-01-10 07:00:00,25.66,26.21,25.53,25.73,7501000,CTG
2025-01-13 07:00:00,25.53,25.87,24.84,25.87,9377500,CTG
2025-01-14 07:00:00,25.7,26.01,25.32,25.36,3716700,CTG
2025-01-15 07:00:00,25.39,25.46,25.12,25.22,4980700,CTG
2025-01-16 07:00:00,25.29,25.53,24.98,25.25,6641100,CTG
2025-01-17 07:00:00,25.25,25.53,25.12,25.53,3948300,CTG
2025-01-20 07:00:00,25.56,25.87,25.49,25.6,4400000,CTG
2025-01-21 07:00:00,25.7,25.94,25.42,25.6,5502600,CTG
2025-01-22 07:00:00,25.8,25.8,25.56,25.6,4497700,CTG
2025-01-23 07:00:00,25.66,26.21,25.6,26.15,7583800,CTG
2025-01-24 07:00:00,26.15,26.18,25.91,26.08,5047600,CTG
2025-02-03 07:00:00,26.25,26.49,25.94,26.11,8325900,CTG
2025-02-04 07:00:00,26.25,27.28,26.11,27.04,14538400,CTG
2025-02-05 07:00:00,27.21,27.24,26.83,27.0,6686000,CTG
2025-02-06 07:00:00,27.04,27.35,26.9,27.11,6527700,CTG
2025-02-07 07:00:00,27.11,28.27,26.94,28.0,14973700,CTG
2025-02-10 07:00:00,28.0,28.2,27.48,27.66,9535800,CTG
2025-02-11 07:00:00,27.69,28.07,27.55,27.93,7621400,CTG
2025-02-12 07:00:00,27.93,28.0,27.72,27.79,4835000,CTG
2025-02-13 07:00:00,27.66,28.34,27.66,28.03,6945200,CTG
2025-02-14 07:00:00,28.14,28.38,27.79,27.83,5515600,CTG
2025-02-17 07:00:00,27.79,27.9,27.55,27.55,5951900,CTG
2025-02-18 07:00:00,27.55,28.14,27.48,27.66,6539300,CTG
2025-02-19 07:00:00,27.83,28.1,27.76,27.79,6136000,CTG
2025-02-20 07:00:00,28.17,28.17,27.76,28.03,5265200,CTG
2025-02-21 07:00:00,28.03,28.48,27.79,28.48,7710600,CTG
2025-02-24 07:00:00,28.48,28.79,28.38,28.75,6764800,CTG
2025-02-25 07:00:00,28.79,28.89,28.41,28.72,5728900,CTG
2025-02-26 07:00:00,28.68,28.68,28.2,28.38,9430900,CTG
2025-02-27 07:00:00,28.31,28.51,28.03,28.48,6079700,CTG
2025-02-28 07:00:00,28.34,28.55,28.14,28.48,5529300,CTG
2025-03-03 07:00:00,28.27,28.31,28.03,28.31,7674500,CTG
2025-03-04 07:00:00,28.14,28.68,28.0,28.55,7443800,CTG
2025-03-05 07:00:00,28.55,28.99,28.24,28.27,7812100,CTG
2025-03-06 07:00:00,28.41,28.65,28.27,28.58,5639200,CTG
2025-03-07 07:00:00,28.62,29.1,28.58,29.1,10858900,CTG
2025-03-10 07:00:00,29.3,29.3,28.89,29.13,9163000,CTG
2025-03-11 07:00:00,28.82,29.23,28.68,29.23,6943500,CTG
2025-03-12 07:00:00,29.37,29.71,29.03,29.27,9350500,CTG
2025-03-13 07:00:00,29.3,29.3,28.92,29.03,7914900,CTG
2025-03-14 07:00:00,28.86,29.03,28.68,29.03,7787700,CTG
2025-03-17 07:00:00,29.03,29.23,28.96,29.23,3459900,CTG
2025-03-18 07:00:00,29.44,29.44,28.79,28.82,5406700,CTG
2025-03-19 07:00:00,28.75,28.82,28.41,28.51,8668600,CTG
2025-03-20 07:00:00,28.51,28.68,28.14,28.55,8810000,CTG
2025-03-21 07:00:00,28.55,28.58,28.17,28.58,7361100,CTG
2025-03-24 07:00:00,28.41,28.68,28.2,28.68,6851700,CTG
2025-03-25 07:00:00,28.79,29.03,28.62,29.03,5036300,CTG
2025-03-26 07:00:00,28.99,29.13,28.55,28.65,5469500,CTG
2025-03-27 07:00:00,28.41,28.65,28.31,28.55,3508800,CTG
2025-03-28 07:00:00,28.48,28.51,28.24,28.38,4092900,CTG
2025-03-31 07:00:00,28.27,28.44,28.07,28.44,4619700,CTG
2025-04-01 07:00:00,28.58,28.72,28.17,28.72,4737500,CTG
2025-04-02 07:00:00,28.79,29.03,28.62,28.79,5575900,CTG
2025-04-03 07:00:00,27.93,27.93,26.8,26.8,19835700,CTG
2025-04-04 07:00:00,24.94,26.56,24.94,26.56,17693000,CTG
2025-04-08 07:00:00,24.77,26.21,24.7,24.7,18688600,CTG
2025-04-09 07:00:00,23.2,25.39,23.2,23.2,17505900,CTG
2025-04-10 07:00:00,24.81,24.81,24.81,24.81,2907100,CTG
2025-04-11 07:00:00,25.39,26.42,25.08,26.35,20246200,CTG
2025-04-14 07:00:00,26.49,26.49,25.97,26.28,9750200,CTG
2025-04-15 07:00:00,25.94,26.08,25.53,25.91,10253700,CTG
2025-04-16 07:00:00,25.91,26.15,25.53,25.53,6581500,CTG
2025-04-17 07:00:00,25.39,25.63,25.15,25.56,8698900,CTG
2025-04-18 07:00:00,25.97,26.11,25.7,25.7,8510000,CTG
2025-04-21 07:00:00,25.77,25.97,25.18,25.56,10033700,CTG
2025-04-22 07:00:00,25.32,25.49,23.78,25.46,15064300,CTG
2025-04-23 07:00:00,25.66,25.84,25.39,25.6,6705500,CTG
2025-04-24 07:00:00,25.7,25.7,25.29,25.66,6793100,CTG
2025-04-25 07:00:00,25.53,25.73,25.42,25.49,6465300,CTG
2025-04-28 07:00:00,25.56,25.56,25.18,25.29,5105100,CTG
2025-04-29 07:00:00,25.22,25.53,25.18,25.53,4933700,CTG
2025-05-05 07:00:00,25.6,25.73,25.42,25.63,3621800,CTG
2025-05-06 07:00:00,25.63,25.97,25.53,25.8,7236200,CTG
2025-05-07 07:00:00,25.73,25.77,25.49,25.7,6127600,CTG
2025-05-08 07:00:00,25.66,25.8,25.53,25.77,7941300,CTG
2025-05-09 07:00:00,25.84,25.94,25.66,25.7,6244100,CTG
2025-05-12 07:00:00,25.73,26.04,25.7,25.97,8966900,CTG
2025-05-13 07:00:00,26.15,27.04,26.15,27.04,15748400,CTG
2025-05-14 07:00:00,27.07,27.18,26.83,27.18,9319800,CTG
2025-05-15 07:00:00,27.18,27.55,26.94,27.28,9780500,CTG
2025-05-16 07:00:00,27.31,27.31,26.76,26.76,6562600,CTG
2025-05-19 07:00:00,26.59,26.9,26.46,26.83,7238400,CTG
2025-05-20 07:00:00,26.56,27.11,26.56,27.11,6572100,CTG
2025-05-21 07:00:00,26.97,27.72,26.97,27.07,8638000,CTG
2025-05-22 07:00:00,27.0,27.11,26.52,26.66,7061000,CTG
2025-05-23 07:00:00,26.66,26.76,26.49,26.63,4339900,CTG
2025-05-26 07:00:00,26.59,26.94,26.08,26.94,7007300,CTG
2025-05-27 07:00:00,26.94,27.18,26.76,27.18,7752400,CTG
2025-05-28 07:00:00,27.24,27.28,26.83,27.14,5580900,CTG
2025-05-29 07:00:00,27.07,27.11,26.7,26.7,7448200,CTG
2025-05-30 07:00:00,26.87,26.87,26.21,26.28,7680600,CTG
2025-06-02 07:00:00,26.25,26.52,26.04,26.35,4412100,CTG
2025-06-03 07:00:00,26.52,26.59,26.35,26.46,4295200,CTG
2025-06-04 07:00:00,26.56,26.7,26.39,26.42,4155400,CTG
2025-06-05 07:00:00,26.42,26.59,26.08,26.46,4332000,CTG
2025-06-06 07:00:00,26.39,26.39,26.11,26.21,3467900,CTG
2025-06-09 07:00:00,26.21,26.25,26.01,26.08,3172600,CTG
2025-06-10 07:00:00,26.08,26.21,25.97,25.97,4647300,CTG
2025-06-11 07:00:00,26.08,26.08,25.77,26.08,5975400,CTG
2025-06-12 07:00:00,26.11,26.46,26.01,26.42,8242800,CTG
2025-06-13 07:00:00,26.35,27.96,26.18,27.38,23868500,CTG
2025-06-16 07:00:00,27.42,27.66,27.38,27.66,6086700,CTG
2025-06-17 07:00:00,27.76,27.76,27.31,27.69,7871100,CTG
2025-06-18 07:00:00,27.59,27.72,27.42,27.55,5524700,CTG
2025-06-19 07:00:00,27.59,28.17,27.48,27.93,10136000,CTG
2025-06-20 07:00:00,28.0,28.68,27.9,28.34,12449200,CTG
2025-06-23 07:00:00,28.1,28.38,27.83,28.38,4848400,CTG
2025-06-24 07:00:00,28.51,28.68,28.38,28.51,9812700,CTG
2025-06-25 07:00:00,28.62,28.82,28.48,28.62,8585000,CTG
2025-06-26 07:00:00,28.68,28.75,28.34,28.75,6038700,CTG
2025-06-27 07:00:00,28.82,28.92,28.51,28.79,5913500,CTG
2025-06-30 07:00:00,28.82,28.82,28.51,28.75,5913500,CTG
2025-07-01 07:00:00,28.62,28.82,28.51,28.75,4088100,CTG
2025-07-02 07:00:00,28.72,28.89,28.68,28.75,4277400,CTG
2025-07-03 07:00:00,28.72,29.34,28.68,29.16,10203700,CTG
2025-07-04 07:00:00,29.3,29.37,28.96,29.3,4477100,CTG
2025-07-07 07:00:00,29.51,30.47,29.47,30.47,11497400,CTG
2025-07-08 07:00:00,30.54,30.61,30.23,30.47,3982800,CTG
2025-07-09 07:00:00,30.47,31.02,30.4,30.88,7568100,CTG
2025-07-10 07:00:00,30.81,30.88,30.4,30.88,6547000,CTG
2025-07-11 07:00:00,30.85,30.85,30.57,30.61,5736700,CTG
2025-07-14 07:00:00,30.54,30.57,29.99,30.4,12064300,CTG
2025-07-15 07:00:00,30.4,30.78,30.26,30.3,7167000,CTG
2025-07-16 07:00:00,30.3,30.85,30.13,30.85,5688900,CTG
2025-07-17 07:00:00,30.81,30.98,30.61,30.88,7521100,CTG
2025-07-18 07:00:00,30.88,31.26,30.57,30.92,8291000,CTG
2025-07-21 07:00:00,31.29,31.4,30.68,31.02,6559900,CTG
2025-07-22 07:00:00,31.02,31.29,30.68,31.29,4817800,CTG
2025-07-23 07:00:00,31.36,31.46,30.74,31.33,6335800,CTG
2025-07-24 07:00:00,31.33,31.53,31.02,31.36,5070900,CTG
2025-07-25 07:00:00,31.43,31.7,31.19,31.29,5534900,CTG
2025-07-28 07:00:00,31.22,31.57,31.16,31.29,10570000,CTG
2025-07-29 07:00:00,31.43,31.6,30.06,30.06,14733900,CTG
2025-07-30 07:00:00,30.2,32.15,30.09,31.7,22468200,CTG
2025-07-31 07:00:00,32.6,32.6,30.92,31.5,19391700,CTG
2025-08-01 07:00:00,31.57,31.57,30.3,30.4,16224400,CTG
2025-08-04 07:00:00,30.2,31.4,29.92,31.33,9698200,CTG
2025-08-05 07:00:00,31.53,33.45,31.29,31.91,24076700,CTG
2025-08-06 07:00:00,32.39,32.77,31.94,32.6,9566100,CTG
2025-08-07 07:00:00,32.94,32.94,32.22,32.84,9156800,CTG
2025-08-08 07:00:00,32.9,32.94,32.12,32.73,12368000,CTG
2025-08-11 07:00:00,32.8,32.84,32.36,32.6,8862900,CTG
2025-08-12 07:00:00,32.6,33.25,32.25,32.94,14358400,CTG
2025-08-13 07:00:00,33.01,34.04,32.36,34.04,17697600,CTG
2025-08-14 07:00:00,34.45,35.07,34.04,34.45,18688000,CTG
2025-08-15 07:00:00,34.86,34.93,33.49,33.63,15808500,CTG
2025-08-18 07:00:00,33.66,33.9,33.08,33.28,12393300,CTG
2025-08-19 07:00:00,33.56,34.17,33.52,34.04,11749300,CTG
2025-08-20 07:00:00,34.07,35.68,33.69,34.72,15736000,CTG
2025-08-21 07:00:00,35.2,36.16,35.0,35.55,17837200,CTG
2025-08-22 07:00:00,35.34,36.65,34.24,34.93,24276800,CTG
2025-08-25 07:00:00,35.34,35.41,33.49,33.69,15712700,CTG
2025-08-26 07:00:00,33.32,35.14,33.28,35.14,9948500,CTG
2025-08-27 07:00:00,35.68,36.51,34.86,35.07,18567600,CTG
2025-08-28 07:00:00,35.14,35.55,34.59,35.41,8229700,CTG
2025-08-29 07:00:00,35.62,35.62,34.93,35.2,12260700,CTG
2025-09-03 07:00:00,35.07,35.14,34.59,34.72,10168900,CTG
2025-09-04 07:00:00,34.72,35.55,34.59,35.0,9019200,CTG
2025-09-05 07:00:00,35.14,35.41,34.52,34.52,11199800,CTG
2025-09-08 07:00:00,34.31,34.38,33.66,33.97,14767400,CTG
2025-09-09 07:00:00,33.97,34.17,33.52,34.04,7573900,CTG
2025-09-10 07:00:00,34.04,35.27,34.04,34.66,11991700,CTG
2025-09-11 07:00:00,34.45,34.72,33.52,34.72,6899500,CTG
2025-09-12 07:00:00,34.79,35.27,34.59,34.59,8089000,CTG
2025-09-15 07:00:00,34.72,35.41,34.28,35.41,12875800,CTG
2025-09-16 07:00:00,35.68,36.44,35.55,36.03,18522800,CTG
2025-09-17 07:00:00,36.03,36.03,35.27,35.27,7654000,CTG
2025-09-18 07:00:00,35.34,35.41,34.72,35.14,8197900,CTG
2025-09-19 07:00:00,35.07,35.27,34.52,35.14,8134800,CTG
2025-09-22 07:00:00,34.79,34.93,33.66,33.83,11674200,CTG
2025-09-23 07:00:00,33.97,34.31,33.9,34.31,4299500,CTG
2025-09-24 07:00:00,34.11,34.66,33.83,34.66,5150700,CTG
2025-09-25 07:00:00,34.66,34.86,34.38,34.52,4692600,CTG
2025-09-26 07:00:00,34.52,35.41,34.28,34.79,10287000,CTG
2025-09-29 07:00:00,34.79,35.14,34.59,35.0,4392900,CTG
2025-09-30 07:00:00,34.86,35.0,34.31,34.86,6496500,CTG
2025-10-01 07:00:00,35.0,35.62,34.59,35.34,7104100,CTG
2025-10-02 07:00:00,35.55,35.96,35.14,35.34,8398200,CTG
2025-10-03 07:00:00,35.2,35.27,34.52,34.86,7606900,CTG
2025-10-06 07:00:00,35.2,36.16,35.0,35.96,9569400,CTG
2025-10-07 07:00:00,36.23,36.23,35.41,35.41,6054100,CTG
2025-10-08 07:00:00,35.82,36.65,35.68,36.3,11976900,CTG
2025-10-09 07:00:00,36.3,37.74,36.1,37.74,21543800,CTG
2025-10-10 07:00:00,38.22,38.77,37.67,37.88,13398000,CTG
2025-10-13 07:00:00,37.54,38.64,37.47,38.43,10943600,CTG
2025-10-14 07:00:00,38.64,38.64,37.6,37.6,13689600,CTG
2025-10-15 07:00:00,37.67,38.15,37.39,37.88,8091900,CTG
2025-10-16 07:00:00,37.95,38.02,36.98,37.18,10973700,CTG
2025-10-17 07:00:00,37.12,37.46,36.08,36.08,17820200,CTG
2025-10-20 07:00:00,36.49,36.91,33.73,33.8,25108500,CTG
2025-10-21 07:00:00,33.87,34.84,33.8,34.52,13428900,CTG
2025-10-22 07:00:00,34.9,34.9,33.52,34.9,11664700,CTG
2025-10-23 07:00:00,34.56,34.84,34.28,34.35,8497000,CTG
2025-10-24 07:00:00,34.11,34.49,33.18,34.42,11649500,CTG
2025-10-27 07:00:00,34.42,34.46,33.59,33.59,5362100,CTG
2025-10-28 07:00:00,33.56,33.87,33.0,33.87,6253500,CTG
2025-10-29 07:00:00,34.01,34.77,33.9,34.32,6411600,CTG
2025-10-30 07:00:00,34.42,34.46,33.94,34.01,4840500,CTG
2025-10-31 07:00:00,34.46,34.9,33.87,33.87,8858400,CTG
2025-11-03 07:00:00,34.08,34.28,33.52,33.52,5620800,CTG
2025-11-04 07:00:00,33.35,34.56,33.07,34.52,7379300,CTG
2025-11-05 07:00:00,34.42,35.66,34.21,35.46,10623400,CTG
2025-11-06 07:00:00,35.39,35.39,34.63,35.32,7255500,CTG
2025-11-07 07:00:00,34.9,35.39,33.49,33.87,13056800,CTG
2025-11-10 07:00:00,33.66,33.87,32.94,33.18,7671700,CTG
2025-11-11 07:00:00,33.28,33.52,32.48,33.52,8811100,CTG
2025-11-12 07:00:00,33.52,34.21,33.25,34.01,6635000,CTG
2025-11-13 07:00:00,33.97,33.97,33.45,33.76,5628500,CTG
2025-11-14 07:00:00,33.52,33.59,33.21,33.56,6523600,CTG
2025-11-17 07:00:00,33.7,33.83,33.42,33.76,5014800,CTG
2025-11-18 07:00:00,33.8,34.25,33.76,34.14,5458400,CTG
2025-11-19 07:00:00,34.14,34.14,33.7,34.11,5019700,CTG
2025-11-20 07:00:00,34.08,34.08,33.63,33.94,4543200,CTG
2025-11-21 07:00:00,33.59,34.01,33.38,33.94,6520900,CTG
2025-11-24 07:00:00,33.94,34.01,33.7,33.73,3617800,CTG
2025-11-25 07:00:00,33.66,33.83,33.28,33.28,5568500,CTG
2025-11-26 07:00:00,33.38,33.8,33.11,33.8,7071200,CTG
2025-11-27 07:00:00,33.87,34.28,33.73,33.76,7632300,CTG
2025-11-28 07:00:00,33.63,33.87,33.32,33.87,4673400,CTG
2025-12-01 07:00:00,33.8,33.83,33.45,33.45,2739600,CTG
2025-12-02 07:00:00,33.83,34.01,33.45,33.9,8947700,CTG
2025-12-03 07:00:00,34.21,36.22,34.21,35.94,22667700,CTG
2025-12-04 07:00:00,36.08,36.36,35.73,35.94,7554000,CTG
2025-12-05 07:00:00,36.01,36.08,35.39,35.6,6459700,CTG
2025-12-08 07:00:00,35.53,35.53,34.97,35.32,6112900,CTG
2025-12-09 07:00:00,35.18,35.18,34.52,34.63,9538100,CTG
2025-12-10 07:00:00,34.84,35.11,34.63,34.9,3867500,CTG
2025-12-11 07:00:00,35.04,35.04,34.56,34.63,4553200,CTG
2025-12-12 07:00:00,34.77,34.97,34.21,34.21,8014400,CTG
2025-12-15 07:00:00,34.28,34.39,33.9,34.35,5440100,CTG
2025-12-16 07:00:00,34.56,35.25,33.9,35.25,15094400,CTG
2025-12-17 07:00:00,35.5,35.55,34.35,34.7,10665100,CTG
2025-12-18 07:00:00,34.7,34.75,33.95,34.35,5822900,CTG
2025-12-19 07:00:00,34.35,34.6,34.05,34.45,7234100,CTG
2025-12-22 07:00:00,34.5,35.25,34.3,35.15,11776100,CTG
2025-12-23 07:00:00,35.3,35.55,34.65,35.0,9893700,CTG
2025-12-24 07:00:00,35.0,35.3,34.7,35.3,9502300,CTG
2025-12-25 07:00:00,35.4,36.45,35.0,35.0,13969300,CTG
2025-12-26 07:00:00,34.9,35.25,34.25,35.2,10622300,CTG
2025-12-29 07:00:00,35.0,35.35,34.9,35.3,7192400,CTG
2025-12-30 07:00:00,35.35,35.95,35.2,35.65,8456300,CTG
2025-12-31 07:00:00,35.7,35.8,35.4,35.75,7920700,CTG
2026-01-05 07:00:00,35.8,36.1,34.55,35.5,10427300,CTG
2026-01-06 07:00:00,35.4,36.2,34.8,36.2,14857900,CTG
2026-01-07 07:00:00,36.4,37.5,36.35,37.45,22144400,CTG
2026-01-08 07:00:00,37.55,39.5,37.1,38.2,31939500,CTG
2026-01-09 07:00:00,39.0,40.85,38.7,40.75,38922900,CTG
2026-01-12 07:00:00,42.0,43.5,41.35,41.5,37246900,CTG
2026-01-13 07:00:00,41.5,42.35,40.0,41.3,32378300,CTG
2026-01-14 07:00:00,40.8,43.25,40.65,41.45,30568900,CTG
2026-01-15 07:00:00,40.5,41.0,39.6,40.0,28177000,CTG
2026-01-16 07:00:00,40.7,41.55,39.5,39.6,21678400,CTG
2026-01-19 07:00:00,39.65,40.35,39.55,40.0,13549500,CTG
2026-01-20 07:00:00,40.45,40.6,39.65,39.65,18904200,CTG
2026-01-21 07:00:00,39.55,40.55,39.0,40.2,20390200,CTG
2026-01-22 07:00:00,40.4,41.3,39.85,39.9,21656100,CTG
2026-01-23 07:00:00,40.0,40.05,38.85,39.0,17979800,CTG
2026-01-26 07:00:00,39.05,39.15,38.05,38.2,17221600,CTG
2026-01-27 07:00:00,38.2,38.65,38.1,38.25,12601700,CTG
2026-01-28 07:00:00,38.35,39.65,38.3,38.4,15308300,CTG
2026-01-29 07:00:00,38.5,38.9,38.1,38.3,10027200,CTG
2026-01-30 07:00:00,38.2,39.0,37.8,38.75,28474900,CTG
2026-02-02 07:00:00,38.8,39.8,38.7,39.35,23383000,CTG
2026-02-03 07:00:00,39.75,40.3,39.3,39.7,23670600,CTG
2026-02-04 07:00:00,39.9,39.9,39.15,39.6,18233300,CTG
2026-02-05 07:00:00,39.65,39.7,38.6,38.6,16072100,CTG
2026-02-06 07:00:00,38.2,38.35,37.4,37.4,24838700,CTG
2026-02-09 07:00:00,37.7,37.85,36.8,37.1,9918300,CTG
2026-02-10 07:00:00,37.5,37.6,36.65,37.1,12648100,CTG
2026-02-11 07:00:00,37.45,38.25,37.3,37.9,13723100,CTG
2026-02-12 07:00:00,38.3,38.3,37.75,38.0,8656700,CTG
2026-02-13 07:00:00,38.0,38.6,37.7,38.6,9259700,CTG
2026-02-23 07:00:00,38.95,39.0,38.55,38.7,8379600,CTG
2026-02-24 07:00:00,38.55,38.7,38.05,38.2,12133300,CTG
2026-02-25 07:00:00,38.35,39.1,38.2,38.5,10573600,CTG
2026-02-26 07:00:00,38.55,38.75,38.05,38.5,11489400,CTG
2026-02-27 07:00:00,38.45,38.45,38.05,38.25,8888400,CTG
2026-03-02 07:00:00,37.5,37.85,36.85,36.85,25730000,CTG
2026-03-03 07:00:00,36.8,37.3,35.9,35.9,21254700,CTG
2026-03-04 07:00:00,35.75,36.7,35.45,36.4,19451000,CTG
2026-03-05 07:00:00,37.0,37.1,36.2,36.2,8015700,CTG
2026-03-06 07:00:00,35.9,36.3,35.65,35.65,8532000,CTG
2026-03-09 07:00:00,33.2,33.5,33.2,33.2,17770800,CTG
2026-03-10 07:00:00,34.2,35.15,33.6,35.05,24975700,CTG
2026-03-11 07:00:00,35.0,35.6,34.7,35.1,12877000,CTG
2026-03-12 07:00:00,34.8,34.9,34.25,34.3,12913700,CTG
2026-03-13 07:00:00,34.3,34.5,33.95,34.0,8278900,CTG
2026-03-16 07:00:00,34.05,34.5,34.0,34.15,5159300,CTG
2026-03-17 07:00:00,34.45,34.8,34.4,34.4,7184200,CTG
2026-03-18 07:00:00,34.6,35.75,34.6,35.0,12546300,CTG
2026-03-19 07:00:00,34.5,34.8,34.3,34.65,7530900,CTG
2026-03-20 07:00:00,34.55,34.6,33.6,33.6,10708700,CTG
2026-03-23 07:00:00,33.2,33.2,32.0,32.5,13238000,CTG
2026-03-24 07:00:00,33.3,33.95,33.1,33.55,6410500,CTG
2026-03-25 07:00:00,33.75,34.1,33.7,34.05,6241100,CTG
2026-03-26 07:00:00,34.05,34.1,33.45,33.8,5738200,CTG
2026-03-27 07:00:00,33.7,35.0,33.6,34.8,12073500,CTG
2026-03-30 07:00:00,34.1,34.75,33.9,34.05,6061900,CTG
2026-03-31 07:00:00,34.4,34.65,34.1,34.6,7394400,CTG
2026-04-01 07:00:00,35.2,35.3,34.65,34.75,8257700,CTG
2026-04-02 07:00:00,34.45,34.55,34.1,34.3,6251200,CTG
2026-04-03 07:00:00,34.4,34.5,33.8,33.8,8626800,CTG
2026-04-06 07:00:00,33.75,34.05,33.55,33.7,6070500,CTG
2026-04-07 07:00:00,33.75,33.85,33.5,33.7,4955000,CTG
2026-04-08 07:00:00,34.8,35.5,34.3,35.5,13337900,CTG
2026-04-09 07:00:00,35.05,35.3,34.8,35.0,6309300,CTG
2026-04-10 07:00:00,35.25,35.8,35.0,35.0,8029500,CTG
2026-04-13 07:00:00,34.8,35.0,34.55,34.8,4304400,CTG
2026-04-14 07:00:00,35.1,35.15,34.8,34.9,5465100,CTG
2026-04-15 07:00:00,35.2,35.3,34.85,35.05,5586500,CTG
2026-04-16 07:00:00,35.15,35.15,34.5,34.6,5773800,CTG
2026-04-17 07:00:00,34.7,34.9,34.55,34.85,3775800,CTG
2026-04-20 07:00:00,34.95,35.3,34.9,35.1,6020100,CTG
2026-04-21 07:00:00,35.3,35.45,34.85,34.85,5807100,CTG
2026-04-22 07:00:00,34.9,35.1,34.8,34.9,3997500,CTG
2026-04-23 07:00:00,34.8,36.8,34.8,35.5,22296200,CTG
2026-04-24 07:00:00,35.6,35.7,35.0,35.0,4783100,CTG
2026-04-28 07:00:00,35.3,35.35,34.7,34.8,6945200,CTG
2026-04-29 07:00:00,35.0,35.1,34.75,34.95,6648700,CTG
2026-05-04 07:00:00,35.4,35.7,35.2,35.35,8318000,CTG
2026-05-05 07:00:00,35.3,35.3,34.9,34.9,2560000,CTG
2023-05-08 07:00:00,13.65,13.89,13.56,13.89,2847500,TCB
2023-05-09 07:00:00,13.91,13.94,13.72,13.84,1990400,TCB
2023-05-10 07:00:00,13.86,13.89,13.75,13.84,2523100,TCB
2023-05-11 07:00:00,13.94,13.94,13.75,13.75,2514400,TCB
2023-05-12 07:00:00,13.75,13.84,13.7,13.84,2625300,TCB
2023-05-15 07:00:00,13.91,14.24,13.89,14.12,7336200,TCB
2023-05-16 07:00:00,14.22,14.22,14.05,14.08,2075700,TCB
2023-05-17 07:00:00,14.03,14.12,13.82,13.82,3659200,TCB
2023-05-18 07:00:00,13.82,14.03,13.82,13.96,3215500,TCB
2023-05-19 07:00:00,13.96,14.05,13.82,14.01,3397600,TCB
2023-05-22 07:00:00,14.03,14.46,14.03,14.41,9444100,TCB
2023-05-23 07:00:00,14.5,14.5,14.17,14.34,4205200,TCB
2023-05-24 07:00:00,14.36,14.43,14.05,14.08,4818900,TCB
2023-05-25 07:00:00,14.08,14.12,13.98,14.08,2521600,TCB
2023-05-26 07:00:00,14.12,14.15,14.01,14.12,1794600,TCB
2023-05-29 07:00:00,14.17,14.27,14.08,14.27,2765200,TCB
2023-05-30 07:00:00,14.36,14.38,14.17,14.27,2100900,TCB
2023-05-31 07:00:00,14.27,14.31,14.12,14.15,3944600,TCB
2023-06-01 07:00:00,14.17,14.31,14.05,14.31,4776200,TCB
2023-06-02 07:00:00,14.55,15.21,14.5,15.21,13798700,TCB
2023-06-05 07:00:00,15.33,15.49,15.07,15.07,5861900,TCB
2023-06-06 07:00:00,15.07,15.45,15.0,15.45,6000100,TCB
2023-06-07 07:00:00,15.38,15.47,15.21,15.4,4964100,TCB
2023-06-08 07:00:00,15.45,15.47,15.0,15.0,5741200,TCB
2023-06-09 07:00:00,15.02,15.35,14.93,15.31,5315500,TCB
2023-06-12 07:00:00,15.23,15.52,15.07,15.45,4136800,TCB
2023-06-13 07:00:00,15.45,15.54,15.31,15.49,3529000,TCB
2023-06-14 07:00:00,15.59,15.8,15.38,15.4,5374800,TCB
2023-06-15 07:00:00,15.4,15.54,15.31,15.42,3863700,TCB
2023-06-16 07:00:00,15.42,15.8,15.35,15.38,6928400,TCB
2023-06-19 07:00:00,15.38,15.38,15.09,15.16,3674300,TCB
2023-06-20 07:00:00,15.21,15.23,15.09,15.19,2084400,TCB
2023-06-21 07:00:00,15.19,15.35,15.16,15.35,2506800,TCB
2023-06-22 07:00:00,15.54,15.66,15.4,15.4,4395200,TCB
2023-06-23 07:00:00,15.42,15.71,15.38,15.54,4144400,TCB
2023-06-26 07:00:00,15.54,15.73,15.38,15.73,4044900,TCB
2023-06-27 07:00:00,15.73,15.78,15.54,15.57,3665500,TCB
2023-06-28 07:00:00,15.57,15.73,15.47,15.73,4303400,TCB
2023-06-29 07:00:00,15.73,15.78,15.42,15.42,3538900,TCB
2023-06-30 07:00:00,15.42,15.49,15.28,15.28,2448500,TCB
2023-07-03 07:00:00,15.45,15.45,15.12,15.12,3753900,TCB
2023-07-04 07:00:00,15.12,15.16,15.05,15.12,4327000,TCB
2023-07-05 07:00:00,15.19,15.31,15.09,15.09,4323800,TCB
2023-07-06 07:00:00,15.09,15.14,14.74,14.9,6311500,TCB
2023-07-07 07:00:00,14.88,15.02,14.79,14.9,3274400,TCB
2023-07-10 07:00:00,15.12,15.16,14.97,15.12,4982800,TCB
2023-07-11 07:00:00,15.21,15.28,15.09,15.09,5708100,TCB
2023-07-12 07:00:00,15.07,15.12,14.93,14.95,4341600,TCB
2023-07-13 07:00:00,14.97,15.12,14.95,15.09,4412100,TCB
2023-07-14 07:00:00,15.21,15.21,14.97,15.09,4472000,TCB
2023-07-17 07:00:00,15.16,15.16,15.02,15.07,3652700,TCB
2023-07-18 07:00:00,15.07,15.26,15.02,15.26,6508500,TCB
2023-07-19 07:00:00,15.42,15.54,15.23,15.26,5556900,TCB
2023-07-20 07:00:00,15.31,15.31,15.02,15.07,5263800,TCB
2023-07-21 07:00:00,15.05,15.26,15.05,15.26,5206200,TCB
2023-07-24 07:00:00,15.33,15.35,15.19,15.33,4832200,TCB
2023-07-25 07:00:00,15.49,15.97,15.45,15.83,13269100,TCB
2023-07-26 07:00:00,15.83,15.85,15.68,15.8,3413000,TCB
2023-07-27 07:00:00,15.75,15.8,15.45,15.64,7797000,TCB
2023-07-28 07:00:00,15.61,15.97,15.59,15.97,5630800,TCB
2023-07-31 07:00:00,16.11,16.34,16.06,16.2,7648800,TCB
2023-08-01 07:00:00,16.34,16.34,16.06,16.06,8659400,TCB
2023-08-02 07:00:00,16.01,16.11,15.94,16.01,4644300,TCB
2023-08-03 07:00:00,16.06,16.09,15.83,15.83,4171200,TCB
2023-08-04 07:00:00,15.9,16.16,15.8,15.87,12322800,TCB
2023-08-07 07:00:00,16.16,16.27,16.06,16.23,5256500,TCB
2023-08-08 07:00:00,16.25,16.3,16.04,16.06,5539100,TCB
2023-08-09 07:00:00,16.09,16.16,15.97,16.06,4668500,TCB
2023-08-10 07:00:00,16.06,16.09,15.83,15.83,6166000,TCB
2023-08-11 07:00:00,15.85,15.97,15.64,15.9,5907600,TCB
2023-08-14 07:00:00,15.94,15.97,15.8,15.97,4574500,TCB
2023-08-15 07:00:00,16.01,16.25,15.99,16.09,4610800,TCB
2023-08-16 07:00:00,16.06,16.7,16.04,16.68,13197300,TCB
2023-08-17 07:00:00,16.68,16.68,16.39,16.39,5308300,TCB
2023-08-18 07:00:00,16.32,16.32,15.33,15.35,13220000,TCB
2023-08-21 07:00:00,15.35,15.57,15.16,15.47,5356600,TCB
2023-08-22 07:00:00,15.47,15.64,15.07,15.64,6716400,TCB
2023-08-23 07:00:00,16.06,16.16,15.68,15.68,9087900,TCB
2023-08-24 07:00:00,15.83,16.04,15.78,15.97,4814900,TCB
2023-08-25 07:00:00,15.92,15.99,15.78,15.9,3638000,TCB
2023-08-28 07:00:00,15.99,16.11,15.87,16.06,4017200,TCB
2023-08-29 07:00:00,16.06,16.18,15.94,16.01,3702500,TCB
2023-08-30 07:00:00,16.06,16.2,16.01,16.06,4267500,TCB
2023-08-31 07:00:00,16.11,16.3,16.11,16.3,4121700,TCB
2023-09-05 07:00:00,16.44,16.6,16.42,16.53,7998900,TCB
2023-09-06 07:00:00,16.56,16.7,16.46,16.63,4653200,TCB
2023-09-07 07:00:00,16.65,17.08,16.58,16.89,9044800,TCB
2023-09-08 07:00:00,16.94,16.96,16.7,16.7,4602900,TCB
2023-09-11 07:00:00,16.82,16.82,16.27,16.32,10812100,TCB
2023-09-12 07:00:00,16.32,16.68,16.25,16.68,4935900,TCB
2023-09-13 07:00:00,16.72,16.75,16.46,16.53,4978100,TCB
2023-09-14 07:00:00,16.58,16.89,16.49,16.49,7642600,TCB
2023-09-15 07:00:00,16.58,16.77,16.49,16.49,4523900,TCB
2023-09-18 07:00:00,16.46,16.53,16.06,16.11,7730100,TCB
2023-09-19 07:00:00,16.2,16.23,15.97,16.01,5864300,TCB
2023-09-20 07:00:00,16.01,16.3,15.99,16.23,3426300,TCB
2023-09-21 07:00:00,16.23,16.3,16.06,16.2,3165600,TCB
2023-09-22 07:00:00,16.04,16.18,15.78,16.06,7542500,TCB
2023-09-25 07:00:00,16.06,16.16,15.47,15.49,4230500,TCB
2023-09-26 07:00:00,15.49,15.59,15.31,15.31,4755900,TCB
2023-09-27 07:00:00,15.23,15.4,15.23,15.4,3553500,TCB
2023-09-28 07:00:00,15.4,16.01,15.05,15.9,6556500,TCB
2023-09-29 07:00:00,15.83,15.92,15.64,15.9,2907800,TCB
2023-10-02 07:00:00,15.9,15.9,15.59,15.66,2138300,TCB
2023-10-03 07:00:00,15.54,15.54,15.07,15.35,4650100,TCB
2023-10-04 07:00:00,15.23,15.42,15.12,15.23,2796000,TCB
2023-10-05 07:00:00,15.28,15.4,15.02,15.02,2442600,TCB
2023-10-06 07:00:00,15.0,15.23,14.93,15.14,2551600,TCB
2023-10-09 07:00:00,15.16,15.19,15.07,15.16,2793700,TCB
2023-10-10 07:00:00,15.26,15.42,15.23,15.35,2660000,TCB
2023-10-11 07:00:00,15.42,15.42,15.26,15.4,2199600,TCB
2023-10-12 07:00:00,15.45,15.52,15.35,15.35,2464200,TCB
2023-10-13 07:00:00,15.31,15.33,15.12,15.21,1949500,TCB
2023-10-16 07:00:00,15.14,15.26,15.02,15.02,2476400,TCB
2023-10-17 07:00:00,15.09,15.21,15.0,15.0,1820000,TCB
2023-10-18 07:00:00,15.0,15.02,14.64,14.76,4719900,TCB
2023-10-19 07:00:00,14.76,14.83,14.48,14.48,2785000,TCB
2023-10-20 07:00:00,14.5,14.83,14.43,14.69,2434100,TCB
2023-10-23 07:00:00,14.69,14.88,14.41,14.6,2788400,TCB
2023-10-24 07:00:00,14.81,15.02,14.67,14.81,2173100,TCB
2023-10-25 07:00:00,14.74,14.93,14.74,14.74,2122800,TCB
2023-10-26 07:00:00,14.55,14.62,13.79,14.08,6676400,TCB
2023-10-27 07:00:00,14.17,14.36,13.75,13.96,3872700,TCB
2023-10-30 07:00:00,13.79,13.82,13.27,13.27,6594400,TCB
2023-10-31 07:00:00,13.32,13.46,12.85,13.09,6087100,TCB
2023-11-01 07:00:00,13.37,13.44,12.97,13.32,4479300,TCB
2023-11-02 07:00:00,13.61,13.98,13.46,13.86,4705900,TCB
2023-11-03 07:00:00,14.15,14.64,13.96,14.64,8102700,TCB
2023-11-06 07:00:00,14.55,14.64,14.31,14.64,3301400,TCB
2023-11-07 07:00:00,14.46,14.62,14.38,14.46,1508300,TCB
2023-11-08 07:00:00,14.46,15.07,14.27,15.02,3874600,TCB
2023-11-09 07:00:00,15.05,15.09,14.79,14.88,4253500,TCB
2023-11-10 07:00:00,14.74,14.88,14.5,14.67,4074300,TCB
2023-11-13 07:00:00,14.79,14.79,14.48,14.6,2458800,TCB
2023-11-14 07:00:00,14.72,15.0,14.6,14.88,3979700,TCB
2023-11-15 07:00:00,15.12,15.21,14.88,14.9,3671500,TCB
2023-11-16 07:00:00,14.88,15.02,14.88,14.97,2240400,TCB
2023-11-17 07:00:00,14.97,15.09,14.5,14.72,5082600,TCB
2023-11-20 07:00:00,14.41,14.76,14.38,14.64,4320400,TCB
2023-11-21 07:00:00,14.81,14.81,14.55,14.55,2243600,TCB
2023-11-22 07:00:00,14.6,14.64,14.48,14.62,1836200,TCB
2023-11-23 07:00:00,14.74,14.79,14.36,14.36,3280100,TCB
2023-11-24 07:00:00,14.34,14.46,13.91,14.2,4696800,TCB
2023-11-27 07:00:00,14.15,14.15,13.84,13.84,3048100,TCB
2023-11-28 07:00:00,13.84,14.15,13.61,14.15,3736900,TCB
2023-11-29 07:00:00,14.12,14.31,13.98,14.12,1779600,TCB
2023-11-30 07:00:00,14.05,14.2,13.94,13.94,2756300,TCB
2023-12-01 07:00:00,13.98,14.1,13.86,14.05,2696100,TCB
2023-12-04 07:00:00,14.08,14.41,14.08,14.27,4761000,TCB
2023-12-05 07:00:00,14.29,14.31,14.12,14.2,3093500,TCB
2023-12-06 07:00:00,14.17,14.41,14.17,14.36,2489700,TCB
2023-12-07 07:00:00,14.43,14.67,14.31,14.57,5844300,TCB
2023-12-08 07:00:00,14.57,14.64,14.46,14.62,2749400,TCB
2023-12-11 07:00:00,14.62,14.64,14.48,14.57,1614200,TCB
2023-12-12 07:00:00,14.57,14.67,14.53,14.67,2167900,TCB
2023-12-13 07:00:00,14.72,14.72,14.41,14.41,3108700,TCB
2023-12-14 07:00:00,14.55,14.57,14.43,14.43,2552800,TCB
2023-12-15 07:00:00,14.43,14.55,14.36,14.46,2153100,TCB
2023-12-18 07:00:00,14.46,14.48,14.2,14.2,2378300,TCB
2023-12-19 07:00:00,14.17,14.46,14.08,14.46,2109500,TCB
2023-12-20 07:00:00,14.31,14.43,14.24,14.34,1746600,TCB
2023-12-21 07:00:00,14.31,14.48,14.24,14.48,2482700,TCB
2023-12-22 07:00:00,14.41,14.55,14.38,14.46,1853900,TCB
2023-12-25 07:00:00,14.55,14.64,14.46,14.62,2572700,TCB
2023-12-26 07:00:00,14.57,14.64,14.53,14.55,1507400,TCB
2023-12-27 07:00:00,14.57,14.72,14.57,14.57,2015600,TCB
2023-12-28 07:00:00,14.6,14.95,14.6,14.88,5753400,TCB
2023-12-29 07:00:00,14.97,15.09,14.88,15.02,4231700,TCB
2024-01-02 07:00:00,15.07,15.23,15.02,15.16,3710100,TCB
2024-01-03 07:00:00,15.07,15.4,15.05,15.4,5610600,TCB
2024-01-04 07:00:00,15.4,15.9,15.38,15.64,10073900,TCB
2024-01-05 07:00:00,15.64,15.78,15.59,15.68,3569900,TCB
2024-01-08 07:00:00,15.83,16.13,15.75,16.11,6323800,TCB
2024-01-09 07:00:00,16.06,16.3,15.97,16.3,6900500,TCB
2024-01-10 07:00:00,16.32,16.39,16.18,16.25,7189800,TCB
2024-01-11 07:00:00,16.2,16.34,15.97,16.13,6731000,TCB
2024-01-12 07:00:00,15.99,16.39,15.85,16.37,10186600,TCB
2024-01-15 07:00:00,16.39,16.44,16.2,16.2,3727300,TCB
2024-01-16 07:00:00,16.11,16.16,15.97,16.13,4458700,TCB
2024-01-17 07:00:00,16.13,16.37,16.06,16.09,4420000,TCB
2024-01-18 07:00:00,16.18,16.34,16.09,16.25,4108200,TCB
2024-01-19 07:00:00,16.34,16.6,16.3,16.51,7947400,TCB
2024-01-22 07:00:00,16.68,16.68,16.39,16.51,4313700,TCB
2024-01-23 07:00:00,16.77,17.01,16.72,16.75,10075300,TCB
2024-01-24 07:00:00,16.65,16.79,16.65,16.65,3141400,TCB
2024-01-25 07:00:00,16.65,16.65,16.49,16.53,4271400,TCB
2024-01-26 07:00:00,16.56,16.77,16.53,16.72,3145200,TCB
2024-01-29 07:00:00,16.75,16.84,16.63,16.65,3145300,TCB
2024-01-30 07:00:00,16.58,16.65,16.39,16.63,5207300,TCB
2024-01-31 07:00:00,16.63,16.65,16.25,16.32,5380200,TCB
2024-02-01 07:00:00,16.27,16.37,16.06,16.13,6209900,TCB
2024-02-02 07:00:00,16.06,16.27,16.06,16.13,7864700,TCB
2024-02-05 07:00:00,16.27,17.01,16.25,16.77,9600300,TCB
2024-02-06 07:00:00,16.84,17.1,16.82,16.84,4013800,TCB
2024-02-07 07:00:00,16.91,17.62,16.91,17.62,11167100,TCB
2024-02-15 07:00:00,17.71,18.4,17.69,18.14,13071500,TCB
2024-02-16 07:00:00,18.19,18.28,17.9,18.19,7217800,TCB
2024-02-19 07:00:00,18.21,18.45,18.16,18.38,9734800,TCB
2024-02-20 07:00:00,18.33,18.42,18.19,18.38,5413200,TCB
2024-02-21 07:00:00,18.31,18.59,18.23,18.42,7674900,TCB
2024-02-22 07:00:00,18.42,19.06,18.4,19.04,9645200,TCB
2024-02-23 07:00:00,19.25,20.01,18.9,18.94,16442400,TCB
2024-02-26 07:00:00,18.99,19.6,18.99,19.46,9615100,TCB
2024-02-27 07:00:00,19.56,19.82,19.37,19.82,8413100,TCB
2024-02-28 07:00:00,19.86,20.01,19.63,19.94,7524100,TCB
2024-02-29 07:00:00,20.05,20.05,19.53,19.94,9026500,TCB
2024-03-01 07:00:00,19.7,19.77,19.49,19.77,9291100,TCB
2024-03-04 07:00:00,19.72,19.94,19.53,19.77,8435000,TCB
2024-03-05 07:00:00,19.75,19.94,19.56,19.94,6316800,TCB
2024-03-06 07:00:00,19.86,20.55,19.75,20.19,11167400,TCB
2024-03-07 07:00:00,20.24,20.45,20.03,20.12,7214000,TCB
2024-03-08 07:00:00,20.05,20.12,19.37,19.37,20127300,TCB
2024-03-11 07:00:00,19.32,19.46,18.85,19.08,11182600,TCB
2024-03-12 07:00:00,19.06,19.51,18.94,19.46,8497100,TCB
2024-03-13 07:00:00,19.46,19.84,19.34,19.84,7892700,TCB
2024-03-14 07:00:00,19.89,19.89,19.49,19.56,6636800,TCB
2024-03-15 07:00:00,19.49,19.68,19.08,19.56,7540800,TCB
2024-03-18 07:00:00,19.46,19.46,18.61,18.94,11297200,TCB
2024-03-19 07:00:00,18.99,19.08,18.71,19.04,5330900,TCB
2024-03-20 07:00:00,19.08,20.05,18.92,19.98,16882000,TCB
2024-03-21 07:00:00,20.12,21.31,20.12,21.31,16923300,TCB
2024-03-22 07:00:00,21.49,21.49,20.81,21.21,10791500,TCB
2024-03-25 07:00:00,21.54,21.92,20.86,21.16,10737400,TCB
2024-03-26 07:00:00,21.16,21.82,21.02,21.71,7755900,TCB
2024-03-27 07:00:00,21.82,21.82,21.31,21.52,4640100,TCB
2024-03-28 07:00:00,23.01,23.01,22.53,22.68,30022800,TCB
2024-03-29 07:00:00,22.65,22.75,22.46,22.46,6403800,TCB
2024-04-01 07:00:00,22.46,22.53,22.13,22.42,8561000,TCB
2024-04-02 07:00:00,22.49,22.68,22.2,22.51,13559100,TCB
2024-04-03 07:00:00,22.39,22.65,22.11,22.11,8776700,TCB
2024-04-04 07:00:00,21.97,22.08,21.71,21.73,10756900,TCB
2024-04-05 07:00:00,21.49,21.68,21.33,21.35,12129600,TCB
2024-04-08 07:00:00,21.26,21.66,21.21,21.49,9964400,TCB
2024-04-09 07:00:00,21.49,21.64,21.35,21.64,5384200,TCB
2024-04-10 07:00:00,21.73,22.11,21.54,21.56,7754300,TCB
2024-04-11 07:00:00,21.28,21.56,21.23,21.31,11371200,TCB
2024-04-12 07:00:00,21.47,22.42,21.31,22.39,13456300,TCB
2024-04-15 07:00:00,22.3,22.42,20.88,20.97,13735800,TCB
2024-04-16 07:00:00,21.23,21.49,20.88,21.49,15151800,TCB
2024-04-17 07:00:00,21.49,21.54,21.09,21.19,7454000,TCB
2024-04-19 07:00:00,20.79,21.09,20.48,21.02,14444400,TCB
2024-04-22 07:00:00,21.42,21.59,21.21,21.38,6813500,TCB
2024-04-23 07:00:00,21.49,22.44,21.49,21.82,15592800,TCB
2024-04-24 07:00:00,22.11,22.23,21.92,22.2,7532200,TCB
2024-04-25 07:00:00,22.2,22.2,21.64,21.8,7161400,TCB
2024-04-26 07:00:00,21.73,22.16,21.56,22.01,5678300,TCB
2024-05-02 07:00:00,22.11,22.18,21.9,22.13,4351500,TCB
2024-05-03 07:00:00,22.44,23.05,22.39,22.77,13660600,TCB
2024-05-06 07:00:00,22.91,23.01,22.63,22.84,7906500,TCB
2024-05-07 07:00:00,22.84,22.84,22.53,22.63,9058500,TCB
2024-05-08 07:00:00,22.63,23.24,22.34,22.77,15386300,TCB
2024-05-09 07:00:00,22.96,23.1,22.58,22.89,8705600,TCB
2024-05-10 07:00:00,23.05,23.05,22.63,22.91,7679300,TCB
2024-05-13 07:00:00,22.91,22.98,22.68,22.86,6004900,TCB
2024-05-14 07:00:00,22.89,22.89,22.6,22.63,7472800,TCB
2024-05-15 07:00:00,22.63,22.75,22.56,22.72,9678900,TCB
2024-05-16 07:00:00,22.91,23.6,22.86,23.57,20864900,TCB
2024-05-17 07:00:00,23.5,23.62,23.45,23.5,6345600,TCB
2024-05-20 07:00:00,23.6,23.86,23.41,23.48,9304700,TCB
2024-05-21 07:00:00,23.43,23.48,22.92,22.99,11258500,TCB
2024-05-22 07:00:00,23.02,23.14,22.58,22.6,14666400,TCB
2024-05-23 07:00:00,22.55,22.72,22.33,22.65,7238900,TCB
2024-05-24 07:00:00,22.48,23.02,22.31,22.6,14617600,TCB
2024-05-27 07:00:00,22.6,22.7,22.41,22.65,5007700,TCB
2024-05-28 07:00:00,22.65,22.87,22.55,22.84,6014900,TCB
2024-05-29 07:00:00,22.89,22.92,22.6,22.65,6948600,TCB
2024-05-30 07:00:00,22.43,22.8,22.33,22.8,7573700,TCB
2024-05-31 07:00:00,22.8,22.89,22.55,22.89,5677200,TCB
2024-06-03 07:00:00,23.14,23.23,22.94,22.97,10681000,TCB
2024-06-04 07:00:00,23.14,23.28,22.89,23.19,9962000,TCB
2024-06-05 07:00:00,23.23,23.26,22.99,23.14,9260100,TCB
2024-06-06 07:00:00,23.16,23.38,22.99,23.38,13114900,TCB
2024-06-07 07:00:00,23.87,24.21,23.72,23.92,15463100,TCB
2024-06-10 07:00:00,24.11,24.11,23.55,23.82,8633400,TCB
2024-06-11 07:00:00,24.11,24.28,23.94,24.04,16586900,TCB
2024-06-12 07:00:00,24.04,24.11,23.87,24.06,9157900,TCB
2024-06-13 07:00:00,24.11,24.16,24.01,24.06,8424900,TCB
2024-06-14 07:00:00,24.11,24.14,23.92,23.92,9835600,TCB
2024-06-17 07:00:00,23.89,23.89,23.62,23.67,9687200,TCB
2024-06-18 07:00:00,23.67,23.92,23.48,23.77,10243100,TCB
2024-06-19 07:00:00,23.87,23.87,23.45,23.53,17027300,TCB
2024-06-20 07:00:00,23.92,24.5,23.87,24.16,34583800,TCB
2024-06-21 07:00:00,24.31,24.31,23.58,23.87,11686300,TCB
2024-06-24 07:00:00,23.87,23.87,22.99,23.33,14021100,TCB
2024-06-25 07:00:00,23.33,23.38,22.8,23.38,12070000,TCB
2024-06-26 07:00:00,23.33,23.38,22.94,23.38,7388500,TCB
2024-06-27 07:00:00,23.04,23.09,22.75,22.84,12338200,TCB
2024-06-28 07:00:00,22.84,22.89,21.92,22.75,21090100,TCB
2024-07-01 07:00:00,22.5,22.5,22.07,22.07,9012800,TCB
2024-07-02 07:00:00,22.26,22.6,22.07,22.31,9248300,TCB
2024-07-03 07:00:00,22.36,22.94,22.31,22.89,10183800,TCB
2024-07-04 07:00:00,22.89,22.94,22.7,22.89,5683100,TCB
2024-07-05 07:00:00,22.75,22.89,22.6,22.89,8377700,TCB
2024-07-08 07:00:00,22.89,22.89,22.5,22.84,6699200,TCB
2024-07-09 07:00:00,22.7,22.89,22.65,22.75,11389200,TCB
2024-07-10 07:00:00,22.8,22.84,22.5,22.55,10290600,TCB
2024-07-11 07:00:00,22.55,22.75,22.21,22.21,15419800,TCB
2024-07-12 07:00:00,22.26,22.41,22.21,22.21,5523200,TCB
2024-07-15 07:00:00,22.26,22.31,22.02,22.07,6044600,TCB
2024-07-16 07:00:00,22.07,22.26,21.97,22.11,11029900,TCB
2024-07-17 07:00:00,22.26,23.58,22.21,23.09,27351200,TCB
2024-07-18 07:00:00,23.09,23.23,22.7,23.09,11221300,TCB
2024-07-19 07:00:00,23.14,23.14,22.5,22.8,14092100,TCB
2024-07-22 07:00:00,22.7,23.19,22.41,23.04,14480100,TCB
2024-07-23 07:00:00,23.19,23.19,22.41,22.46,12471200,TCB
2024-07-24 07:00:00,22.26,22.6,22.26,22.41,10819000,TCB
2024-07-25 07:00:00,22.26,22.31,21.97,22.16,8303700,TCB
2024-07-26 07:00:00,22.11,22.26,22.02,22.16,6322500,TCB
2024-07-29 07:00:00,22.26,22.36,22.16,22.16,5198700,TCB
2024-07-30 07:00:00,22.11,22.36,22.02,22.36,6723500,TCB
2024-07-31 07:00:00,22.41,22.75,22.36,22.65,11002900,TCB
2024-08-01 07:00:00,22.6,22.65,21.97,22.41,11637400,TCB
2024-08-02 07:00:00,21.97,22.89,21.97,22.89,13700300,TCB
2024-08-05 07:00:00,22.41,22.41,21.72,21.72,16810500,TCB
2024-08-06 07:00:00,21.82,22.02,21.48,21.72,17667600,TCB
2024-08-07 07:00:00,21.82,21.82,21.19,21.24,19624800,TCB
2024-08-08 07:00:00,21.04,21.09,20.21,20.31,41051900,TCB
2024-08-09 07:00:00,20.46,20.75,20.46,20.56,14966900,TCB
2024-08-12 07:00:00,20.65,20.7,20.46,20.7,10346600,TCB
2024-08-13 07:00:00,20.65,20.65,20.36,20.46,11492700,TCB
2024-08-14 07:00:00,20.51,20.75,20.36,20.65,11836400,TCB
2024-08-15 07:00:00,20.65,20.65,20.41,20.6,9559800,TCB
2024-08-16 07:00:00,20.6,20.99,20.51,20.9,21418700,TCB
2024-08-19 07:00:00,20.99,21.38,20.85,21.33,15706900,TCB
2024-08-20 07:00:00,21.38,21.48,21.24,21.29,12413000,TCB
2024-08-21 07:00:00,21.14,21.53,20.99,21.43,20036300,TCB
2024-08-22 07:00:00,21.43,22.07,21.43,21.77,20780600,TCB
2024-08-23 07:00:00,21.77,21.92,21.63,21.82,11973100,TCB
2024-08-26 07:00:00,21.92,22.07,21.82,21.92,16940600,TCB
2024-08-27 07:00:00,21.92,22.11,21.87,22.07,15067700,TCB
2024-08-28 07:00:00,22.11,22.55,22.02,22.41,19145000,TCB
2024-08-29 07:00:00,22.41,22.65,22.41,22.41,16097600,TCB
2024-08-30 07:00:00,22.41,22.75,22.41,22.75,13276300,TCB
2024-09-04 07:00:00,22.46,22.65,22.26,22.41,13719600,TCB
2024-09-05 07:00:00,22.31,22.46,22.11,22.21,11375000,TCB
2024-09-06 07:00:00,22.21,22.36,22.07,22.21,12161700,TCB
2024-09-09 07:00:00,22.11,22.26,22.02,22.07,12271500,TCB
2024-09-10 07:00:00,22.11,22.16,21.63,21.68,14110600,TCB
2024-09-11 07:00:00,21.58,21.68,21.38,21.53,11246200,TCB
2024-09-12 07:00:00,21.72,21.82,21.58,21.72,9122600,TCB
2024-09-13 07:00:00,21.72,21.77,21.58,21.63,10103800,TCB
2024-09-16 07:00:00,21.63,22.11,21.63,21.63,11594300,TCB
2024-09-17 07:00:00,21.58,22.16,21.58,22.16,7238500,TCB
2024-09-18 07:00:00,22.16,22.5,22.11,22.41,15057800,TCB
2024-09-19 07:00:00,22.6,22.6,22.31,22.6,13432600,TCB
2024-09-20 07:00:00,22.7,23.09,22.7,22.94,30615100,TCB
2024-09-23 07:00:00,22.94,23.14,22.75,22.75,8232000,TCB
2024-09-24 07:00:00,22.7,22.99,22.7,22.94,11039500,TCB
2024-09-25 07:00:00,23.14,23.33,22.99,23.19,23428400,TCB
2024-09-26 07:00:00,23.19,23.77,23.04,23.48,26218200,TCB
2024-09-27 07:00:00,23.58,23.72,23.43,23.58,16810100,TCB
2024-09-30 07:00:00,23.53,23.72,23.33,23.58,21491800,TCB
2024-10-01 07:00:00,23.58,24.16,23.53,24.01,40736400,TCB
2024-10-02 07:00:00,23.92,24.5,23.72,24.26,28212200,TCB
2024-10-03 07:00:00,24.31,24.55,23.72,23.72,29754600,TCB
2024-10-04 07:00:00,23.72,23.82,23.43,23.43,21424400,TCB
2024-10-07 07:00:00,23.62,23.72,23.38,23.53,12843900,TCB
2024-10-08 07:00:00,23.58,23.97,23.58,23.77,16248500,TCB
2024-10-09 07:00:00,23.77,24.11,23.67,24.01,21677200,TCB
2024-10-10 07:00:00,24.26,24.35,23.92,23.92,18247800,TCB
2024-10-11 07:00:00,23.92,23.97,23.62,23.82,13916200,TCB
2024-10-14 07:00:00,23.92,23.97,23.72,23.72,11945500,TCB
2024-10-15 07:00:00,23.72,23.97,23.53,23.62,14126800,TCB
2024-10-16 07:00:00,23.58,23.67,23.48,23.58,9019700,TCB
2024-10-17 07:00:00,23.58,23.77,23.48,23.72,9422800,TCB
2024-10-18 07:00:00,23.82,24.16,23.77,23.82,15418700,TCB
2024-10-21 07:00:00,23.82,23.87,23.48,23.53,9745000,TCB
2024-10-22 07:00:00,23.58,23.77,23.38,23.58,16879300,TCB
2024-10-23 07:00:00,23.58,23.67,23.14,23.58,16761400,TCB
2024-10-24 07:00:00,23.53,23.58,22.94,23.04,14256700,TCB
2024-10-25 07:00:00,23.14,23.23,22.8,22.89,14325400,TCB
2024-10-28 07:00:00,22.89,23.09,22.84,23.04,7020100,TCB
2024-10-29 07:00:00,23.09,23.23,23.09,23.14,6285800,TCB
2024-10-30 07:00:00,23.19,23.38,23.14,23.38,11087000,TCB
2024-10-31 07:00:00,23.38,23.48,23.23,23.28,8621600,TCB
2024-11-01 07:00:00,23.23,23.38,23.09,23.09,14550800,TCB
2024-11-04 07:00:00,23.14,23.14,22.8,22.84,13930100,TCB
2024-11-05 07:00:00,22.89,23.04,22.84,22.84,9921800,TCB
2024-11-06 07:00:00,22.99,23.43,22.99,23.28,15680200,TCB
2024-11-07 07:00:00,23.53,23.53,23.23,23.23,8601500,TCB
2024-11-08 07:00:00,23.38,23.38,22.84,22.99,13097100,TCB
2024-11-11 07:00:00,23.09,23.09,22.46,22.6,15357300,TCB
2024-11-12 07:00:00,22.8,22.8,22.31,22.46,12489700,TCB
2024-11-13 07:00:00,22.41,22.55,22.11,22.55,13323900,TCB
2024-11-14 07:00:00,22.41,22.46,22.16,22.21,7429400,TCB
2024-11-15 07:00:00,22.21,22.21,21.82,21.87,14453100,TCB
2024-11-18 07:00:00,21.82,22.11,21.63,21.87,12110400,TCB
2024-11-19 07:00:00,21.97,21.97,21.63,21.82,6936100,TCB
2024-11-20 07:00:00,21.72,22.26,21.68,22.26,10247500,TCB
2024-11-21 07:00:00,22.21,22.6,22.02,22.6,11213000,TCB
2024-11-22 07:00:00,22.6,22.94,22.55,22.89,14405800,TCB
2024-11-25 07:00:00,22.89,22.99,22.8,22.89,7187600,TCB
2024-11-26 07:00:00,22.89,23.09,22.84,22.94,6757500,TCB
2024-11-27 07:00:00,22.89,22.99,22.75,22.89,6388200,TCB
2024-11-28 07:00:00,23.04,23.09,22.8,22.99,8136900,TCB
2024-11-29 07:00:00,22.89,22.99,22.75,22.99,8447400,TCB
2024-12-02 07:00:00,23.09,23.09,22.8,23.04,6569300,TCB
2024-12-03 07:00:00,23.04,23.14,22.84,23.04,8333300,TCB
2024-12-04 07:00:00,22.84,22.99,22.8,22.84,8179300,TCB
2024-12-05 07:00:00,22.84,23.58,22.75,23.58,14188900,TCB
2024-12-06 07:00:00,23.58,23.62,23.33,23.53,10921300,TCB
2024-12-09 07:00:00,23.48,23.67,23.33,23.53,7597400,TCB
2024-12-10 07:00:00,23.43,23.58,23.38,23.43,7039400,TCB
2024-12-11 07:00:00,23.43,23.67,23.38,23.53,10341200,TCB
2024-12-12 07:00:00,23.58,23.87,23.53,23.62,18543300,TCB
2024-12-13 07:00:00,23.67,23.92,23.48,23.72,11020400,TCB
2024-12-16 07:00:00,23.67,23.77,23.48,23.67,6356400,TCB
2024-12-17 07:00:00,23.77,23.77,23.53,23.58,5387400,TCB
2024-12-18 07:00:00,23.62,23.67,23.48,23.58,5786300,TCB
2024-12-19 07:00:00,23.38,23.43,23.14,23.14,15028500,TCB
2024-12-20 07:00:00,23.23,23.33,23.19,23.19,4594100,TCB
2024-12-23 07:00:00,23.38,23.43,23.19,23.28,3208600,TCB
2024-12-24 07:00:00,23.43,23.43,23.19,23.38,5175500,TCB
2024-12-25 07:00:00,23.38,24.26,23.33,23.82,18370600,TCB
2024-12-26 07:00:00,23.87,23.92,23.67,23.72,5475600,TCB
2024-12-27 07:00:00,23.87,24.26,23.82,23.97,15395600,TCB
2024-12-30 07:00:00,24.11,24.11,23.72,23.77,10145800,TCB
2024-12-31 07:00:00,23.72,24.01,23.72,24.01,9403700,TCB
2025-01-02 07:00:00,24.01,24.06,23.67,23.72,7834500,TCB
2025-01-03 07:00:00,23.72,23.72,22.99,22.99,17426900,TCB
2025-01-06 07:00:00,22.99,23.23,22.89,22.99,8132700,TCB
2025-01-07 07:00:00,23.28,23.28,22.94,23.04,7615500,TCB
2025-01-08 07:00:00,23.19,23.67,23.04,23.33,11947100,TCB
2025-01-09 07:00:00,23.43,23.43,23.14,23.33,4709000,TCB
2025-01-10 07:00:00,23.38,23.38,22.8,22.8,6232100,TCB
2025-01-13 07:00:00,22.6,23.19,22.55,23.19,7939900,TCB
2025-01-14 07:00:00,22.94,23.14,22.89,22.99,4180100,TCB
2025-01-15 07:00:00,23.19,23.28,23.04,23.09,6720200,TCB
2025-01-16 07:00:00,23.23,23.33,22.99,23.23,8074100,TCB
2025-01-17 07:00:00,23.23,23.77,23.14,23.77,10016400,TCB
2025-01-20 07:00:00,23.77,23.87,23.62,23.77,5183100,TCB
2025-01-21 07:00:00,23.77,23.87,23.53,23.58,8127000,TCB
2025-01-22 07:00:00,23.82,23.82,23.53,23.58,7455200,TCB
2025-01-23 07:00:00,23.72,24.21,23.62,23.97,21069200,TCB
2025-01-24 07:00:00,24.16,24.21,24.01,24.11,10331500,TCB
2025-02-03 07:00:00,23.87,24.06,23.62,23.62,10885100,TCB
2025-02-04 07:00:00,23.72,24.06,23.67,24.01,12471500,TCB
2025-02-05 07:00:00,24.21,24.26,23.92,24.06,9430900,TCB
2025-02-06 07:00:00,24.26,24.84,24.16,24.55,37579600,TCB
2025-02-07 07:00:00,24.79,25.13,24.55,25.09,26585000,TCB
2025-02-10 07:00:00,25.09,25.57,24.79,25.09,22152900,TCB
2025-02-11 07:00:00,25.43,25.48,25.09,25.23,15667000,TCB
2025-02-12 07:00:00,25.33,25.33,25.04,25.04,11524500,TCB
2025-02-13 07:00:00,24.94,25.33,24.89,25.28,11953600,TCB
2025-02-14 07:00:00,25.43,25.52,25.23,25.33,10239600,TCB
2025-02-17 07:00:00,25.33,25.43,25.04,25.04,10972700,TCB
2025-02-18 07:00:00,25.04,25.43,24.99,25.18,10757000,TCB
2025-02-19 07:00:00,25.28,25.48,25.13,25.43,12938100,TCB
2025-02-20 07:00:00,25.52,25.91,25.38,25.86,21179500,TCB
2025-02-21 07:00:00,25.91,25.91,25.72,25.82,8800600,TCB
2025-02-24 07:00:00,25.72,25.96,25.62,25.82,11762200,TCB
2025-02-25 07:00:00,25.91,26.11,25.67,25.72,14496400,TCB
2025-02-26 07:00:00,25.72,25.86,25.62,25.62,9946900,TCB
2025-02-27 07:00:00,25.72,25.72,25.33,25.57,12505900,TCB
2025-02-28 07:00:00,25.57,25.62,25.38,25.43,12220900,TCB
2025-03-03 07:00:00,25.48,25.62,25.38,25.43,9359400,TCB
2025-03-04 07:00:00,25.43,26.84,25.33,26.79,40196300,TCB
2025-03-05 07:00:00,26.79,26.89,26.6,26.6,13269400,TCB
2025-03-06 07:00:00,26.74,26.99,26.64,26.99,12570100,TCB
2025-03-07 07:00:00,26.99,27.18,26.74,27.03,14922200,TCB
2025-03-10 07:00:00,27.03,27.57,26.99,27.08,13907700,TCB
2025-03-11 07:00:00,26.79,27.28,26.74,27.28,15313400,TCB
2025-03-12 07:00:00,27.37,27.52,27.08,27.13,10861400,TCB
2025-03-13 07:00:00,27.08,27.08,26.55,26.6,18991700,TCB
2025-03-14 07:00:00,26.4,26.69,26.4,26.6,10662000,TCB
2025-03-17 07:00:00,26.64,26.74,26.45,26.74,11002100,TCB
2025-03-18 07:00:00,26.79,26.89,26.6,26.69,7945400,TCB
2025-03-19 07:00:00,26.6,26.64,26.45,26.55,12083700,TCB
2025-03-20 07:00:00,26.79,26.84,26.4,26.74,14430700,TCB
2025-03-21 07:00:00,26.64,26.84,26.6,26.64,7447300,TCB
2025-03-24 07:00:00,26.64,27.47,26.5,27.28,21083700,TCB
2025-03-25 07:00:00,27.37,27.47,27.13,27.18,8130100,TCB
2025-03-26 07:00:00,27.18,27.76,27.08,27.28,24089300,TCB
2025-03-27 07:00:00,27.28,27.42,27.03,27.03,7518900,TCB
2025-03-28 07:00:00,27.03,27.08,26.74,26.84,12353600,TCB
2025-03-31 07:00:00,26.69,26.79,26.5,26.79,12983300,TCB
2025-04-01 07:00:00,26.79,27.28,26.69,27.23,9054500,TCB
2025-04-02 07:00:00,27.28,27.42,27.13,27.18,6668600,TCB
2025-04-03 07:00:00,26.25,26.5,25.28,25.28,58893200,TCB
2025-04-04 07:00:00,23.53,25.09,23.53,25.04,56795800,TCB
2025-04-08 07:00:00,24.35,24.35,23.33,23.33,33465800,TCB
2025-04-09 07:00:00,21.72,24.26,21.72,22.99,40792200,TCB
2025-04-10 07:00:00,24.6,24.6,24.6,24.6,1241800,TCB
2025-04-11 07:00:00,25.82,25.91,24.94,25.91,47940500,TCB
2025-04-14 07:00:00,25.91,26.01,25.43,25.86,19905300,TCB
2025-04-15 07:00:00,25.38,25.67,25.13,25.33,21183400,TCB
2025-04-16 07:00:00,25.48,25.77,25.09,25.13,18147100,TCB
2025-04-17 07:00:00,24.94,25.33,24.89,25.33,14259300,TCB
2025-04-18 07:00:00,25.82,25.82,25.33,25.33,16887000,TCB
2025-04-21 07:00:00,25.33,25.62,24.94,25.09,12192200,TCB
2025-04-22 07:00:00,24.6,24.99,23.33,24.5,29523500,TCB
2025-04-23 07:00:00,25.09,25.62,24.5,25.43,18232600,TCB
2025-04-24 07:00:00,25.33,25.43,25.04,25.09,8915900,TCB
2025-04-25 07:00:00,25.28,25.38,24.74,25.28,19491800,TCB
2025-04-28 07:00:00,25.33,25.43,25.13,25.33,11163200,TCB
2025-04-29 07:00:00,25.33,25.91,25.33,25.62,18134300,TCB
2025-05-05 07:00:00,25.96,25.96,25.48,25.82,9048300,TCB
2025-05-06 07:00:00,25.82,26.5,25.72,26.16,24407100,TCB
2025-05-07 07:00:00,26.16,26.4,25.91,26.3,13694100,TCB
2025-05-08 07:00:00,26.3,26.74,26.16,26.69,18382100,TCB
2025-05-09 07:00:00,26.6,27.28,26.55,26.89,18296500,TCB
2025-05-12 07:00:00,26.94,28.69,26.89,28.64,46701100,TCB
2025-05-13 07:00:00,28.74,28.93,28.4,28.64,13206500,TCB
2025-05-14 07:00:00,28.59,29.71,28.54,29.08,19728500,TCB
2025-05-15 07:00:00,29.13,29.42,28.79,29.13,17783500,TCB
2025-05-16 07:00:00,29.13,29.13,28.5,28.69,20031000,TCB
2025-05-19 07:00:00,28.45,29.18,28.35,28.74,20464800,TCB
2025-05-20 07:00:00,28.74,30.3,28.74,30.15,38192300,TCB
2025-05-21 07:00:00,30.2,30.59,29.91,30.1,19486900,TCB
2025-05-22 07:00:00,29.86,30.39,29.52,29.71,28001500,TCB
2025-05-23 07:00:00,29.76,29.81,29.03,29.37,17854600,TCB
2025-05-26 07:00:00,29.37,29.57,28.74,29.57,20226200,TCB
2025-05-27 07:00:00,29.81,30.44,29.57,29.81,23572600,TCB
2025-05-28 07:00:00,29.91,30.01,29.47,29.71,18570300,TCB
2025-05-29 07:00:00,29.71,30.01,29.52,30.01,14712100,TCB
2025-05-30 07:00:00,30.01,30.01,29.66,29.66,9979500,TCB
2025-06-02 07:00:00,29.62,30.15,29.42,30.05,13955600,TCB
2025-06-03 07:00:00,30.1,31.08,30.1,30.78,23860200,TCB
2025-06-04 07:00:00,30.88,30.88,30.39,30.54,15682100,TCB
2025-06-05 07:00:00,30.54,30.78,30.25,30.3,15787800,TCB
2025-06-06 07:00:00,30.2,30.2,29.52,29.52,28354600,TCB
2025-06-09 07:00:00,29.52,29.66,28.98,28.98,20750500,TCB
2025-06-10 07:00:00,29.18,29.71,29.08,29.27,15103700,TCB
2025-06-11 07:00:00,29.57,29.57,29.18,29.32,6090700,TCB
2025-06-12 07:00:00,29.57,30.35,29.47,30.15,24550800,TCB
2025-06-13 07:00:00,29.91,30.69,29.71,30.39,27415200,TCB
2025-06-16 07:00:00,30.2,31.52,30.15,31.47,23148300,TCB
2025-06-17 07:00:00,31.71,31.76,31.22,31.56,17962300,TCB
2025-06-18 07:00:00,31.56,32.49,31.37,31.95,17756300,TCB
2025-06-19 07:00:00,31.95,33.12,31.95,33.12,23284100,TCB
2025-06-20 07:00:00,33.32,33.95,33.03,33.12,17106000,TCB
2025-06-23 07:00:00,32.73,33.12,32.54,32.93,18895500,TCB
2025-06-24 07:00:00,33.17,33.85,32.83,33.12,25166100,TCB
2025-06-25 07:00:00,33.27,33.37,32.93,32.93,13115100,TCB
2025-06-26 07:00:00,33.12,33.56,32.93,33.17,12610700,TCB
2025-06-27 07:00:00,33.22,33.37,32.98,33.07,9837600,TCB
2025-06-30 07:00:00,33.22,33.8,33.12,33.32,13910000,TCB
2025-07-01 07:00:00,33.32,33.66,33.17,33.51,12545400,TCB
2025-07-02 07:00:00,33.61,34.19,33.56,34.1,16948700,TCB
2025-07-03 07:00:00,34.24,34.39,33.9,33.95,22273300,TCB
2025-07-04 07:00:00,33.95,34.1,33.76,34.05,12159000,TCB
2025-07-07 07:00:00,34.29,34.54,34.19,34.39,12244900,TCB
2025-07-08 07:00:00,34.39,34.63,34.19,34.39,12974100,TCB
2025-07-09 07:00:00,34.54,34.68,33.8,34.0,31885200,TCB
2025-07-10 07:00:00,34.0,34.1,33.76,33.9,14459300,TCB
2025-07-11 07:00:00,33.9,34.58,33.9,34.05,18592100,TCB
2025-07-14 07:00:00,34.05,34.19,33.41,34.19,18132100,TCB
2025-07-15 07:00:00,34.24,34.83,33.9,33.9,18005600,TCB
2025-07-16 07:00:00,33.9,34.54,33.71,34.34,15009100,TCB
2025-07-17 07:00:00,34.49,34.68,34.19,34.24,16136500,TCB
2025-07-18 07:00:00,34.24,35.56,34.15,35.31,36570000,TCB
2025-07-21 07:00:00,35.36,35.56,34.44,34.54,23119500,TCB
2025-07-22 07:00:00,34.24,34.54,34.0,34.44,26975100,TCB
2025-07-23 07:00:00,34.49,34.54,34.0,34.1,27862300,TCB
2025-07-24 07:00:00,34.15,34.68,34.05,34.15,19279700,TCB
2025-07-25 07:00:00,34.19,34.29,34.05,34.29,18898200,TCB
2025-07-28 07:00:00,34.34,34.92,34.29,34.68,30577800,TCB
2025-07-29 07:00:00,34.83,34.83,33.03,33.03,45002200,TCB
2025-07-30 07:00:00,33.27,33.71,32.83,33.61,30546900,TCB
2025-07-31 07:00:00,33.71,34.1,32.93,33.12,26760600,TCB
2025-08-01 07:00:00,33.27,33.8,33.17,33.22,20619700,TCB
2025-08-04 07:00:00,33.22,34.44,33.12,34.44,23096800,TCB
2025-08-05 07:00:00,34.88,36.82,34.88,36.05,92362100,TCB
2025-08-06 07:00:00,37.02,37.99,36.24,37.21,30371700,TCB
2025-08-07 07:00:00,37.51,37.9,36.82,37.41,30075200,TCB
2025-08-08 07:00:00,37.75,37.75,36.43,36.87,31007000,TCB
2025-08-11 07:00:00,36.97,37.46,36.63,36.78,24602200,TCB
2025-08-12 07:00:00,36.82,37.02,36.24,36.73,22622400,TCB
2025-08-13 07:00:00,36.82,37.02,35.95,36.53,27538600,TCB
2025-08-14 07:00:00,36.78,38.19,36.78,37.41,38004200,TCB
2025-08-15 07:00:00,37.9,37.94,36.63,36.63,31153200,TCB
2025-08-18 07:00:00,37.21,37.65,36.68,36.97,21688500,TCB
2025-08-19 07:00:00,37.26,38.43,37.12,38.19,37483600,TCB
2025-08-20 07:00:00,39.41,39.84,37.9,39.45,52927800,TCB
2025-08-21 07:00:00,40.23,41.4,39.94,40.48,37569600,TCB
2025-08-22 07:00:00,39.45,40.04,37.65,37.99,53106000,TCB
2025-08-25 07:00:00,38.53,38.63,36.34,36.58,39313700,TCB
2025-08-26 07:00:00,37.02,38.38,36.0,38.33,29545200,TCB
2025-08-27 07:00:00,38.48,39.65,37.9,37.94,25051600,TCB
2025-08-28 07:00:00,38.58,38.58,37.8,38.58,18621100,TCB
2025-08-29 07:00:00,39.07,39.21,38.58,38.58,23178500,TCB
2025-09-03 07:00:00,39.02,39.07,38.43,38.58,13486800,TCB
2025-09-04 07:00:00,38.58,38.92,38.38,38.58,16817900,TCB
2025-09-05 07:00:00,38.92,39.89,38.48,38.48,35382100,TCB
2025-09-08 07:00:00,38.48,38.58,37.02,37.02,31844700,TCB
2025-09-09 07:00:00,37.56,37.65,36.87,37.51,27379900,TCB
2025-09-10 07:00:00,38.24,38.77,37.6,37.99,25909000,TCB
2025-09-11 07:00:00,37.9,37.99,36.73,37.7,20441400,TCB
2025-09-12 07:00:00,38.04,38.09,37.51,37.6,18385600,TCB
2025-09-15 07:00:00,37.56,37.99,37.56,37.99,16479300,TCB
2025-09-16 07:00:00,38.63,39.07,38.24,38.33,30137900,TCB
2025-09-17 07:00:00,38.33,38.43,37.51,37.7,15622100,TCB
2025-09-18 07:00:00,37.7,37.8,37.21,37.8,13628900,TCB
2025-09-19 07:00:00,37.8,37.8,37.12,37.41,10813500,TCB
2025-09-22 07:00:00,37.31,37.41,36.34,36.53,21457800,TCB
2025-09-23 07:00:00,36.58,37.02,36.53,36.53,8090400,TCB
2025-09-24 07:00:00,36.53,37.8,36.19,37.8,14155200,TCB
2025-09-25 07:00:00,37.8,37.94,37.56,37.9,11877200,TCB
2025-09-26 07:00:00,37.9,37.94,37.41,37.7,11437300,TCB
2025-09-29 07:00:00,37.6,37.8,37.41,37.75,10121500,TCB
2025-09-30 07:00:00,38.05,38.05,37.5,37.85,11108100,TCB
2025-10-01 07:00:00,37.85,38.6,37.8,38.55,13225600,TCB
2025-10-02 07:00:00,38.85,39.2,38.4,38.85,16259200,TCB
2025-10-03 07:00:00,38.55,38.65,38.05,38.35,11272100,TCB
2025-10-06 07:00:00,38.95,39.4,38.5,39.4,23149900,TCB
2025-10-07 07:00:00,40.0,40.0,38.95,39.0,11813100,TCB
2025-10-08 07:00:00,39.25,39.4,38.45,38.6,20604100,TCB
2025-10-09 07:00:00,38.6,39.1,38.55,38.95,18770600,TCB
2025-10-10 07:00:00,39.1,39.9,39.0,39.35,20313000,TCB
2025-10-13 07:00:00,39.3,41.5,39.25,41.3,43313300,TCB
2025-10-14 07:00:00,41.75,42.0,40.55,40.8,25929200,TCB
2025-10-15 07:00:00,41.0,41.35,40.55,40.8,13321200,TCB
2025-10-16 07:00:00,41.2,41.25,40.8,41.25,20239100,TCB
2025-10-17 07:00:00,41.65,41.65,40.45,40.65,18690000,TCB
2025-10-20 07:00:00,40.65,40.65,37.85,37.85,30048800,TCB
2025-10-21 07:00:00,38.1,38.45,36.5,37.65,28577600,TCB
2025-10-22 07:00:00,38.1,38.15,36.4,38.0,15701400,TCB
2025-10-23 07:00:00,38.05,38.05,36.8,37.25,15619200,TCB
2025-10-24 07:00:00,37.0,37.0,36.05,36.1,23396700,TCB
2025-10-27 07:00:00,36.3,36.5,35.05,35.05,15906600,TCB
2025-10-28 07:00:00,35.05,36.4,34.0,36.0,26134800,TCB
2025-10-29 07:00:00,35.9,36.9,35.65,36.4,13116300,TCB
2025-10-30 07:00:00,36.5,36.6,35.6,35.7,10507900,TCB
2025-10-31 07:00:00,35.7,36.2,35.1,35.1,12256900,TCB
2025-11-03 07:00:00,35.1,35.5,33.6,33.6,16737200,TCB
2025-11-04 07:00:00,33.6,35.2,33.45,35.0,16062100,TCB
2025-11-05 07:00:00,34.9,34.9,34.05,34.1,11242500,TCB
2025-11-06 07:00:00,34.15,34.5,33.5,33.6,13684100,TCB
2025-11-07 07:00:00,33.6,33.95,33.0,33.0,16083600,TCB
2025-11-10 07:00:00,33.3,33.6,32.95,33.4,8793300,TCB
2025-11-11 07:00:00,33.45,34.0,33.35,33.65,11239700,TCB
2025-11-12 07:00:00,33.7,35.0,33.6,35.0,12025800,TCB
2025-11-13 07:00:00,34.65,35.5,34.6,35.1,12530800,TCB
2025-11-14 07:00:00,34.8,35.35,34.7,35.1,5603100,TCB
2025-11-17 07:00:00,35.1,35.25,34.7,35.15,9499500,TCB
2025-11-18 07:00:00,35.2,35.35,34.95,35.35,8594800,TCB
2025-11-19 07:00:00,35.4,35.4,34.75,34.8,6830700,TCB
2025-11-20 07:00:00,34.85,35.0,34.6,34.6,6941100,TCB
2025-11-21 07:00:00,34.5,34.5,33.5,34.25,8560200,TCB
2025-11-24 07:00:00,34.3,34.4,33.9,33.95,8275900,TCB
2025-11-25 07:00:00,34.0,34.0,33.45,33.45,9145600,TCB
2025-11-26 07:00:00,33.6,33.9,33.5,33.85,7859900,TCB
2025-11-27 07:00:00,33.95,34.2,33.7,33.75,8857300,TCB
2025-11-28 07:00:00,33.75,33.9,33.3,33.75,8390800,TCB
2025-12-01 07:00:00,33.7,33.7,33.2,33.2,7034700,TCB
2025-12-02 07:00:00,33.2,34.3,33.15,34.2,14025300,TCB
2025-12-03 07:00:00,34.25,35.0,34.25,34.9,16220500,TCB
2025-12-04 07:00:00,35.0,35.5,34.8,35.4,12020600,TCB
2025-12-05 07:00:00,35.5,35.5,34.7,34.7,7316700,TCB
2025-12-08 07:00:00,34.65,34.8,34.15,34.2,6283600,TCB
2025-12-09 07:00:00,34.2,34.2,33.5,33.8,10774500,TCB
2025-12-10 07:00:00,33.75,34.15,33.7,33.7,5381400,TCB
2025-12-11 07:00:00,33.75,34.0,33.4,33.4,6610500,TCB
2025-12-12 07:00:00,33.45,33.6,32.0,32.0,19124300,TCB
2025-12-15 07:00:00,32.0,32.3,31.5,32.0,10487300,TCB
2025-12-16 07:00:00,32.0,33.1,30.5,33.0,14017600,TCB
2025-12-17 07:00:00,33.0,33.15,32.55,32.6,6749600,TCB
2025-12-18 07:00:00,32.8,33.1,32.5,33.0,9090400,TCB
2025-12-19 07:00:00,33.2,33.65,33.1,33.6,9184900,TCB
2025-12-22 07:00:00,33.85,35.2,33.75,35.2,16562200,TCB
2025-12-23 07:00:00,35.3,35.35,34.75,34.8,12785000,TCB
2025-12-24 07:00:00,34.7,35.2,34.3,34.95,10571000,TCB
2025-12-25 07:00:00,34.95,35.8,34.0,34.0,10946100,TCB
2025-12-26 07:00:00,33.5,34.35,33.05,33.9,12160300,TCB
2025-12-29 07:00:00,33.95,34.45,33.8,34.05,6596700,TCB
2025-12-30 07:00:00,34.2,34.4,33.75,34.35,7265300,TCB
2025-12-31 07:00:00,34.8,34.9,34.25,34.9,9454000,TCB
2026-01-05 07:00:00,34.65,34.95,33.8,34.95,8187500,TCB
2026-01-06 07:00:00,34.95,36.0,34.2,36.0,25180300,TCB
2026-01-07 07:00:00,36.25,36.5,35.95,36.4,13319400,TCB
2026-01-08 07:00:00,36.5,36.65,35.5,36.0,21044200,TCB
2026-01-09 07:00:00,37.05,37.15,36.2,36.65,28290500,TCB
2026-01-12 07:00:00,36.7,38.0,36.45,38.0,23390400,TCB
2026-01-13 07:00:00,38.1,38.2,37.15,37.35,20065400,TCB
2026-01-14 07:00:00,37.2,37.3,36.0,36.5,24159300,TCB
2026-01-15 07:00:00,36.0,36.6,35.3,35.6,27274000,TCB
2026-01-16 07:00:00,35.65,36.35,35.6,35.8,9580800,TCB
2026-01-19 07:00:00,35.9,36.45,35.8,36.3,9996300,TCB
2026-01-20 07:00:00,36.35,36.6,35.65,35.95,15678200,TCB
2026-01-21 07:00:00,35.8,35.9,35.0,35.8,11159500,TCB
2026-01-22 07:00:00,35.85,36.25,35.65,36.0,8784900,TCB
2026-01-23 07:00:00,36.2,36.9,35.95,36.5,20704300,TCB
2026-01-26 07:00:00,36.7,36.7,35.65,35.65,9416700,TCB
2026-01-27 07:00:00,35.5,35.8,34.75,34.95,12126400,TCB
2026-01-28 07:00:00,35.0,35.3,34.35,34.5,11482000,TCB
2026-01-29 07:00:00,34.65,35.0,34.15,34.9,8593000,TCB
2026-01-30 07:00:00,34.85,35.9,34.8,35.9,11603200,TCB
2026-02-02 07:00:00,35.3,35.75,34.75,35.0,9657500,TCB
2026-02-03 07:00:00,35.6,35.6,34.7,34.7,14012600,TCB
2026-02-04 07:00:00,34.7,34.9,34.35,34.55,11708700,TCB
2026-02-05 07:00:00,34.95,35.1,34.75,34.85,10700200,TCB
2026-02-06 07:00:00,34.5,34.6,34.1,34.6,12492400,TCB
2026-02-09 07:00:00,35.0,35.0,34.5,34.75,7754700,TCB
2026-02-10 07:00:00,34.8,35.0,34.45,34.6,9951100,TCB
2026-02-11 07:00:00,34.7,35.35,34.6,35.3,11045000,TCB
2026-02-12 07:00:00,35.4,35.75,35.2,35.45,7542700,TCB
2026-02-13 07:00:00,35.2,35.5,35.2,35.45,6059700,TCB
2026-02-23 07:00:00,35.5,35.9,35.45,35.85,9141000,TCB
2026-02-24 07:00:00,35.85,35.9,35.75,35.8,10872100,TCB
2026-02-25 07:00:00,35.8,36.45,35.7,36.0,12384800,TCB
2026-02-26 07:00:00,36.1,36.45,36.0,36.45,9305800,TCB
2026-02-27 07:00:00,36.05,36.4,35.85,36.25,7958700,TCB
2026-03-02 07:00:00,35.8,35.8,34.65,34.65,17516400,TCB
2026-03-03 07:00:00,34.65,34.95,33.6,33.6,17273500,TCB
2026-03-04 07:00:00,33.5,33.7,31.8,32.5,30866600,TCB
2026-03-05 07:00:00,33.0,33.1,32.2,32.2,15754300,TCB
2026-03-06 07:00:00,32.1,32.1,31.35,31.45,14743000,TCB
2026-03-09 07:00:00,29.25,29.8,29.25,29.25,33386400,TCB
2026-03-10 07:00:00,30.8,30.8,29.75,30.3,18772700,TCB
2026-03-11 07:00:00,30.05,31.35,29.95,31.1,12998900,TCB
2026-03-12 07:00:00,30.55,31.0,29.9,30.0,18068400,TCB
2026-03-13 07:00:00,30.0,30.3,29.65,30.0,9833600,TCB
2026-03-16 07:00:00,30.0,30.45,30.0,30.2,8138100,TCB
2026-03-17 07:00:00,30.25,30.9,30.1,30.3,13156600,TCB
2026-03-18 07:00:00,30.5,30.8,30.15,30.3,6834600,TCB
2026-03-19 07:00:00,30.15,30.3,29.9,30.05,16386600,TCB
2026-03-20 07:00:00,30.0,30.1,29.85,29.85,7919000,TCB
2026-03-23 07:00:00,29.5,29.55,28.9,28.9,15397100,TCB
2026-03-24 07:00:00,29.3,29.85,29.15,29.85,9251700,TCB
2026-03-25 07:00:00,30.3,30.9,30.05,30.8,10014500,TCB
2026-03-26 07:00:00,30.7,30.7,30.15,30.15,7432100,TCB
2026-03-27 07:00:00,30.15,30.7,30.05,30.65,7624800,TCB
2026-03-30 07:00:00,30.05,30.5,29.75,30.5,6340300,TCB
2026-03-31 07:00:00,30.5,30.75,30.4,30.7,8861500,TCB
2026-04-01 07:00:00,31.35,31.35,30.8,30.8,8787500,TCB
2026-04-02 07:00:00,30.5,30.55,30.1,30.35,7864700,TCB
2026-04-03 07:00:00,30.4,30.5,29.75,29.75,8900100,TCB
2026-04-06 07:00:00,29.7,29.7,29.0,29.05,12541800,TCB
2026-04-07 07:00:00,29.25,29.3,28.35,28.7,15385300,TCB
2026-04-08 07:00:00,29.75,30.7,29.5,30.7,18128900,TCB
2026-04-09 07:00:00,30.95,31.6,30.6,30.9,20809500,TCB
2026-04-10 07:00:00,31.05,32.65,31.05,32.25,30690500,TCB
2026-04-13 07:00:00,31.5,32.15,31.5,31.9,10921700,TCB
2026-04-14 07:00:00,32.4,32.55,31.85,32.05,9838400,TCB
2026-04-15 07:00:00,32.4,32.55,31.85,31.85,12297700,TCB
2026-04-16 07:00:00,31.85,32.1,31.8,31.9,8572900,TCB
2026-04-17 07:00:00,32.15,32.45,32.0,32.25,12197000,TCB
2026-04-20 07:00:00,32.4,32.9,32.35,32.6,12615300,TCB
2026-04-21 07:00:00,32.65,32.85,32.5,32.7,10355500,TCB
2026-04-22 07:00:00,33.1,33.5,32.9,33.0,15089100,TCB
2026-04-23 07:00:00,33.0,33.7,32.9,33.3,12864900,TCB
2026-04-24 07:00:00,33.4,34.3,33.3,34.25,24933500,TCB
2026-04-28 07:00:00,35.0,35.0,34.5,34.6,16775400,TCB
2026-04-29 07:00:00,34.5,34.6,33.5,33.85,16456400,TCB
2026-05-04 07:00:00,33.8,33.95,33.3,33.55,11611400,TCB
2026-05-05 07:00:00,33.45,33.45,32.8,32.9,5886100,TCB
2023-05-08 07:00:00,9.84,9.9,9.82,9.87,4219900,MBB
2023-05-09 07:00:00,9.9,9.92,9.84,9.9,4520200,MBB
2023-05-10 07:00:00,9.9,10.01,9.87,10.01,6848500,MBB
2023-05-11 07:00:00,10.06,10.09,9.98,10.01,7399700,MBB
2023-05-12 07:00:00,10.03,10.09,9.95,10.09,7280900,MBB
2023-05-15 07:00:00,10.14,10.33,10.11,10.19,17771400,MBB
2023-05-16 07:00:00,10.19,10.25,10.11,10.17,6750500,MBB
2023-05-17 07:00:00,10.14,10.17,9.98,9.98,9088100,MBB
2023-05-18 07:00:00,10.03,10.09,9.98,10.06,6659500,MBB
2023-05-19 07:00:00,10.06,10.11,10.03,10.09,3793700,MBB
2023-05-22 07:00:00,10.11,10.22,10.09,10.19,8257100,MBB
2023-05-23 07:00:00,10.22,10.28,10.11,10.14,7433100,MBB
2023-05-24 07:00:00,10.17,10.19,10.03,10.06,5545300,MBB
2023-05-25 07:00:00,10.06,10.06,9.98,9.98,4734100,MBB
2023-05-26 07:00:00,10.01,10.01,9.95,9.98,3904600,MBB
2023-05-29 07:00:00,10.06,10.14,10.01,10.14,5967700,MBB
2023-05-30 07:00:00,10.17,10.19,10.09,10.14,6586200,MBB
2023-05-31 07:00:00,10.17,10.19,10.06,10.06,6883600,MBB
2023-06-01 07:00:00,10.06,10.17,10.03,10.17,8436200,MBB
2023-06-02 07:00:00,10.33,10.74,10.3,10.65,32990200,MBB
2023-06-05 07:00:00,10.76,10.87,10.68,10.71,19459500,MBB
2023-06-06 07:00:00,10.76,11.06,10.71,11.06,22794800,MBB
2023-06-07 07:00:00,11.06,11.11,10.95,11.01,13438700,MBB
2023-06-08 07:00:00,11.01,11.06,10.82,10.82,13684000,MBB
2023-06-09 07:00:00,10.87,10.95,10.82,10.95,10356300,MBB
2023-06-12 07:00:00,10.98,11.03,10.82,11.01,8998800,MBB
2023-06-13 07:00:00,11.03,11.03,10.9,10.98,10597200,MBB
2023-06-14 07:00:00,11.15,11.2,10.95,10.95,10935300,MBB
2023-06-15 07:00:00,10.95,11.01,10.9,10.92,9499700,MBB
2023-06-16 07:00:00,11.01,11.2,10.92,10.92,13940800,MBB
2023-06-19 07:00:00,10.92,10.98,10.84,10.84,7035800,MBB
2023-06-20 07:00:00,10.87,10.9,10.78,10.9,5486900,MBB
2023-06-21 07:00:00,10.92,11.01,10.9,11.01,6046900,MBB
2023-06-22 07:00:00,11.15,11.28,11.03,11.03,14809200,MBB
2023-06-23 07:00:00,11.17,11.26,11.12,11.2,12309000,MBB
2023-06-26 07:00:00,11.2,11.39,11.06,11.2,10578300,MBB
2023-06-27 07:00:00,11.23,11.26,11.09,11.15,10740400,MBB
2023-06-28 07:00:00,11.2,11.53,11.15,11.48,20851400,MBB
2023-06-29 07:00:00,11.48,11.48,11.26,11.26,14003400,MBB
2023-06-30 07:00:00,11.26,11.31,11.17,11.2,6684900,MBB
2023-07-03 07:00:00,11.26,11.28,11.15,11.2,9793600,MBB
2023-07-04 07:00:00,11.2,11.28,11.15,11.28,6877800,MBB
2023-07-05 07:00:00,11.37,11.45,11.26,11.31,12998200,MBB
2023-07-06 07:00:00,11.34,11.39,11.17,11.2,15187700,MBB
2023-07-07 07:00:00,11.2,11.34,11.15,11.34,11916900,MBB
2023-07-10 07:00:00,11.42,11.56,11.39,11.51,16787800,MBB
2023-07-11 07:00:00,11.51,11.76,11.51,11.76,17352800,MBB
2023-07-12 07:00:00,11.76,11.81,11.59,11.64,13112300,MBB
2023-07-13 07:00:00,11.67,11.78,11.59,11.7,17942000,MBB
2023-07-14 07:00:00,11.89,11.95,11.73,11.89,18525700,MBB
2023-07-17 07:00:00,11.95,12.02,11.8,11.86,11006300,MBB
2023-07-18 07:00:00,11.86,11.89,11.76,11.86,7522800,MBB
2023-07-19 07:00:00,11.86,11.92,11.73,11.73,11684700,MBB
2023-07-20 07:00:00,11.73,11.8,11.67,11.76,6450600,MBB
2023-07-21 07:00:00,11.83,11.89,11.73,11.89,8385700,MBB
2023-07-24 07:00:00,11.89,11.95,11.83,11.95,8951300,MBB
2023-07-25 07:00:00,11.95,12.18,11.92,11.99,9542500,MBB
2023-07-26 07:00:00,11.99,12.02,11.89,11.95,5932000,MBB
2023-07-27 07:00:00,11.95,11.99,11.8,11.86,9462200,MBB
2023-07-28 07:00:00,11.83,11.92,11.83,11.92,7023300,MBB
2023-07-31 07:00:00,12.02,12.05,11.92,12.02,9975800,MBB
2023-08-01 07:00:00,12.05,12.34,12.02,12.02,14322700,MBB
2023-08-02 07:00:00,12.02,12.08,11.95,12.05,6157300,MBB
2023-08-03 07:00:00,12.08,12.18,11.99,12.02,11080500,MBB
2023-08-04 07:00:00,12.02,12.21,11.99,12.11,14888400,MBB
2023-08-07 07:00:00,12.21,12.37,12.15,12.34,15213700,MBB
2023-08-08 07:00:00,12.43,12.43,12.21,12.24,9235400,MBB
2023-08-09 07:00:00,12.24,12.27,12.11,12.21,10704200,MBB
2023-08-10 07:00:00,12.24,12.24,12.05,12.05,9206500,MBB
2023-08-11 07:00:00,12.11,12.15,11.89,12.05,8673900,MBB
2023-08-14 07:00:00,12.08,12.18,11.95,12.08,8091000,MBB
2023-08-15 07:00:00,12.08,12.11,11.99,12.08,5612500,MBB
2023-08-16 07:00:00,12.05,12.24,11.99,12.11,9752400,MBB
2023-08-17 07:00:00,12.11,12.11,12.02,12.02,7913000,MBB
2023-08-18 07:00:00,11.99,11.99,11.41,11.54,22006600,MBB
2023-08-21 07:00:00,11.48,11.7,11.38,11.57,9217300,MBB
2023-08-22 07:00:00,11.67,11.67,11.32,11.6,8055700,MBB
2023-08-23 07:00:00,11.67,11.67,11.48,11.48,5796400,MBB
2023-08-24 07:00:00,11.54,11.7,11.48,11.64,6694700,MBB
2023-08-25 07:00:00,11.6,11.6,11.54,11.54,4769800,MBB
2023-08-28 07:00:00,11.64,11.67,11.51,11.6,7012700,MBB
2023-08-29 07:00:00,11.64,11.7,11.57,11.64,9455200,MBB
2023-08-30 07:00:00,11.67,11.8,11.64,11.73,6958400,MBB
2023-08-31 07:00:00,11.73,11.83,11.73,11.8,6532600,MBB
2023-09-05 07:00:00,11.86,12.27,11.83,12.21,21471900,MBB
2023-09-06 07:00:00,12.24,12.27,12.05,12.27,13817100,MBB
2023-09-07 07:00:00,12.27,12.5,12.21,12.31,22260900,MBB
2023-09-08 07:00:00,12.31,12.34,12.18,12.18,11166600,MBB
2023-09-11 07:00:00,12.34,12.34,11.95,11.95,15039500,MBB
2023-09-12 07:00:00,12.02,12.27,11.95,12.27,10919700,MBB
2023-09-13 07:00:00,12.31,12.34,12.05,12.15,13465900,MBB
2023-09-14 07:00:00,12.18,12.34,12.11,12.21,14933100,MBB
2023-09-15 07:00:00,12.24,12.56,12.18,12.37,26331800,MBB
2023-09-18 07:00:00,12.37,12.37,12.11,12.21,11785300,MBB
2023-09-19 07:00:00,12.21,12.24,12.05,12.11,11543100,MBB
2023-09-20 07:00:00,12.15,12.24,12.08,12.24,8913100,MBB
2023-09-21 07:00:00,12.24,12.34,12.02,12.08,12591900,MBB
2023-09-22 07:00:00,11.95,11.99,11.67,11.92,18963000,MBB
2023-09-25 07:00:00,11.92,11.95,11.54,11.54,13427000,MBB
2023-09-26 07:00:00,11.57,11.76,11.54,11.64,11092100,MBB
2023-09-27 07:00:00,11.57,11.8,11.57,11.8,8671600,MBB
2023-09-28 07:00:00,11.7,11.83,11.6,11.8,6705800,MBB
2023-09-29 07:00:00,11.8,11.89,11.8,11.8,4152200,MBB
2023-10-02 07:00:00,11.83,11.92,11.73,11.86,4522900,MBB
2023-10-03 07:00:00,11.73,11.8,11.48,11.51,11258300,MBB
2023-10-04 07:00:00,11.51,11.64,11.44,11.57,7412300,MBB
2023-10-05 07:00:00,11.6,11.67,11.48,11.51,7416600,MBB
2023-10-06 07:00:00,11.51,11.6,11.44,11.57,4861600,MBB
2023-10-09 07:00:00,11.57,11.67,11.48,11.67,11157200,MBB
2023-10-10 07:00:00,11.73,11.83,11.7,11.76,7369700,MBB
2023-10-11 07:00:00,11.73,11.8,11.67,11.8,4804600,MBB
2023-10-12 07:00:00,11.8,11.83,11.7,11.7,5444000,MBB
2023-10-13 07:00:00,11.67,11.8,11.64,11.76,5817700,MBB
2023-10-16 07:00:00,11.76,11.76,11.6,11.6,5461500,MBB
2023-10-17 07:00:00,11.67,11.76,11.54,11.54,5442800,MBB
2023-10-18 07:00:00,11.54,11.6,11.22,11.32,10950900,MBB
2023-10-19 07:00:00,11.32,11.41,11.22,11.25,5647000,MBB
2023-10-20 07:00:00,11.25,11.48,11.16,11.44,5181500,MBB
2023-10-23 07:00:00,11.44,11.48,11.29,11.35,3717700,MBB
2023-10-24 07:00:00,11.35,11.48,11.32,11.41,4385200,MBB
2023-10-25 07:00:00,11.44,11.51,11.35,11.35,4493500,MBB
2023-10-26 07:00:00,11.25,11.25,10.87,10.97,12351800,MBB
2023-10-27 07:00:00,11.0,11.16,10.93,11.13,9068900,MBB
2023-10-30 07:00:00,11.0,11.13,10.84,10.84,3338400,MBB
2023-10-31 07:00:00,10.97,11.03,10.81,10.9,6590100,MBB
2023-11-01 07:00:00,10.97,11.03,10.9,10.97,5320800,MBB
2023-11-02 07:00:00,11.06,11.32,11.03,11.29,6927200,MBB
2023-11-03 07:00:00,11.35,11.38,11.09,11.09,11866000,MBB
2023-11-06 07:00:00,11.22,11.48,11.19,11.44,8669400,MBB
2023-11-07 07:00:00,11.44,11.48,11.29,11.35,4536900,MBB
2023-11-08 07:00:00,11.35,11.73,11.29,11.7,10717500,MBB
2023-11-09 07:00:00,11.73,11.8,11.64,11.7,9726700,MBB
2023-11-10 07:00:00,11.6,11.73,11.44,11.48,12805000,MBB
2023-11-13 07:00:00,11.48,11.57,11.38,11.54,6653200,MBB
2023-11-14 07:00:00,11.57,11.89,11.57,11.76,13834400,MBB
2023-11-15 07:00:00,11.92,11.95,11.76,11.83,13588700,MBB
2023-11-16 07:00:00,11.76,11.83,11.7,11.8,5071800,MBB
2023-11-17 07:00:00,11.86,11.86,11.41,11.6,13289500,MBB
2023-11-20 07:00:00,11.32,11.64,11.32,11.48,8981200,MBB
2023-11-21 07:00:00,11.6,11.64,11.44,11.54,5856100,MBB
2023-11-22 07:00:00,11.57,11.57,11.44,11.51,7610300,MBB
2023-11-23 07:00:00,11.54,11.57,11.41,11.41,7027300,MBB
2023-11-24 07:00:00,11.41,11.48,11.22,11.38,8018700,MBB
2023-11-27 07:00:00,11.38,11.44,11.19,11.22,7109700,MBB
2023-11-28 07:00:00,11.22,11.41,11.13,11.38,6648000,MBB
2023-11-29 07:00:00,11.35,11.41,11.29,11.38,5445800,MBB
2023-11-30 07:00:00,11.38,11.44,11.32,11.35,5666600,MBB
2023-12-01 07:00:00,11.38,11.38,11.29,11.35,4410300,MBB
2023-12-04 07:00:00,11.35,11.54,11.35,11.51,17334900,MBB
2023-12-05 07:00:00,11.51,11.54,11.44,11.51,6116600,MBB
2023-12-06 07:00:00,11.51,11.57,11.48,11.54,7014600,MBB
2023-12-07 07:00:00,11.57,11.7,11.51,11.64,13916000,MBB
2023-12-08 07:00:00,11.64,11.7,11.57,11.6,7469400,MBB
2023-12-11 07:00:00,11.6,11.64,11.51,11.57,4875100,MBB
2023-12-12 07:00:00,11.57,11.64,11.54,11.64,4876200,MBB
2023-12-13 07:00:00,11.64,11.7,11.51,11.51,7175500,MBB
2023-12-14 07:00:00,11.57,11.6,11.48,11.51,5301300,MBB
2023-12-15 07:00:00,11.51,11.6,11.48,11.51,5540900,MBB
2023-12-18 07:00:00,11.51,11.57,11.44,11.48,5275400,MBB
2023-12-19 07:00:00,11.48,11.6,11.44,11.57,5896500,MBB
2023-12-20 07:00:00,11.57,11.6,11.51,11.57,3086000,MBB
2023-12-21 07:00:00,11.54,11.57,11.48,11.57,3981300,MBB
2023-12-22 07:00:00,11.57,11.76,11.54,11.67,8546800,MBB
2023-12-25 07:00:00,11.7,11.83,11.67,11.73,6586700,MBB
2023-12-26 07:00:00,11.73,11.8,11.67,11.76,4260100,MBB
2023-12-27 07:00:00,11.8,11.8,11.7,11.73,5784500,MBB
2023-12-28 07:00:00,11.73,11.86,11.7,11.83,9880100,MBB
2023-12-29 07:00:00,11.86,12.02,11.83,11.89,13814600,MBB
2024-01-02 07:00:00,11.92,12.11,11.89,12.02,13785400,MBB
2024-01-03 07:00:00,11.95,12.24,11.92,12.21,13854700,MBB
2024-01-04 07:00:00,12.21,13.04,12.21,12.82,49414900,MBB
2024-01-05 07:00:00,12.82,13.07,12.82,13.07,22517200,MBB
2024-01-08 07:00:00,13.13,13.29,13.01,13.2,20147300,MBB
2024-01-09 07:00:00,13.23,13.33,13.07,13.29,19794000,MBB
2024-01-10 07:00:00,13.29,13.49,13.17,13.33,24684700,MBB
2024-01-11 07:00:00,13.33,13.45,13.07,13.17,24683900,MBB
2024-01-12 07:00:00,13.07,13.74,13.01,13.61,45903400,MBB
2024-01-15 07:00:00,13.71,13.96,13.64,13.68,25082400,MBB
2024-01-16 07:00:00,13.68,13.71,13.49,13.71,17491400,MBB
2024-01-17 07:00:00,13.77,13.9,13.58,13.71,20484100,MBB
2024-01-18 07:00:00,13.64,13.87,13.58,13.84,23623500,MBB
2024-01-19 07:00:00,13.9,14.12,13.84,14.06,21610300,MBB
2024-01-22 07:00:00,14.22,14.38,14.03,14.09,29129500,MBB
2024-01-23 07:00:00,14.09,14.25,13.96,14.0,15904700,MBB
2024-01-24 07:00:00,13.93,14.12,13.9,13.96,12689700,MBB
2024-01-25 07:00:00,14.0,14.0,13.84,13.96,14697100,MBB
2024-01-26 07:00:00,13.96,14.12,13.96,14.03,9493000,MBB
2024-01-29 07:00:00,14.03,14.31,14.03,14.12,15667000,MBB
2024-01-30 07:00:00,14.12,14.19,13.93,14.09,14352700,MBB
2024-01-31 07:00:00,14.19,14.19,13.8,13.87,27845100,MBB
2024-02-01 07:00:00,13.84,14.0,13.77,13.96,11396700,MBB
2024-02-02 07:00:00,13.96,14.03,13.87,13.87,15083600,MBB
2024-02-05 07:00:00,13.87,14.76,13.87,14.63,37093300,MBB
2024-02-06 07:00:00,14.66,14.76,14.63,14.7,11519300,MBB
2024-02-07 07:00:00,14.73,15.11,14.73,14.98,21181800,MBB
2024-02-15 07:00:00,15.11,15.43,15.02,15.4,24091300,MBB
2024-02-16 07:00:00,15.37,15.37,15.11,15.3,16165200,MBB
2024-02-19 07:00:00,15.3,15.37,15.05,15.27,20952600,MBB
2024-02-20 07:00:00,15.21,15.37,15.08,15.21,20313600,MBB
2024-02-21 07:00:00,15.21,15.43,15.11,15.3,24984200,MBB
2024-02-22 07:00:00,15.3,15.37,15.21,15.27,14943900,MBB
2024-02-23 07:00:00,15.3,15.75,15.14,15.24,49051800,MBB
2024-02-26 07:00:00,15.24,15.33,15.08,15.3,21383500,MBB
2024-02-27 07:00:00,15.33,15.59,15.21,15.46,22906700,MBB
2024-02-28 07:00:00,15.53,15.65,15.4,15.56,19275500,MBB
2024-02-29 07:00:00,15.62,15.65,15.27,15.4,24034500,MBB
2024-03-01 07:00:00,15.37,15.4,15.17,15.3,20474600,MBB
2024-03-04 07:00:00,15.37,15.59,15.14,15.43,31949800,MBB
2024-03-05 07:00:00,15.43,15.72,15.37,15.68,22768900,MBB
2024-03-06 07:00:00,15.68,16.04,15.53,15.68,29870100,MBB
2024-03-07 07:00:00,15.75,15.81,15.53,15.56,19759000,MBB
2024-03-08 07:00:00,15.62,15.62,15.05,15.05,49382200,MBB
2024-03-11 07:00:00,15.02,15.05,14.54,14.63,34911300,MBB
2024-03-12 07:00:00,14.6,14.82,14.51,14.73,19120400,MBB
2024-03-13 07:00:00,14.73,15.21,14.73,15.21,15265200,MBB
2024-03-14 07:00:00,15.27,15.27,14.92,14.95,18358800,MBB
2024-03-15 07:00:00,14.95,15.21,14.76,15.17,18886100,MBB
2024-03-18 07:00:00,15.14,15.17,14.28,14.79,31782600,MBB
2024-03-19 07:00:00,14.79,14.89,14.63,14.79,13605300,MBB
2024-03-20 07:00:00,14.79,15.56,14.73,15.4,39357200,MBB
2024-03-21 07:00:00,15.49,15.78,15.37,15.78,27089700,MBB
2024-03-22 07:00:00,15.94,16.39,15.84,15.97,41534600,MBB
2024-03-25 07:00:00,15.97,16.16,15.68,15.75,21215200,MBB
2024-03-26 07:00:00,15.75,16.1,15.68,16.1,15606500,MBB
2024-03-27 07:00:00,16.1,16.19,15.94,16.13,11404900,MBB
2024-03-28 07:00:00,16.35,16.39,16.07,16.26,15988900,MBB
2024-03-29 07:00:00,16.29,16.29,16.04,16.19,11652100,MBB
2024-04-01 07:00:00,16.07,16.1,15.75,15.88,19236200,MBB
2024-04-02 07:00:00,15.68,15.81,15.43,15.81,28974400,MBB
2024-04-03 07:00:00,15.81,15.81,15.43,15.43,22559800,MBB
2024-04-04 07:00:00,15.43,15.46,15.17,15.17,27793500,MBB
2024-04-05 07:00:00,15.02,15.14,14.86,14.89,25376700,MBB
2024-04-08 07:00:00,14.92,15.17,14.76,14.98,24714800,MBB
2024-04-09 07:00:00,14.98,15.3,14.92,15.3,15734800,MBB
2024-04-10 07:00:00,15.49,15.53,15.17,15.17,21078100,MBB
2024-04-11 07:00:00,14.98,15.21,14.92,15.14,9011600,MBB
2024-04-12 07:00:00,15.21,15.75,15.14,15.72,23911200,MBB
2024-04-15 07:00:00,15.59,15.97,14.66,14.92,47595100,MBB
2024-04-16 07:00:00,14.92,15.24,14.7,15.24,32717500,MBB
2024-04-17 07:00:00,15.3,15.33,14.73,14.73,23979900,MBB
2024-04-19 07:00:00,14.41,14.86,14.41,14.47,28182700,MBB
2024-04-22 07:00:00,14.54,14.7,14.38,14.41,17581500,MBB
2024-04-23 07:00:00,14.41,14.47,13.87,14.03,31998000,MBB
2024-04-24 07:00:00,14.15,14.44,14.0,14.38,18650800,MBB
2024-04-25 07:00:00,14.41,14.41,14.12,14.19,13003200,MBB
2024-04-26 07:00:00,14.03,14.31,14.03,14.19,13332200,MBB
2024-05-02 07:00:00,14.22,14.38,14.15,14.28,11078300,MBB
2024-05-03 07:00:00,14.41,14.54,14.22,14.28,11857800,MBB
2024-05-06 07:00:00,14.38,14.63,14.38,14.6,16199300,MBB
2024-05-07 07:00:00,14.66,14.7,14.44,14.51,9604700,MBB
2024-05-08 07:00:00,14.28,14.47,14.22,14.38,21437700,MBB
2024-05-09 07:00:00,14.41,14.54,14.25,14.44,15643200,MBB
2024-05-10 07:00:00,14.51,14.6,14.35,14.41,11418400,MBB
2024-05-13 07:00:00,14.41,14.66,14.41,14.44,14003500,MBB
2024-05-14 07:00:00,14.6,14.79,14.47,14.57,16668300,MBB
2024-05-15 07:00:00,14.63,14.7,14.54,14.6,15300500,MBB
2024-05-16 07:00:00,14.76,15.02,14.66,14.92,31430700,MBB
2024-05-17 07:00:00,14.95,14.95,14.76,14.82,15465900,MBB
2024-05-20 07:00:00,15.05,15.05,14.92,14.95,17925500,MBB
2024-05-21 07:00:00,14.95,15.05,14.82,15.05,16402300,MBB
2024-05-22 07:00:00,15.05,15.08,14.79,14.79,20042500,MBB
2024-05-23 07:00:00,14.79,14.89,14.66,14.86,13080600,MBB
2024-05-24 07:00:00,14.69,15.18,14.43,14.63,36358800,MBB
2024-05-27 07:00:00,14.73,14.73,14.56,14.63,7993800,MBB
2024-05-28 07:00:00,14.79,14.82,14.56,14.73,13107300,MBB
2024-05-29 07:00:00,14.73,14.76,14.53,14.53,17108200,MBB
2024-05-30 07:00:00,14.4,14.43,14.14,14.24,28814000,MBB
2024-05-31 07:00:00,14.24,14.34,14.17,14.17,14933500,MBB
2024-06-03 07:00:00,14.3,14.86,14.3,14.73,24703500,MBB
2024-06-04 07:00:00,14.82,14.86,14.66,14.66,9038600,MBB
2024-06-05 07:00:00,14.69,14.79,14.47,14.47,13657100,MBB
2024-06-06 07:00:00,14.6,14.73,14.53,14.56,10011500,MBB
2024-06-07 07:00:00,14.69,14.76,14.53,14.63,8474500,MBB
2024-06-10 07:00:00,14.69,14.92,14.66,14.76,13347000,MBB
2024-06-11 07:00:00,14.76,14.79,14.63,14.69,10558200,MBB
2024-06-12 07:00:00,14.69,15.05,14.6,15.05,25203000,MBB
2024-06-13 07:00:00,15.12,15.44,15.09,15.35,38953200,MBB
2024-06-14 07:00:00,15.64,15.64,15.05,15.05,25524200,MBB
2024-06-17 07:00:00,15.25,15.25,14.96,15.15,17057500,MBB
2024-06-18 07:00:00,15.31,15.35,15.15,15.15,11960200,MBB
2024-06-19 07:00:00,15.25,15.28,15.02,15.18,13277700,MBB
2024-06-20 07:00:00,15.25,15.28,15.09,15.15,13693800,MBB
2024-06-21 07:00:00,15.15,15.22,15.05,15.12,10133400,MBB
2024-06-24 07:00:00,15.05,15.12,14.69,14.76,25433000,MBB
2024-06-25 07:00:00,14.79,14.89,14.66,14.73,8882600,MBB
2024-06-26 07:00:00,14.73,14.76,14.56,14.66,11084000,MBB
2024-06-27 07:00:00,14.63,14.73,14.6,14.66,6168000,MBB
2024-06-28 07:00:00,14.69,14.69,14.47,14.47,9571200,MBB
2024-07-01 07:00:00,14.5,14.63,14.43,14.63,4131300,MBB
2024-07-02 07:00:00,14.66,14.89,14.63,14.79,9933300,MBB
2024-07-03 07:00:00,14.86,14.96,14.73,14.92,7022000,MBB
2024-07-04 07:00:00,14.92,14.99,14.73,14.86,5713700,MBB
2024-07-05 07:00:00,14.86,14.89,14.73,14.86,6230800,MBB
2024-07-08 07:00:00,14.86,14.96,14.73,14.79,7042600,MBB
2024-07-09 07:00:00,14.86,15.09,14.76,15.09,13428600,MBB
2024-07-10 07:00:00,15.09,15.38,15.09,15.18,19192200,MBB
2024-07-11 07:00:00,15.28,15.31,15.05,15.05,7698300,MBB
2024-07-12 07:00:00,14.96,15.12,14.92,14.99,7369600,MBB
2024-07-15 07:00:00,15.02,15.12,14.96,15.02,4409400,MBB
2024-07-16 07:00:00,15.05,15.61,15.02,15.35,24769400,MBB
2024-07-17 07:00:00,15.51,16.39,15.35,15.97,72360100,MBB
2024-07-18 07:00:00,16.03,16.29,15.7,16.23,30072900,MBB
2024-07-19 07:00:00,16.23,16.71,16.16,16.55,45583300,MBB
2024-07-22 07:00:00,16.49,16.78,16.06,16.42,33806600,MBB
2024-07-23 07:00:00,16.52,16.52,15.51,15.57,47896200,MBB
2024-07-24 07:00:00,15.51,15.8,15.41,15.61,25838700,MBB
2024-07-25 07:00:00,15.54,15.7,15.31,15.61,20386600,MBB
2024-07-26 07:00:00,15.57,15.87,15.54,15.83,12160400,MBB
2024-07-29 07:00:00,15.93,15.93,15.7,15.7,9503000,MBB
2024-07-30 07:00:00,15.7,15.97,15.54,15.97,19571700,MBB
2024-07-31 07:00:00,15.97,16.23,15.77,15.9,20396300,MBB
2024-08-01 07:00:00,15.9,16.0,15.15,15.25,32341200,MBB
2024-08-02 07:00:00,14.99,15.51,14.99,15.51,23767000,MBB
2024-08-05 07:00:00,15.02,15.35,14.86,14.96,31221800,MBB
2024-08-06 07:00:00,15.12,15.31,14.99,15.25,16963800,MBB
2024-08-07 07:00:00,15.25,15.31,15.12,15.22,10207600,MBB
2024-08-08 07:00:00,15.18,15.31,14.99,15.02,10204400,MBB
2024-08-09 07:00:00,15.12,15.31,15.12,15.28,8470400,MBB
2024-08-12 07:00:00,15.31,15.44,15.22,15.44,10231700,MBB
2024-08-13 07:00:00,15.41,15.48,15.25,15.38,6721200,MBB
2024-08-14 07:00:00,15.48,15.48,15.25,15.25,6574600,MBB
2024-08-15 07:00:00,15.25,15.35,15.15,15.15,7883800,MBB
2024-08-16 07:00:00,15.25,15.7,15.22,15.67,21005900,MBB
2024-08-19 07:00:00,15.7,15.8,15.61,15.67,8940400,MBB
2024-08-20 07:00:00,15.7,15.97,15.67,15.8,16378100,MBB
2024-08-21 07:00:00,15.8,16.16,15.67,16.13,21525300,MBB
2024-08-22 07:00:00,16.19,16.23,15.9,15.9,13070300,MBB
2024-08-23 07:00:00,15.9,16.06,15.83,16.0,9573700,MBB
2024-08-26 07:00:00,16.1,16.16,15.83,15.93,10218000,MBB
2024-08-27 07:00:00,15.87,15.97,15.83,15.9,10098000,MBB
2024-08-28 07:00:00,15.93,16.1,15.87,16.06,12094000,MBB
2024-08-29 07:00:00,16.06,16.42,16.06,16.19,22617900,MBB
2024-08-30 07:00:00,16.19,16.29,16.16,16.19,8869300,MBB
2024-09-04 07:00:00,15.93,16.03,15.87,15.9,15149200,MBB
2024-09-05 07:00:00,15.9,16.1,15.57,15.61,16458100,MBB
2024-09-06 07:00:00,15.57,15.67,15.48,15.64,14681100,MBB
2024-09-09 07:00:00,15.57,15.61,15.48,15.61,7767200,MBB
2024-09-10 07:00:00,15.67,15.77,15.41,15.48,12381300,MBB
2024-09-11 07:00:00,15.48,15.67,15.31,15.57,9689000,MBB
2024-09-12 07:00:00,15.64,15.74,15.61,15.64,5629000,MBB
2024-09-13 07:00:00,15.67,15.67,15.54,15.57,4397400,MBB
2024-09-16 07:00:00,15.57,15.8,15.54,15.57,8418300,MBB
2024-09-17 07:00:00,15.64,15.8,15.51,15.8,8279900,MBB
2024-09-18 07:00:00,15.83,16.03,15.74,15.9,13554500,MBB
2024-09-19 07:00:00,15.93,16.0,15.87,15.9,6720200,MBB
2024-09-20 07:00:00,16.0,16.29,16.0,16.13,26323600,MBB
2024-09-23 07:00:00,16.16,16.55,16.16,16.16,18841400,MBB
2024-09-24 07:00:00,16.23,16.49,16.16,16.45,17579900,MBB
2024-09-25 07:00:00,16.55,16.88,16.52,16.78,32046100,MBB
2024-09-26 07:00:00,16.78,16.91,16.62,16.75,26475400,MBB
2024-09-27 07:00:00,16.75,17.04,16.68,16.75,18136400,MBB
2024-09-30 07:00:00,16.58,16.81,16.58,16.75,14401600,MBB
2024-10-01 07:00:00,16.78,17.04,16.71,16.71,18768300,MBB
2024-10-02 07:00:00,16.65,16.84,16.62,16.75,12817100,MBB
2024-10-03 07:00:00,16.71,17.01,16.55,16.62,20995600,MBB
2024-10-04 07:00:00,16.62,16.62,16.36,16.36,18601300,MBB
2024-10-07 07:00:00,16.49,16.55,16.29,16.42,10186200,MBB
2024-10-08 07:00:00,16.42,16.62,16.36,16.42,11968400,MBB
2024-10-09 07:00:00,16.49,16.71,16.45,16.68,14336900,MBB
2024-10-10 07:00:00,16.75,16.91,16.62,16.62,12327300,MBB
2024-10-11 07:00:00,16.62,16.68,16.52,16.65,6485000,MBB
2024-10-14 07:00:00,16.71,17.01,16.62,16.84,15572800,MBB
2024-10-15 07:00:00,16.91,17.01,16.71,16.71,15413400,MBB
2024-10-16 07:00:00,16.71,16.71,16.55,16.62,10829400,MBB
2024-10-17 07:00:00,16.65,16.88,16.52,16.88,11681000,MBB
2024-10-18 07:00:00,16.94,17.07,16.75,16.78,18478000,MBB
2024-10-21 07:00:00,16.78,16.88,16.65,16.65,9410500,MBB
2024-10-22 07:00:00,16.62,16.71,16.39,16.45,20327200,MBB
2024-10-23 07:00:00,16.45,16.52,16.39,16.45,11634500,MBB
2024-10-24 07:00:00,16.45,16.55,16.1,16.1,16246700,MBB
2024-10-25 07:00:00,16.16,16.16,16.0,16.06,10606300,MBB
2024-10-28 07:00:00,16.13,16.19,16.06,16.16,3872900,MBB
2024-10-29 07:00:00,16.23,16.36,16.19,16.29,5342200,MBB
2024-10-30 07:00:00,16.29,16.39,16.1,16.29,6320000,MBB
2024-10-31 07:00:00,16.29,16.42,16.16,16.32,6662200,MBB
2024-11-01 07:00:00,16.26,16.32,16.03,16.03,9317300,MBB
2024-11-04 07:00:00,16.1,16.13,15.9,15.93,11901500,MBB
2024-11-05 07:00:00,16.0,16.03,15.9,15.93,6496400,MBB
2024-11-06 07:00:00,16.06,16.23,15.97,16.19,6561400,MBB
2024-11-07 07:00:00,16.29,16.29,16.16,16.16,4721700,MBB
2024-11-08 07:00:00,16.19,16.23,15.9,16.0,7681300,MBB
2024-11-11 07:00:00,16.0,16.03,15.61,15.83,17138000,MBB
2024-11-12 07:00:00,15.83,15.87,15.7,15.7,8810800,MBB
2024-11-13 07:00:00,15.7,15.8,15.54,15.74,10658900,MBB
2024-11-14 07:00:00,15.7,15.7,15.51,15.51,8429800,MBB
2024-11-15 07:00:00,15.44,15.51,15.31,15.31,11785200,MBB
2024-11-18 07:00:00,15.31,15.41,15.05,15.25,15027600,MBB
2024-11-19 07:00:00,15.31,15.38,15.09,15.09,7581900,MBB
2024-11-20 07:00:00,15.09,15.44,15.09,15.35,9713500,MBB
2024-11-21 07:00:00,15.38,15.64,15.25,15.64,6580200,MBB
2024-11-22 07:00:00,15.61,15.77,15.57,15.64,7345500,MBB
2024-11-25 07:00:00,15.64,15.67,15.57,15.61,4808800,MBB
2024-11-26 07:00:00,15.67,15.77,15.64,15.7,4436300,MBB
2024-11-27 07:00:00,15.64,15.8,15.57,15.7,4073600,MBB
2024-11-28 07:00:00,15.77,15.8,15.64,15.64,6587200,MBB
2024-11-29 07:00:00,15.67,15.74,15.61,15.74,4338100,MBB
2024-12-02 07:00:00,15.77,15.83,15.67,15.74,4110300,MBB
2024-12-03 07:00:00,15.74,15.77,15.61,15.61,6576600,MBB
2024-12-04 07:00:00,15.57,15.64,15.51,15.54,6135700,MBB
2024-12-05 07:00:00,15.54,16.03,15.51,16.0,10559800,MBB
2024-12-06 07:00:00,16.03,16.03,15.87,15.87,6119000,MBB
2024-12-09 07:00:00,15.9,16.0,15.8,15.9,5848600,MBB
2024-12-10 07:00:00,15.9,15.97,15.8,15.8,5009700,MBB
2024-12-11 07:00:00,15.8,15.9,15.7,15.83,5623000,MBB
2024-12-12 07:00:00,15.9,16.0,15.83,15.83,5748500,MBB
2024-12-13 07:00:00,15.8,15.87,15.77,15.8,4396300,MBB
2024-12-16 07:00:00,15.8,15.87,15.64,15.7,5691600,MBB
2024-12-17 07:00:00,15.67,15.77,15.67,15.74,3867900,MBB
2024-12-18 07:00:00,15.74,15.77,15.67,15.77,3778700,MBB
2024-12-19 07:00:00,15.51,15.67,15.51,15.54,10456300,MBB
2024-12-20 07:00:00,15.54,15.64,15.51,15.64,4123400,MBB
2024-12-23 07:00:00,15.64,15.74,15.64,15.67,3290600,MBB
2024-12-24 07:00:00,15.67,15.67,15.54,15.57,3479800,MBB
2024-12-25 07:00:00,15.61,16.16,15.61,15.93,14819900,MBB
2024-12-26 07:00:00,15.97,16.23,15.93,16.23,19904600,MBB
2024-12-27 07:00:00,16.32,16.49,16.29,16.32,16701900,MBB
2024-12-30 07:00:00,16.39,16.39,16.16,16.16,11064900,MBB
2024-12-31 07:00:00,16.16,16.36,16.16,16.36,11241300,MBB
2025-01-02 07:00:00,16.39,16.58,16.32,16.42,12435800,MBB
2025-01-03 07:00:00,16.42,16.42,16.1,16.1,11035600,MBB
2025-01-06 07:00:00,16.1,16.23,15.9,15.9,14555800,MBB
2025-01-07 07:00:00,16.27,16.27,15.9,16.24,11801300,MBB
2025-01-08 07:00:00,16.09,16.27,16.09,16.2,6536100,MBB
2025-01-09 07:00:00,16.2,16.27,16.09,16.12,4367500,MBB
2025-01-10 07:00:00,16.09,16.12,15.86,15.86,8681700,MBB
2025-01-13 07:00:00,15.86,16.12,15.71,16.12,7871600,MBB
2025-01-14 07:00:00,16.05,16.12,15.86,15.98,5736000,MBB
2025-01-15 07:00:00,16.09,16.12,15.98,16.01,4726200,MBB
2025-01-16 07:00:00,16.12,16.2,16.01,16.05,7329100,MBB
2025-01-17 07:00:00,16.12,16.12,16.01,16.12,4483700,MBB
2025-01-20 07:00:00,16.12,16.46,16.12,16.39,8238800,MBB
2025-01-21 07:00:00,16.46,16.54,16.31,16.39,6770200,MBB
2025-01-22 07:00:00,16.46,16.46,16.31,16.35,5961800,MBB
2025-01-23 07:00:00,16.42,16.69,16.35,16.65,13735100,MBB
2025-01-24 07:00:00,16.54,16.84,16.54,16.8,9798300,MBB
2025-02-03 07:00:00,16.54,16.69,16.46,16.54,9087900,MBB
2025-02-04 07:00:00,16.65,16.95,16.58,16.84,11057300,MBB
2025-02-05 07:00:00,16.88,16.91,16.73,16.88,7229500,MBB
2025-02-06 07:00:00,16.91,17.21,16.91,16.95,10756200,MBB
2025-02-07 07:00:00,17.02,17.25,16.8,17.06,14192900,MBB
2025-02-10 07:00:00,17.02,17.44,16.84,17.18,19336200,MBB
2025-02-11 07:00:00,17.25,17.25,17.14,17.25,7739300,MBB
2025-02-12 07:00:00,17.25,17.29,17.02,17.02,7185700,MBB
2025-02-13 07:00:00,17.14,17.18,16.95,17.18,7458100,MBB
2025-02-14 07:00:00,17.25,17.25,17.1,17.14,8160100,MBB
2025-02-17 07:00:00,17.18,17.18,16.95,16.99,8679000,MBB
2025-02-18 07:00:00,16.99,17.21,16.95,17.02,10082500,MBB
2025-02-19 07:00:00,17.1,17.21,17.02,17.14,9166500,MBB
2025-02-20 07:00:00,17.25,17.25,17.14,17.14,10831800,MBB
2025-02-21 07:00:00,17.18,17.36,17.1,17.18,20513900,MBB
2025-02-24 07:00:00,17.1,17.29,17.1,17.25,13460200,MBB
2025-02-25 07:00:00,17.29,17.66,17.29,17.55,37696200,MBB
2025-02-26 07:00:00,17.62,17.66,17.4,17.4,8376800,MBB
2025-02-27 07:00:00,17.4,17.44,17.21,17.4,12766600,MBB
2025-02-28 07:00:00,17.32,17.36,17.21,17.25,11052800,MBB
2025-03-03 07:00:00,17.25,17.32,17.21,17.32,9195600,MBB
2025-03-04 07:00:00,17.29,17.7,17.14,17.55,21367000,MBB
2025-03-05 07:00:00,17.55,18.08,17.48,17.66,30355700,MBB
2025-03-06 07:00:00,17.77,18.08,17.62,18.08,25919100,MBB
2025-03-07 07:00:00,18.19,18.68,18.08,18.38,47416100,MBB
2025-03-10 07:00:00,18.56,18.68,18.34,18.38,19419600,MBB
2025-03-11 07:00:00,18.15,18.6,18.11,18.6,26519300,MBB
2025-03-12 07:00:00,18.68,18.75,18.45,18.45,30957600,MBB
2025-03-13 07:00:00,18.49,18.52,18.15,18.23,23064100,MBB
2025-03-14 07:00:00,18.19,18.34,18.11,18.23,19724000,MBB
2025-03-17 07:00:00,18.3,18.34,18.08,18.23,25601900,MBB
2025-03-18 07:00:00,18.3,18.3,17.92,17.92,26614000,MBB
2025-03-19 07:00:00,17.92,18.0,17.77,17.89,20386000,MBB
2025-03-20 07:00:00,18.0,18.26,17.92,18.19,21142600,MBB
2025-03-21 07:00:00,18.23,18.38,18.15,18.23,15567500,MBB
2025-03-24 07:00:00,18.23,18.3,17.96,18.3,15571400,MBB
2025-03-25 07:00:00,18.38,18.41,18.11,18.15,12739400,MBB
2025-03-26 07:00:00,18.11,18.3,18.0,18.0,18277300,MBB
2025-03-27 07:00:00,18.0,18.08,17.92,17.92,12425800,MBB
2025-03-28 07:00:00,18.0,18.08,17.85,17.92,13037100,MBB
2025-03-31 07:00:00,17.89,18.08,17.85,18.08,18699200,MBB
2025-04-01 07:00:00,18.11,18.45,18.0,18.45,13919500,MBB
2025-04-02 07:00:00,18.45,18.49,18.26,18.26,9787900,MBB
2025-04-03 07:00:00,17.7,17.77,16.99,16.99,86268100,MBB
2025-04-04 07:00:00,15.82,16.84,15.82,16.84,73116900,MBB
2025-04-08 07:00:00,15.86,16.42,15.68,15.68,64519700,MBB
2025-04-09 07:00:00,14.59,16.05,14.59,15.49,61224500,MBB
2025-04-10 07:00:00,16.54,16.54,16.54,16.54,1687200,MBB
2025-04-11 07:00:00,16.88,17.62,16.8,17.59,78951400,MBB
2025-04-14 07:00:00,17.62,17.66,17.36,17.59,31682100,MBB
2025-04-15 07:00:00,17.25,17.55,17.18,17.25,29512300,MBB
2025-04-16 07:00:00,17.25,17.44,17.06,17.18,21897000,MBB
2025-04-17 07:00:00,17.02,17.25,16.95,17.25,21573500,MBB
2025-04-18 07:00:00,17.32,17.59,17.29,17.44,31562900,MBB
2025-04-21 07:00:00,17.62,17.62,17.1,17.21,37143800,MBB
2025-04-22 07:00:00,17.14,17.36,16.16,17.32,45375000,MBB
2025-04-23 07:00:00,17.59,17.77,17.32,17.55,33860600,MBB
2025-04-24 07:00:00,17.55,17.55,17.29,17.44,18099100,MBB
2025-04-25 07:00:00,17.62,17.81,17.48,17.66,40711200,MBB
2025-04-28 07:00:00,17.85,17.89,17.66,17.77,23070500,MBB
2025-04-29 07:00:00,17.77,17.81,17.66,17.66,13178800,MBB
2025-05-05 07:00:00,17.77,17.81,17.59,17.66,18857200,MBB
2025-05-06 07:00:00,17.7,17.77,17.62,17.66,22793600,MBB
2025-05-07 07:00:00,17.66,17.7,17.4,17.44,21893400,MBB
2025-05-08 07:00:00,17.48,17.7,17.4,17.66,21016400,MBB
2025-05-09 07:00:00,17.77,17.77,17.55,17.62,15034800,MBB
2025-05-12 07:00:00,17.55,17.92,17.51,17.85,34696600,MBB
2025-05-13 07:00:00,18.04,18.38,18.0,18.38,40093100,MBB
2025-05-14 07:00:00,18.38,18.52,18.26,18.38,29669300,MBB
2025-05-15 07:00:00,18.45,19.09,18.45,18.79,69083100,MBB
2025-05-16 07:00:00,18.86,18.86,18.49,18.49,28984500,MBB
2025-05-19 07:00:00,18.38,18.68,18.26,18.45,25291500,MBB
2025-05-20 07:00:00,18.52,18.82,18.38,18.64,31383600,MBB
2025-05-21 07:00:00,18.9,19.16,18.64,18.79,30367300,MBB
2025-05-22 07:00:00,19.01,19.01,18.38,18.49,25760800,MBB
2025-05-23 07:00:00,18.68,18.68,18.41,18.49,14495200,MBB
2025-05-26 07:00:00,18.52,18.6,18.0,18.6,18250000,MBB
2025-05-27 07:00:00,18.75,18.75,18.49,18.56,17946800,MBB
2025-05-28 07:00:00,18.64,18.64,18.41,18.45,14351800,MBB
2025-05-29 07:00:00,18.56,18.56,18.34,18.38,12766600,MBB
2025-05-30 07:00:00,18.49,18.49,18.26,18.26,17609800,MBB
2025-06-02 07:00:00,18.34,18.52,18.11,18.45,19184300,MBB
2025-06-03 07:00:00,18.49,18.6,18.49,18.52,19246400,MBB
2025-06-04 07:00:00,18.56,18.6,18.38,18.41,13482700,MBB
2025-06-05 07:00:00,18.41,18.49,18.3,18.3,9996800,MBB
2025-06-06 07:00:00,18.26,18.3,18.11,18.11,17960800,MBB
2025-06-09 07:00:00,18.11,18.23,18.08,18.19,13040400,MBB
2025-06-10 07:00:00,18.23,18.41,18.08,18.15,12938200,MBB
2025-06-11 07:00:00,18.15,18.23,18.11,18.19,6168900,MBB
2025-06-12 07:00:00,18.23,18.52,18.23,18.52,22542900,MBB
2025-06-13 07:00:00,18.34,18.75,18.3,18.64,42299700,MBB
2025-06-16 07:00:00,18.64,18.9,18.6,18.82,21119300,MBB
2025-06-17 07:00:00,18.94,19.05,18.64,18.75,21975100,MBB
2025-06-18 07:00:00,18.82,18.98,18.68,18.79,26189800,MBB
2025-06-19 07:00:00,18.9,18.9,18.71,18.82,15184600,MBB
2025-06-20 07:00:00,18.9,19.61,18.86,19.35,51151100,MBB
2025-06-23 07:00:00,19.16,19.58,19.12,19.42,23682000,MBB
2025-06-24 07:00:00,19.58,19.8,19.42,19.42,25984200,MBB
2025-06-25 07:00:00,19.5,19.54,19.2,19.2,20995000,MBB
2025-06-26 07:00:00,19.27,19.42,19.12,19.42,19444400,MBB
2025-06-27 07:00:00,19.42,19.58,19.27,19.27,12786100,MBB
2025-06-30 07:00:00,19.31,19.42,19.27,19.35,10723800,MBB
2025-07-01 07:00:00,19.42,19.61,19.35,19.5,22344100,MBB
2025-07-02 07:00:00,19.54,19.73,19.5,19.54,13995700,MBB
2025-07-03 07:00:00,19.61,19.76,19.46,19.46,25567500,MBB
2025-07-04 07:00:00,19.5,19.54,19.39,19.5,14976200,MBB
2025-07-07 07:00:00,19.58,19.88,19.58,19.8,18585900,MBB
2025-07-08 07:00:00,19.88,20.02,19.76,19.8,16109400,MBB
2025-07-09 07:00:00,19.91,20.1,19.8,19.95,25280500,MBB
2025-07-10 07:00:00,20.02,20.02,19.8,19.84,14412300,MBB
2025-07-11 07:00:00,19.88,20.18,19.84,20.02,21424900,MBB
2025-07-14 07:00:00,20.06,20.18,19.8,20.1,15049300,MBB
2025-07-15 07:00:00,20.1,20.32,19.95,19.95,19323000,MBB
2025-07-16 07:00:00,19.88,20.06,19.84,20.02,17617700,MBB
2025-07-17 07:00:00,20.06,20.18,19.91,20.06,17340900,MBB
2025-07-18 07:00:00,20.1,20.44,19.95,20.4,25167700,MBB
2025-07-21 07:00:00,20.48,20.74,20.18,20.21,17949400,MBB
2025-07-22 07:00:00,20.18,20.36,19.99,20.36,15464600,MBB
2025-07-23 07:00:00,20.4,20.7,20.32,20.55,27191300,MBB
2025-07-24 07:00:00,20.66,21.34,20.66,21.3,40005000,MBB
2025-07-25 07:00:00,21.38,21.64,21.3,21.34,18105800,MBB
2025-07-28 07:00:00,21.34,21.56,21.26,21.56,24900200,MBB
2025-07-29 07:00:00,21.6,21.64,20.14,20.14,48988900,MBB
2025-07-30 07:00:00,20.4,20.89,20.14,20.55,32104800,MBB
2025-07-31 07:00:00,20.74,20.85,20.21,20.59,24970800,MBB
2025-08-01 07:00:00,20.59,20.74,20.29,20.36,17890700,MBB
2025-08-04 07:00:00,20.32,20.85,20.29,20.85,21243200,MBB
2025-08-05 07:00:00,21.68,22.28,20.74,22.28,71103900,MBB
2025-08-06 07:00:00,22.88,23.21,22.65,22.95,30385100,MBB
2025-08-07 07:00:00,23.18,23.21,22.76,23.06,26980700,MBB
2025-08-08 07:00:00,23.21,23.25,22.76,22.91,25592900,MBB
2025-08-11 07:00:00,23.1,24.34,23.02,23.85,48669700,MBB
2025-08-12 07:00:00,24.22,24.3,23.74,24.3,56623400,MBB
2025-08-13 07:00:00,25.4,25.8,24.7,25.8,79609900,MBB
2025-08-14 07:00:00,27.6,27.6,27.6,27.6,40320900,MBB
2025-08-15 07:00:00,29.5,29.5,27.7,28.25,117471300,MBB
2025-08-18 07:00:00,28.55,28.6,27.65,27.8,51031700,MBB
2025-08-19 07:00:00,28.35,29.4,27.9,28.2,54011900,MBB
2025-08-20 07:00:00,28.2,28.3,26.85,27.8,77393200,MBB
2025-08-21 07:00:00,28.05,28.7,27.75,28.2,57150300,MBB
2025-08-22 07:00:00,27.75,28.0,26.9,26.9,72899700,MBB
2025-08-25 07:00:00,27.15,27.3,25.8,26.2,56190300,MBB
2025-08-26 07:00:00,26.2,27.6,26.1,27.55,40433700,MBB
2025-08-27 07:00:00,28.2,28.25,27.4,27.4,39077600,MBB
2025-08-28 07:00:00,27.4,27.55,26.7,27.2,32467000,MBB
2025-08-29 07:00:00,27.45,28.2,27.2,27.75,55715700,MBB
2025-09-03 07:00:00,27.8,28.8,27.5,28.45,46653600,MBB
2025-09-04 07:00:00,28.45,28.6,28.1,28.25,28054200,MBB
2025-09-05 07:00:00,28.5,28.65,27.4,27.4,66550600,MBB
2025-09-08 07:00:00,27.2,27.25,26.7,26.7,62869000,MBB
2025-09-09 07:00:00,26.7,27.0,26.3,26.65,32840700,MBB
2025-09-10 07:00:00,27.0,27.55,26.8,26.95,28898300,MBB
2025-09-11 07:00:00,26.8,26.95,26.05,26.7,31166200,MBB
2025-09-12 07:00:00,26.9,27.0,26.6,26.6,19231800,MBB
2025-09-15 07:00:00,26.75,26.85,26.55,26.85,21483300,MBB
2025-09-16 07:00:00,27.1,27.85,27.05,27.5,51366800,MBB
2025-09-17 07:00:00,27.4,27.55,27.0,27.0,15819100,MBB
2025-09-18 07:00:00,26.95,27.1,26.6,26.8,17716200,MBB
2025-09-19 07:00:00,26.95,26.95,26.5,26.65,14481700,MBB
2025-09-22 07:00:00,26.55,26.6,26.1,26.15,26372700,MBB
2025-09-23 07:00:00,26.45,26.55,26.15,26.35,10100400,MBB
2025-09-24 07:00:00,26.35,26.8,25.9,26.8,22752100,MBB
2025-09-25 07:00:00,27.0,27.0,26.4,26.55,15489700,MBB
2025-09-26 07:00:00,26.5,26.7,26.25,26.25,12945900,MBB
2025-09-29 07:00:00,26.25,26.35,26.1,26.15,16253000,MBB
2025-09-30 07:00:00,26.2,26.6,26.05,26.2,19759800,MBB
2025-10-01 07:00:00,26.25,26.6,26.15,26.4,11544600,MBB
2025-10-02 07:00:00,26.5,27.35,26.45,26.8,44086100,MBB
2025-10-03 07:00:00,26.7,26.8,26.4,26.55,14509500,MBB
2025-10-06 07:00:00,26.95,27.5,26.65,27.35,38982400,MBB
2025-10-07 07:00:00,27.5,27.55,26.85,26.85,22188300,MBB
2025-10-08 07:00:00,27.2,27.3,26.85,26.85,32173000,MBB
2025-10-09 07:00:00,27.0,27.4,26.85,27.35,38667700,MBB
2025-10-10 07:00:00,27.4,27.75,27.2,27.45,56780900,MBB
2025-10-13 07:00:00,27.15,27.4,27.0,27.35,46449900,MBB
2025-10-14 07:00:00,27.5,27.7,27.05,27.05,49401300,MBB
2025-10-15 07:00:00,27.15,27.65,27.1,27.25,31486300,MBB
2025-10-16 07:00:00,27.3,27.55,27.15,27.2,26482800,MBB
2025-10-17 07:00:00,27.25,27.8,27.1,27.1,43529100,MBB
2025-10-20 07:00:00,26.95,27.1,25.25,25.25,74530200,MBB
2025-10-21 07:00:00,25.35,26.0,24.8,25.3,51668400,MBB
2025-10-22 07:00:00,25.6,25.65,24.8,25.45,29596300,MBB
2025-10-23 07:00:00,25.5,25.7,25.2,25.2,19904800,MBB
2025-10-24 07:00:00,25.15,25.15,24.35,24.4,46363100,MBB
2025-10-27 07:00:00,24.55,24.65,23.8,23.8,52326000,MBB
2025-10-28 07:00:00,23.8,24.0,23.15,24.0,49519800,MBB
2025-10-29 07:00:00,24.2,24.6,24.05,24.35,24107400,MBB
2025-10-30 07:00:00,24.4,24.4,23.85,23.95,24498600,MBB
2025-10-31 07:00:00,23.8,24.1,23.6,23.6,19849200,MBB
2025-11-03 07:00:00,23.7,24.0,23.1,23.1,29961200,MBB
2025-11-04 07:00:00,23.5,24.35,23.2,24.0,38226500,MBB
2025-11-05 07:00:00,24.0,24.1,23.8,23.9,12417500,MBB
2025-11-06 07:00:00,24.0,24.1,23.6,23.7,10717900,MBB
2025-11-07 07:00:00,23.75,23.75,23.15,23.3,21326700,MBB
2025-11-10 07:00:00,23.3,23.6,23.05,23.1,17025200,MBB
2025-11-11 07:00:00,23.15,23.35,23.0,23.2,15211100,MBB
2025-11-12 07:00:00,23.35,23.8,23.2,23.7,17528300,MBB
2025-11-13 07:00:00,23.75,23.8,23.5,23.5,19631300,MBB
2025-11-14 07:00:00,23.45,23.65,23.3,23.5,16560800,MBB
2025-11-17 07:00:00,23.6,23.95,23.6,23.8,16843400,MBB
2025-11-18 07:00:00,23.8,23.95,23.7,23.7,19492900,MBB
2025-11-19 07:00:00,23.75,23.8,23.4,23.5,16581700,MBB
2025-11-20 07:00:00,23.7,23.7,23.3,23.35,13622300,MBB
2025-11-21 07:00:00,23.25,23.25,23.0,23.2,26669000,MBB
2025-11-24 07:00:00,23.25,23.4,23.05,23.15,10531000,MBB
2025-11-25 07:00:00,23.2,23.3,22.8,22.85,18502700,MBB
2025-11-26 07:00:00,22.9,23.45,22.85,23.25,21635300,MBB
2025-11-27 07:00:00,23.35,23.65,23.3,23.5,22892300,MBB
2025-11-28 07:00:00,23.5,23.5,23.25,23.25,11759400,MBB
2025-12-01 07:00:00,23.3,23.4,23.2,23.2,7796300,MBB
2025-12-02 07:00:00,23.2,23.6,23.0,23.55,19166400,MBB
2025-12-03 07:00:00,23.55,24.6,23.55,24.55,56674900,MBB
2025-12-04 07:00:00,24.8,26.0,24.8,25.7,80906200,MBB
2025-12-05 07:00:00,25.8,25.8,25.1,25.15,29444500,MBB
2025-12-08 07:00:00,25.0,25.55,24.85,25.3,22616800,MBB
2025-12-09 07:00:00,25.05,25.2,24.35,24.7,34378900,MBB
2025-12-10 07:00:00,24.7,25.45,24.6,25.15,25865300,MBB
2025-12-11 07:00:00,25.25,25.3,24.7,24.85,15190600,MBB
2025-12-12 07:00:00,24.9,24.95,24.0,24.0,21849200,MBB
2025-12-15 07:00:00,24.0,24.2,23.65,23.75,16023100,MBB
2025-12-16 07:00:00,23.85,24.75,23.5,24.45,21422000,MBB
2025-12-17 07:00:00,24.55,24.7,24.35,24.4,9524600,MBB
2025-12-18 07:00:00,24.3,24.7,24.25,24.65,12957300,MBB
2025-12-19 07:00:00,24.65,24.7,24.5,24.7,10343600,MBB
2025-12-22 07:00:00,24.85,25.4,24.65,25.25,26664100,MBB
2025-12-23 07:00:00,25.35,25.65,24.9,25.1,21996200,MBB
2025-12-24 07:00:00,25.1,25.55,24.95,25.3,24794700,MBB
2025-12-25 07:00:00,25.25,25.55,25.0,25.0,17926700,MBB
2025-12-26 07:00:00,24.7,25.0,24.2,24.85,24369500,MBB
2025-12-29 07:00:00,24.85,25.0,24.7,24.85,11448200,MBB
2025-12-30 07:00:00,24.9,25.2,24.85,25.0,12056900,MBB
2025-12-31 07:00:00,25.0,25.3,24.95,25.3,23824800,MBB
2026-01-05 07:00:00,25.35,25.75,24.0,25.35,36858500,MBB
2026-01-06 07:00:00,25.45,26.75,25.0,26.65,72144100,MBB
2026-01-07 07:00:00,26.75,26.85,26.45,26.7,33897900,MBB
2026-01-08 07:00:00,26.75,27.15,26.5,26.6,47534900,MBB
2026-01-09 07:00:00,26.75,27.7,26.7,27.3,66065300,MBB
2026-01-12 07:00:00,27.55,28.2,27.55,28.2,56968300,MBB
2026-01-13 07:00:00,28.25,28.3,27.45,27.55,45769000,MBB
2026-01-14 07:00:00,27.6,27.95,26.85,27.15,45126300,MBB
2026-01-15 07:00:00,27.05,27.55,26.8,27.25,34596800,MBB
2026-01-16 07:00:00,27.4,27.7,27.05,27.05,20359500,MBB
2026-01-19 07:00:00,27.2,27.6,27.15,27.5,27218600,MBB
2026-01-20 07:00:00,27.75,28.0,27.1,27.4,28109000,MBB
2026-01-21 07:00:00,27.3,27.5,26.9,27.0,27066700,MBB
2026-01-22 07:00:00,27.15,27.45,26.9,26.95,17506700,MBB
2026-01-23 07:00:00,26.95,27.1,26.65,26.95,23036800,MBB
2026-01-26 07:00:00,26.75,26.85,26.0,26.1,31708000,MBB
2026-01-27 07:00:00,26.15,26.6,26.1,26.5,19201000,MBB
2026-01-28 07:00:00,26.55,26.75,26.2,26.55,17954900,MBB
2026-01-29 07:00:00,26.9,26.95,26.3,26.7,19308300,MBB
2026-01-30 07:00:00,26.75,27.2,26.6,27.2,28064600,MBB
2026-02-02 07:00:00,27.2,27.6,26.95,27.3,25977600,MBB
2026-02-03 07:00:00,27.5,28.1,27.5,27.7,50769200,MBB
2026-02-04 07:00:00,27.85,28.1,27.55,27.8,25733700,MBB
2026-02-05 07:00:00,27.85,27.9,27.05,27.05,25285900,MBB
2026-02-06 07:00:00,27.0,28.1,26.45,27.35,49957800,MBB
2026-02-09 07:00:00,27.8,28.1,27.4,27.6,25413800,MBB
2026-02-10 07:00:00,27.8,28.5,27.5,27.85,51318500,MBB
2026-02-11 07:00:00,28.1,29.5,28.05,29.0,104577300,MBB
2026-02-12 07:00:00,29.3,29.3,28.3,28.35,27983900,MBB
2026-02-13 07:00:00,28.6,28.6,28.3,28.3,21371900,MBB
2026-02-23 07:00:00,28.8,28.85,28.3,28.35,19036000,MBB
2026-02-24 07:00:00,28.5,28.5,28.15,28.25,27187100,MBB
2026-02-25 07:00:00,28.5,29.3,28.3,28.75,28088400,MBB
2026-02-26 07:00:00,28.9,29.1,28.45,28.8,16056700,MBB
2026-02-27 07:00:00,28.75,28.85,28.5,28.5,14848500,MBB
2026-03-02 07:00:00,28.0,28.2,27.6,27.65,51175400,MBB
2026-03-03 07:00:00,27.75,27.85,27.0,27.05,42244700,MBB
2026-03-04 07:00:00,27.1,27.4,26.35,26.95,42105200,MBB
2026-03-05 07:00:00,27.45,27.55,27.0,27.05,17308700,MBB
2026-03-06 07:00:00,27.1,27.15,26.65,26.7,22166600,MBB
2026-03-09 07:00:00,24.9,25.65,24.85,24.85,73057300,MBB
2026-03-10 07:00:00,26.1,26.55,25.6,26.55,37844500,MBB
2026-03-11 07:00:00,26.55,27.0,26.45,26.8,22212600,MBB
2026-03-12 07:00:00,26.5,26.8,26.0,26.25,19075600,MBB
2026-03-13 07:00:00,26.2,26.5,25.8,26.15,17314700,MBB
2026-03-16 07:00:00,26.15,26.5,26.1,26.1,12448200,MBB
2026-03-17 07:00:00,26.4,26.75,26.25,26.35,9514500,MBB
2026-03-18 07:00:00,26.7,26.9,25.75,26.3,14929500,MBB
2026-03-19 07:00:00,26.05,26.5,25.9,26.4,19724200,MBB
2026-03-20 07:00:00,26.3,26.35,25.95,25.95,13305900,MBB
2026-03-23 07:00:00,25.6,25.65,24.85,25.0,21672100,MBB
2026-03-24 07:00:00,25.75,26.0,25.4,25.6,13041100,MBB
2026-03-25 07:00:00,25.95,26.25,25.85,26.0,13825500,MBB
2026-03-26 07:00:00,26.35,26.35,25.7,25.8,13683600,MBB
2026-03-27 07:00:00,25.75,26.2,25.6,26.15,12866700,MBB
2026-03-30 07:00:00,25.8,26.1,25.65,25.75,11214500,MBB
2026-03-31 07:00:00,25.95,26.7,25.95,26.45,20965700,MBB
2026-04-01 07:00:00,27.0,27.1,26.5,26.5,18947700,MBB
2026-04-02 07:00:00,26.5,26.55,25.9,26.3,23391700,MBB
2026-04-03 07:00:00,26.3,26.45,25.95,25.95,10974700,MBB
2026-04-06 07:00:00,26.0,26.0,25.6,25.65,11655100,MBB
2026-04-07 07:00:00,25.75,25.8,25.45,25.6,15315200,MBB
2026-04-08 07:00:00,26.45,26.65,26.1,26.6,33405300,MBB
2026-04-09 07:00:00,26.5,26.7,26.35,26.5,14977100,MBB
2026-04-10 07:00:00,26.8,27.1,26.65,26.7,30327300,MBB
2026-04-13 07:00:00,26.35,26.65,26.25,26.45,15029500,MBB
2026-04-14 07:00:00,26.7,26.8,26.5,26.7,16255100,MBB
2026-04-15 07:00:00,26.7,26.85,26.6,26.6,11553900,MBB
2026-04-16 07:00:00,26.5,26.6,26.2,26.3,12841800,MBB
2026-04-17 07:00:00,26.3,26.6,26.3,26.45,8604100,MBB
2026-04-20 07:00:00,26.45,26.6,26.35,26.35,13276300,MBB
2026-04-21 07:00:00,26.4,26.6,26.3,26.3,13041700,MBB
2026-04-22 07:00:00,26.35,26.4,26.1,26.2,8424700,MBB
2026-04-23 07:00:00,26.2,27.0,26.15,26.4,15289400,MBB
2026-04-24 07:00:00,26.4,26.4,26.2,26.2,9074600,MBB
2026-04-28 07:00:00,26.2,26.25,26.0,26.0,12572800,MBB
2026-04-29 07:00:00,26.0,26.15,25.85,26.05,13290000,MBB
2026-05-04 07:00:00,26.15,26.4,26.05,26.1,10177100,MBB
2026-05-05 07:00:00,26.0,26.1,25.8,25.85,6139300,MBB
2023-05-08 07:00:00,17.14,17.31,17.09,17.14,5491600,VPB
2023-05-09 07:00:00,17.23,17.27,17.09,17.14,4727700,VPB
2023-05-10 07:00:00,17.18,17.27,17.14,17.23,8932500,VPB
2023-05-11 07:00:00,17.27,17.49,17.27,17.45,6668100,VPB
2023-05-12 07:00:00,17.45,17.49,17.23,17.4,7522200,VPB
2023-05-15 07:00:00,17.45,17.8,17.4,17.45,13095400,VPB
2023-05-16 07:00:00,17.53,17.53,17.27,17.27,7492900,VPB
2023-05-17 07:00:00,17.27,17.31,16.92,16.92,12684600,VPB
2023-05-18 07:00:00,17.0,17.18,16.92,16.96,7579700,VPB
2023-05-19 07:00:00,17.0,17.09,16.92,17.0,6594600,VPB
2023-05-22 07:00:00,17.0,17.36,17.0,17.36,12024200,VPB
2023-05-23 07:00:00,17.4,17.45,17.18,17.23,7235600,VPB
2023-05-24 07:00:00,17.31,17.36,17.09,17.09,8335700,VPB
2023-05-25 07:00:00,17.05,17.14,16.92,16.92,7299200,VPB
2023-05-26 07:00:00,17.0,17.0,16.83,16.87,6988000,VPB
2023-05-29 07:00:00,16.92,17.14,16.92,17.05,7043800,VPB
2023-05-30 07:00:00,17.18,17.18,17.05,17.14,8975200,VPB
2023-05-31 07:00:00,17.23,17.23,16.96,17.0,7913900,VPB
2023-06-01 07:00:00,17.0,17.09,16.92,17.09,9750400,VPB
2023-06-02 07:00:00,17.27,17.8,17.23,17.49,24536300,VPB
2023-06-05 07:00:00,17.71,17.75,17.4,17.4,13421500,VPB
2023-06-06 07:00:00,17.4,17.62,17.36,17.49,14948300,VPB
2023-06-07 07:00:00,17.62,17.71,17.4,17.53,16189900,VPB
2023-06-08 07:00:00,17.53,17.67,17.18,17.18,16595600,VPB
2023-06-09 07:00:00,17.27,17.27,17.0,17.18,9596000,VPB
2023-06-12 07:00:00,17.36,17.36,17.05,17.27,8506300,VPB
2023-06-13 07:00:00,17.36,17.4,17.09,17.18,9666700,VPB
2023-06-14 07:00:00,17.27,17.71,17.23,17.4,25385000,VPB
2023-06-15 07:00:00,17.4,17.49,17.23,17.36,9431000,VPB
2023-06-16 07:00:00,17.49,17.71,17.18,17.23,33727700,VPB
2023-06-19 07:00:00,17.23,17.31,16.96,17.14,12070100,VPB
2023-06-20 07:00:00,17.14,17.23,16.96,17.18,14470100,VPB
2023-06-21 07:00:00,17.18,17.31,17.09,17.31,8111300,VPB
2023-06-22 07:00:00,17.4,17.49,17.27,17.27,12409600,VPB
2023-06-23 07:00:00,17.36,17.97,17.31,17.8,42322900,VPB
2023-06-26 07:00:00,18.06,18.06,17.58,17.84,16576800,VPB
2023-06-27 07:00:00,18.02,18.02,17.71,17.71,14429100,VPB
2023-06-28 07:00:00,17.8,17.93,17.67,17.84,16754200,VPB
2023-06-29 07:00:00,17.89,18.02,17.53,17.53,18446100,VPB
2023-06-30 07:00:00,17.53,17.62,17.4,17.49,12376000,VPB
2023-07-03 07:00:00,17.49,17.62,17.4,17.49,9808600,VPB
2023-07-04 07:00:00,17.49,17.58,17.4,17.49,7339700,VPB
2023-07-05 07:00:00,17.53,17.89,17.53,17.58,20485400,VPB
2023-07-06 07:00:00,17.58,17.71,17.23,17.23,16274900,VPB
2023-07-07 07:00:00,17.27,17.49,17.18,17.49,8345400,VPB
2023-07-10 07:00:00,17.58,17.75,17.45,17.67,15275400,VPB
2023-07-11 07:00:00,17.89,17.89,17.45,17.53,19607100,VPB
2023-07-12 07:00:00,17.62,17.62,17.31,17.31,13715900,VPB
2023-07-13 07:00:00,17.53,17.58,17.31,17.58,16403200,VPB
2023-07-14 07:00:00,17.67,17.71,17.27,17.53,17478700,VPB
2023-07-17 07:00:00,17.71,18.06,17.67,18.02,34232500,VPB
2023-07-18 07:00:00,18.02,18.59,17.89,18.46,37316000,VPB
2023-07-19 07:00:00,18.5,18.5,18.19,18.19,22965200,VPB
2023-07-20 07:00:00,18.15,18.5,18.06,18.5,19553900,VPB
2023-07-21 07:00:00,18.46,18.9,18.33,18.86,28604200,VPB
2023-07-24 07:00:00,18.94,19.3,18.77,19.25,24112900,VPB
2023-07-25 07:00:00,19.3,19.69,19.21,19.25,26110300,VPB
2023-07-26 07:00:00,19.21,19.3,18.99,19.25,17436600,VPB
2023-07-27 07:00:00,19.21,19.25,18.94,19.16,17807700,VPB
2023-07-28 07:00:00,19.16,19.47,19.03,19.47,18133600,VPB
2023-07-31 07:00:00,19.52,19.6,19.3,19.52,19655800,VPB
2023-08-01 07:00:00,19.52,19.56,19.08,19.34,25773800,VPB
2023-08-02 07:00:00,19.34,19.6,19.12,19.38,17047500,VPB
2023-08-03 07:00:00,19.34,19.38,19.03,19.12,15903700,VPB
2023-08-04 07:00:00,19.21,19.56,19.03,19.56,15491700,VPB
2023-08-07 07:00:00,19.78,20.26,19.65,19.96,20240800,VPB
2023-08-08 07:00:00,19.96,19.96,19.56,19.56,13851300,VPB
2023-08-09 07:00:00,19.47,19.56,19.12,19.43,21337900,VPB
2023-08-10 07:00:00,19.43,19.43,18.99,19.34,19843500,VPB
2023-08-11 07:00:00,19.34,19.38,18.99,19.38,12402500,VPB
2023-08-14 07:00:00,19.3,19.38,19.21,19.34,11667300,VPB
2023-08-15 07:00:00,19.34,19.38,19.08,19.38,18407400,VPB
2023-08-16 07:00:00,19.3,19.91,19.08,19.74,39587900,VPB
2023-08-17 07:00:00,19.82,19.96,19.52,19.52,15635100,VPB
2023-08-18 07:00:00,19.38,19.43,18.15,18.15,34224900,VPB
2023-08-21 07:00:00,18.15,18.5,17.97,18.33,12657600,VPB
2023-08-22 07:00:00,18.28,18.37,17.67,18.15,21183300,VPB
2023-08-23 07:00:00,18.28,18.37,17.84,17.84,14416600,VPB
2023-08-24 07:00:00,17.84,18.06,17.75,18.06,9969500,VPB
2023-08-25 07:00:00,18.02,18.11,17.62,17.8,16068000,VPB
2023-08-28 07:00:00,17.8,17.97,17.71,17.89,11608800,VPB
2023-08-29 07:00:00,17.93,18.41,17.84,18.37,16213200,VPB
2023-08-30 07:00:00,18.41,18.41,18.15,18.33,9352600,VPB
2023-08-31 07:00:00,18.33,18.55,18.24,18.46,14336300,VPB
2023-09-05 07:00:00,18.68,18.77,18.46,18.5,14495100,VPB
2023-09-06 07:00:00,18.72,19.21,18.41,19.21,23267300,VPB
2023-09-07 07:00:00,19.3,19.47,19.12,19.16,20570900,VPB
2023-09-08 07:00:00,19.16,19.3,19.12,19.21,16766200,VPB
2023-09-11 07:00:00,19.47,19.65,18.94,19.3,38037700,VPB
2023-09-12 07:00:00,19.3,19.65,19.12,19.65,19787600,VPB
2023-09-13 07:00:00,19.65,19.87,19.43,19.78,30576700,VPB
2023-09-14 07:00:00,19.74,19.91,19.38,19.74,23071700,VPB
2023-09-15 07:00:00,19.78,19.96,19.56,19.87,24180400,VPB
2023-09-18 07:00:00,19.82,19.82,19.3,19.52,17640000,VPB
2023-09-19 07:00:00,19.43,19.52,19.03,19.3,13549100,VPB
2023-09-20 07:00:00,19.21,19.43,18.99,19.3,14203800,VPB
2023-09-21 07:00:00,19.12,19.3,19.08,19.08,10971400,VPB
2023-09-22 07:00:00,18.68,18.81,18.37,18.72,19598000,VPB
2023-09-25 07:00:00,18.68,18.77,17.97,17.97,14432900,VPB
2023-09-26 07:00:00,18.15,18.24,17.84,18.02,18954700,VPB
2023-09-27 07:00:00,18.06,18.5,17.89,18.5,12676000,VPB
2023-09-28 07:00:00,18.28,18.86,18.11,18.68,13128800,VPB
2023-09-29 07:00:00,18.77,19.12,18.59,19.12,8454600,VPB
2023-10-02 07:00:00,19.03,19.21,18.86,19.21,11272900,VPB
2023-10-03 07:00:00,18.94,19.03,18.24,18.5,12856900,VPB
2023-10-04 07:00:00,18.06,18.72,18.06,18.5,6975100,VPB
2023-10-05 07:00:00,18.41,18.59,18.33,18.33,5682000,VPB
2023-10-06 07:00:00,18.46,18.55,18.24,18.46,8351000,VPB
2023-10-09 07:00:00,18.5,18.86,18.28,18.86,13601600,VPB
2023-10-10 07:00:00,18.81,19.03,18.77,19.03,11693200,VPB
2023-10-11 07:00:00,19.03,19.21,18.86,19.21,8928600,VPB
2023-10-12 07:00:00,19.3,19.3,19.03,19.25,10399300,VPB
2023-10-13 07:00:00,19.08,19.38,18.86,19.34,13714000,VPB
2023-10-16 07:00:00,19.12,19.82,19.12,19.82,26096800,VPB
2023-10-17 07:00:00,19.78,20.0,19.56,20.0,25974900,VPB
2023-10-18 07:00:00,19.82,20.4,19.16,19.82,39738000,VPB
2023-10-19 07:00:00,19.56,19.74,18.9,18.9,11470700,VPB
2023-10-20 07:00:00,19.03,19.47,18.9,19.03,10805700,VPB
2023-10-23 07:00:00,19.03,19.12,18.24,18.55,13595100,VPB
2023-10-24 07:00:00,18.37,18.86,18.37,18.55,5469700,VPB
2023-10-25 07:00:00,18.55,18.72,18.41,18.5,5160700,VPB
2023-10-26 07:00:00,18.24,18.37,17.23,17.8,17363600,VPB
2023-10-27 07:00:00,17.8,18.06,17.53,17.8,5693300,VPB
2023-10-30 07:00:00,17.62,17.75,17.45,17.53,4922200,VPB
2023-10-31 07:00:00,17.45,17.67,17.23,17.62,6938600,VPB
2023-11-01 07:00:00,17.62,17.71,17.45,17.45,4810600,VPB
2023-11-02 07:00:00,17.58,17.97,17.49,17.89,6159200,VPB
2023-11-03 07:00:00,18.02,18.06,17.45,17.45,13532500,VPB
2023-11-06 07:00:00,17.8,18.37,17.8,18.33,9583200,VPB
2023-11-07 07:00:00,18.41,18.59,18.24,18.24,6341900,VPB
2023-11-08 07:00:00,18.33,18.81,18.15,18.81,13583900,VPB
2023-11-09 07:00:00,18.95,19.0,18.49,18.49,13599100,VPB
2023-11-10 07:00:00,18.4,18.4,18.07,18.07,12157400,VPB
2023-11-13 07:00:00,18.07,18.21,17.61,17.75,10465400,VPB
2023-11-14 07:00:00,17.93,18.49,17.84,18.12,12703100,VPB
2023-11-15 07:00:00,18.4,18.63,18.3,18.44,17930900,VPB
2023-11-16 07:00:00,18.26,18.49,18.26,18.4,9904000,VPB
2023-11-17 07:00:00,18.49,18.49,17.56,17.84,15196300,VPB
2023-11-20 07:00:00,17.47,18.4,17.42,18.03,11870100,VPB
2023-11-21 07:00:00,18.12,18.4,18.03,18.16,8679600,VPB
2023-11-22 07:00:00,18.16,18.26,17.93,18.16,7319900,VPB
2023-11-23 07:00:00,18.21,18.26,17.7,17.7,10595200,VPB
2023-11-24 07:00:00,17.7,17.93,17.56,17.75,10847900,VPB
2023-11-27 07:00:00,17.79,17.98,17.7,17.75,8007700,VPB
2023-11-28 07:00:00,17.75,17.98,17.61,17.89,5746400,VPB
2023-11-29 07:00:00,17.93,17.93,17.79,17.79,5477900,VPB
2023-11-30 07:00:00,17.75,17.98,17.66,17.66,6750000,VPB
2023-12-01 07:00:00,17.75,17.89,17.61,17.84,4871900,VPB
2023-12-04 07:00:00,17.84,18.12,17.79,18.03,10850300,VPB
2023-12-05 07:00:00,18.03,18.07,17.7,17.7,11505600,VPB
2023-12-06 07:00:00,17.79,17.98,17.7,17.93,9473600,VPB
2023-12-07 07:00:00,17.93,18.16,17.7,18.16,17158000,VPB
2023-12-08 07:00:00,18.16,18.21,17.84,18.12,8339400,VPB
2023-12-11 07:00:00,18.03,18.12,17.75,17.93,7675600,VPB
2023-12-12 07:00:00,17.93,17.98,17.75,17.98,6823800,VPB
2023-12-13 07:00:00,17.89,17.93,17.66,17.75,9962400,VPB
2023-12-14 07:00:00,17.75,17.84,17.52,17.56,9433900,VPB
2023-12-15 07:00:00,17.56,17.66,17.24,17.29,12092300,VPB
2023-12-18 07:00:00,17.24,17.29,16.68,17.01,22104100,VPB
2023-12-19 07:00:00,16.73,16.92,16.64,16.92,11907200,VPB
2023-12-20 07:00:00,16.92,16.96,16.68,16.87,7715000,VPB
2023-12-21 07:00:00,16.82,16.87,16.64,16.82,9592700,VPB
2023-12-22 07:00:00,16.82,16.96,16.68,16.78,10359500,VPB
2023-12-25 07:00:00,16.87,17.1,16.87,17.1,8637100,VPB
2023-12-26 07:00:00,17.1,17.15,16.87,17.1,8402900,VPB
2023-12-27 07:00:00,17.1,17.19,16.96,17.1,7673900,VPB
2023-12-28 07:00:00,17.1,17.38,17.05,17.38,10315400,VPB
2023-12-29 07:00:00,17.38,17.75,17.29,17.75,17010800,VPB
2024-01-02 07:00:00,17.75,17.75,17.42,17.42,8798600,VPB
2024-01-03 07:00:00,17.42,17.66,17.24,17.66,8220900,VPB
2024-01-04 07:00:00,17.7,18.16,17.52,17.89,25321300,VPB
2024-01-05 07:00:00,17.89,17.98,17.66,17.75,9906800,VPB
2024-01-08 07:00:00,17.84,17.93,17.7,17.79,9012800,VPB
2024-01-09 07:00:00,17.79,17.89,17.66,17.7,6451500,VPB
2024-01-10 07:00:00,17.66,18.26,17.66,18.12,31567400,VPB
2024-01-11 07:00:00,18.3,18.35,18.07,18.16,17937600,VPB
2024-01-12 07:00:00,17.98,18.26,17.84,18.16,25020500,VPB
2024-01-15 07:00:00,18.3,18.3,17.89,17.89,11340300,VPB
2024-01-16 07:00:00,17.84,17.98,17.75,17.98,9593500,VPB
2024-01-17 07:00:00,17.98,18.07,17.79,17.84,11934200,VPB
2024-01-18 07:00:00,17.93,18.07,17.84,18.03,8447900,VPB
2024-01-19 07:00:00,18.07,18.26,18.07,18.21,16580100,VPB
2024-01-22 07:00:00,18.35,18.44,18.21,18.3,16135000,VPB
2024-01-23 07:00:00,18.35,18.4,18.16,18.21,10961900,VPB
2024-01-24 07:00:00,18.21,18.3,18.07,18.16,7406900,VPB
2024-01-25 07:00:00,18.16,18.21,18.07,18.16,5002000,VPB
2024-01-26 07:00:00,18.21,18.26,18.16,18.26,7546300,VPB
2024-01-29 07:00:00,18.26,18.26,18.07,18.26,4834600,VPB
2024-01-30 07:00:00,18.16,18.35,18.16,18.21,6805100,VPB
2024-01-31 07:00:00,18.16,18.21,17.7,17.93,20001700,VPB
2024-02-01 07:00:00,17.89,17.89,17.66,17.7,6507100,VPB
2024-02-02 07:00:00,17.7,17.75,17.38,17.38,16720300,VPB
2024-02-05 07:00:00,17.42,17.98,17.42,17.75,10730400,VPB
2024-02-06 07:00:00,17.84,17.93,17.75,17.84,5805600,VPB
2024-02-07 07:00:00,17.89,18.12,17.84,18.12,10722600,VPB
2024-02-15 07:00:00,18.12,18.63,18.12,18.3,19362100,VPB
2024-02-16 07:00:00,18.44,18.44,18.21,18.35,7324700,VPB
2024-02-19 07:00:00,18.35,18.44,18.16,18.3,11047900,VPB
2024-02-20 07:00:00,18.21,18.26,18.03,18.12,16244900,VPB
2024-02-21 07:00:00,18.12,18.49,18.12,18.26,17579300,VPB
2024-02-22 07:00:00,18.3,18.4,18.12,18.21,10541600,VPB
2024-02-23 07:00:00,18.21,18.72,18.03,18.03,42130600,VPB
2024-02-26 07:00:00,18.07,18.07,17.75,17.79,12770300,VPB
2024-02-27 07:00:00,17.89,18.03,17.75,17.89,17762400,VPB
2024-02-28 07:00:00,17.93,18.4,17.93,18.4,20960400,VPB
2024-02-29 07:00:00,18.58,18.67,18.16,18.4,17115500,VPB
2024-03-01 07:00:00,18.4,18.4,18.16,18.16,9758900,VPB
2024-03-04 07:00:00,18.3,18.3,18.12,18.12,12989200,VPB
2024-03-05 07:00:00,18.12,18.26,18.07,18.26,8094000,VPB
2024-03-06 07:00:00,18.3,18.35,17.84,17.93,11549500,VPB
2024-03-07 07:00:00,17.93,18.12,17.93,17.98,8016100,VPB
2024-03-08 07:00:00,17.98,18.03,17.52,17.56,29743400,VPB
2024-03-11 07:00:00,17.52,17.66,17.15,17.15,16575400,VPB
2024-03-12 07:00:00,17.15,17.33,17.1,17.15,10959400,VPB
2024-03-13 07:00:00,17.24,17.66,17.19,17.61,10986000,VPB
2024-03-14 07:00:00,17.66,17.66,17.24,17.38,9582800,VPB
2024-03-15 07:00:00,17.33,17.38,17.15,17.24,13581400,VPB
2024-03-18 07:00:00,17.24,17.29,16.59,16.82,23317100,VPB
2024-03-19 07:00:00,16.82,17.1,16.73,16.78,12349900,VPB
2024-03-20 07:00:00,16.82,17.24,16.82,17.24,11504800,VPB
2024-03-21 07:00:00,17.33,17.52,17.15,17.33,16882000,VPB
2024-03-22 07:00:00,17.47,17.56,17.24,17.38,14969100,VPB
2024-03-25 07:00:00,17.38,17.7,17.24,17.47,19751100,VPB
2024-03-26 07:00:00,17.47,18.12,17.47,18.12,37172800,VPB
2024-03-27 07:00:00,18.16,18.26,17.89,18.12,16220800,VPB
2024-03-28 07:00:00,18.16,18.3,18.03,18.16,14691300,VPB
2024-03-29 07:00:00,18.21,18.3,17.98,18.26,20541100,VPB
2024-04-01 07:00:00,18.12,18.26,17.98,18.16,11686300,VPB
2024-04-02 07:00:00,18.07,18.12,17.47,18.07,25838800,VPB
2024-04-03 07:00:00,17.89,18.03,17.79,17.89,16269600,VPB
2024-04-04 07:00:00,17.93,18.12,17.75,17.84,12592700,VPB
2024-04-05 07:00:00,17.66,17.98,17.56,17.98,11106300,VPB
2024-04-08 07:00:00,17.98,17.98,17.66,17.93,8428800,VPB
2024-04-09 07:00:00,17.89,17.93,17.7,17.89,9349100,VPB
2024-04-10 07:00:00,17.93,18.44,17.84,17.89,29210400,VPB
2024-04-11 07:00:00,17.89,18.12,17.84,17.89,9554900,VPB
2024-04-12 07:00:00,17.93,18.21,17.93,18.21,17723300,VPB
2024-04-15 07:00:00,18.12,18.3,17.01,17.19,28346300,VPB
2024-04-16 07:00:00,17.29,17.56,17.1,17.33,23551000,VPB
2024-04-17 07:00:00,17.52,17.61,16.78,16.78,13194900,VPB
2024-04-19 07:00:00,16.78,17.1,16.59,16.73,15355900,VPB
2024-04-22 07:00:00,17.01,17.19,16.87,16.92,8682900,VPB
2024-04-23 07:00:00,16.96,17.19,16.64,17.01,15635300,VPB
2024-04-24 07:00:00,17.1,17.33,17.01,17.19,13072600,VPB
2024-04-25 07:00:00,17.33,17.33,16.96,17.19,10618000,VPB
2024-04-26 07:00:00,17.01,17.19,16.92,17.15,8253200,VPB
2024-05-02 07:00:00,17.15,17.19,16.92,16.92,6332900,VPB
2024-05-03 07:00:00,17.01,17.1,16.96,17.01,10568400,VPB
2024-05-06 07:00:00,17.1,17.33,17.01,17.33,11299500,VPB
2024-05-07 07:00:00,17.33,17.42,17.15,17.38,7408000,VPB
2024-05-08 07:00:00,17.24,17.38,17.1,17.15,10945500,VPB
2024-05-09 07:00:00,17.24,17.42,17.1,17.33,9750600,VPB
2024-05-10 07:00:00,17.29,17.33,17.01,17.1,10354900,VPB
2024-05-13 07:00:00,17.15,17.47,17.05,17.38,16732700,VPB
2024-05-14 07:00:00,17.56,17.84,17.47,17.66,20931300,VPB
2024-05-15 07:00:00,17.79,17.79,17.61,17.61,10503000,VPB
2024-05-16 07:00:00,17.75,17.98,17.66,17.93,20748200,VPB
2024-05-17 07:00:00,17.93,17.98,17.79,17.93,12369500,VPB
2024-05-20 07:00:00,18.07,18.35,18.03,18.3,25252400,VPB
2024-05-21 07:00:00,18.3,18.35,18.12,18.3,24050900,VPB
2024-05-22 07:00:00,18.3,18.3,17.77,17.82,22572900,VPB
2024-05-23 07:00:00,17.82,18.01,17.67,18.01,9367000,VPB
2024-05-24 07:00:00,17.91,18.01,17.52,17.52,19560300,VPB
2024-05-27 07:00:00,17.67,17.67,17.48,17.52,7401000,VPB
2024-05-28 07:00:00,17.62,17.72,17.52,17.57,8406700,VPB
2024-05-29 07:00:00,17.62,17.62,17.48,17.57,8290900,VPB
2024-05-30 07:00:00,17.52,17.52,17.23,17.48,10458100,VPB
2024-05-31 07:00:00,17.48,17.57,17.43,17.52,5706900,VPB
2024-06-03 07:00:00,17.62,17.96,17.57,17.82,14012200,VPB
2024-06-04 07:00:00,17.91,17.91,17.67,17.72,9138000,VPB
2024-06-05 07:00:00,17.72,17.82,17.62,17.62,11802100,VPB
2024-06-06 07:00:00,17.67,17.77,17.48,17.62,16613400,VPB
2024-06-07 07:00:00,17.77,17.77,17.48,17.52,9957000,VPB
2024-06-10 07:00:00,17.57,17.72,17.52,17.57,10496400,VPB
2024-06-11 07:00:00,17.72,17.86,17.57,17.82,31079900,VPB
2024-06-12 07:00:00,17.82,18.89,17.67,18.89,69932300,VPB
2024-06-13 07:00:00,18.98,19.28,18.74,18.94,44255400,VPB
2024-06-14 07:00:00,18.94,18.98,18.21,18.21,35956600,VPB
2024-06-17 07:00:00,18.21,18.55,17.96,18.25,26718200,VPB
2024-06-18 07:00:00,18.3,18.59,18.11,18.11,35291600,VPB
2024-06-19 07:00:00,18.16,18.69,17.91,18.5,51393800,VPB
2024-06-20 07:00:00,18.64,19.28,18.5,19.18,66042200,VPB
2024-06-21 07:00:00,19.18,19.32,18.84,19.08,48973500,VPB
2024-06-24 07:00:00,18.94,19.08,18.35,18.35,45272700,VPB
2024-06-25 07:00:00,18.35,18.69,18.35,18.5,19532800,VPB
2024-06-26 07:00:00,18.5,18.59,18.06,18.5,27222600,VPB
2024-06-27 07:00:00,18.5,18.55,18.21,18.5,25081800,VPB
2024-06-28 07:00:00,18.45,18.79,18.11,18.16,41520600,VPB
2024-07-01 07:00:00,18.16,18.55,18.01,18.5,16520100,VPB
2024-07-02 07:00:00,18.5,18.69,18.3,18.45,16424000,VPB
2024-07-03 07:00:00,18.5,18.69,18.25,18.5,20129200,VPB
2024-07-04 07:00:00,18.64,18.94,18.55,18.55,26247200,VPB
2024-07-05 07:00:00,18.55,18.79,18.5,18.64,18430400,VPB
2024-07-08 07:00:00,18.69,18.79,18.5,18.55,16156200,VPB
2024-07-09 07:00:00,18.69,18.94,18.5,18.89,32010600,VPB
2024-07-10 07:00:00,18.98,19.03,18.69,18.69,15163800,VPB
2024-07-11 07:00:00,18.69,19.03,18.55,18.55,25226500,VPB
2024-07-12 07:00:00,18.59,18.69,18.45,18.5,16053100,VPB
2024-07-15 07:00:00,18.55,18.59,18.21,18.3,16131600,VPB
2024-07-16 07:00:00,18.4,18.59,18.3,18.5,17481000,VPB
2024-07-17 07:00:00,18.5,18.89,18.3,18.5,34909100,VPB
2024-07-18 07:00:00,18.5,18.59,18.16,18.55,15897100,VPB
2024-07-19 07:00:00,18.5,18.69,18.3,18.3,16979400,VPB
2024-07-22 07:00:00,18.3,18.55,18.16,18.3,15847000,VPB
2024-07-23 07:00:00,18.35,18.4,17.72,17.91,17890000,VPB
2024-07-24 07:00:00,17.86,18.11,17.72,18.01,13366800,VPB
2024-07-25 07:00:00,17.91,18.01,17.82,17.86,10459200,VPB
2024-07-26 07:00:00,17.91,18.01,17.82,17.91,7748600,VPB
2024-07-29 07:00:00,18.01,18.11,17.91,17.91,6226600,VPB
2024-07-30 07:00:00,17.91,18.21,17.82,18.06,12800200,VPB
2024-07-31 07:00:00,18.11,18.64,18.11,18.5,35033400,VPB
2024-08-01 07:00:00,18.64,18.64,17.96,18.06,15647200,VPB
2024-08-02 07:00:00,18.01,18.25,17.86,18.25,14027800,VPB
2024-08-05 07:00:00,17.91,18.11,17.48,17.67,28580900,VPB
2024-08-06 07:00:00,17.86,18.01,17.62,17.86,13180000,VPB
2024-08-07 07:00:00,17.91,17.91,17.52,17.52,13538000,VPB
2024-08-08 07:00:00,17.43,17.52,17.04,17.38,21942400,VPB
2024-08-09 07:00:00,17.38,17.62,17.33,17.52,10704400,VPB
2024-08-12 07:00:00,17.52,17.67,17.33,17.67,12636700,VPB
2024-08-13 07:00:00,17.62,17.72,17.48,17.67,10643300,VPB
2024-08-14 07:00:00,17.67,17.72,17.52,17.52,8233100,VPB
2024-08-15 07:00:00,17.52,17.62,17.48,17.52,7537900,VPB
2024-08-16 07:00:00,17.57,17.96,17.52,17.91,23592000,VPB
2024-08-19 07:00:00,17.91,18.11,17.91,17.96,12496800,VPB
2024-08-20 07:00:00,17.96,18.16,17.91,18.11,18245300,VPB
2024-08-21 07:00:00,18.01,18.35,17.96,18.25,33804500,VPB
2024-08-22 07:00:00,18.25,18.35,18.11,18.25,13069100,VPB
2024-08-23 07:00:00,18.3,18.5,18.21,18.25,23789000,VPB
2024-08-26 07:00:00,18.3,18.79,18.3,18.5,39610000,VPB
2024-08-27 07:00:00,18.59,18.64,18.45,18.5,15396700,VPB
2024-08-28 07:00:00,18.5,18.59,18.4,18.45,13771100,VPB
2024-08-29 07:00:00,18.45,18.84,18.4,18.45,23609900,VPB
2024-08-30 07:00:00,18.59,18.59,18.45,18.45,11969500,VPB
2024-09-04 07:00:00,18.3,18.3,18.01,18.01,23328500,VPB
2024-09-05 07:00:00,18.06,18.06,17.82,17.82,15906000,VPB
2024-09-06 07:00:00,17.82,17.96,17.72,17.96,15016900,VPB
2024-09-09 07:00:00,17.91,17.96,17.77,17.86,15693400,VPB
2024-09-10 07:00:00,17.91,17.96,17.62,17.67,20585600,VPB
2024-09-11 07:00:00,17.62,17.82,17.57,17.77,11712500,VPB
2024-09-12 07:00:00,17.77,18.11,17.77,18.01,22640600,VPB
2024-09-13 07:00:00,18.01,18.06,17.82,17.96,9336300,VPB
2024-09-16 07:00:00,17.91,18.06,17.77,17.86,8949100,VPB
2024-09-17 07:00:00,17.86,18.16,17.82,18.16,10212200,VPB
2024-09-18 07:00:00,18.16,18.3,18.01,18.16,22132500,VPB
2024-09-19 07:00:00,18.16,18.3,18.16,18.25,17466800,VPB
2024-09-20 07:00:00,18.3,18.59,18.3,18.45,52246200,VPB
2024-09-23 07:00:00,18.5,18.69,18.4,18.5,29074100,VPB
2024-09-24 07:00:00,18.5,18.69,18.45,18.69,37613000,VPB
2024-09-25 07:00:00,18.79,19.03,18.69,18.94,45912400,VPB
2024-09-26 07:00:00,18.98,19.32,18.84,19.08,55121600,VPB
2024-09-27 07:00:00,19.18,19.62,19.08,19.23,62864300,VPB
2024-09-30 07:00:00,19.18,19.62,19.13,19.57,26723800,VPB
2024-10-01 07:00:00,19.57,19.76,19.32,19.37,33052600,VPB
2024-10-02 07:00:00,19.28,19.37,19.08,19.18,37579900,VPB
2024-10-03 07:00:00,19.28,19.91,19.28,19.47,49868500,VPB
2024-10-04 07:00:00,19.47,19.91,19.42,19.47,34247700,VPB
2024-10-07 07:00:00,19.57,19.62,19.18,19.47,25931500,VPB
2024-10-08 07:00:00,19.47,19.62,19.32,19.57,27923200,VPB
2024-10-09 07:00:00,19.47,19.76,19.47,19.71,49592300,VPB
2024-10-10 07:00:00,19.81,20.15,19.76,20.01,45236500,VPB
2024-10-11 07:00:00,19.96,20.15,19.81,20.15,22150500,VPB
2024-10-14 07:00:00,20.25,20.25,19.86,20.1,22645500,VPB
2024-10-15 07:00:00,19.96,20.49,19.96,20.3,44778300,VPB
2024-10-16 07:00:00,20.25,20.35,20.1,20.3,17841900,VPB
2024-10-17 07:00:00,20.3,20.4,20.15,20.35,22772200,VPB
2024-10-18 07:00:00,20.3,20.4,20.01,20.01,24407500,VPB
2024-10-21 07:00:00,20.01,20.2,19.86,20.1,18193500,VPB
2024-10-22 07:00:00,20.06,20.1,19.76,20.06,22323400,VPB
2024-10-23 07:00:00,19.96,20.01,19.76,19.91,15969500,VPB
2024-10-24 07:00:00,19.86,19.91,19.47,19.47,26049600,VPB
2024-10-25 07:00:00,19.57,19.67,19.47,19.57,16940400,VPB
2024-10-28 07:00:00,19.47,19.57,19.37,19.57,11242600,VPB
2024-10-29 07:00:00,19.67,19.76,19.62,19.71,14155600,VPB
2024-10-30 07:00:00,19.71,19.81,19.62,19.71,9997900,VPB
2024-10-31 07:00:00,19.71,19.91,19.62,19.91,13914600,VPB
2024-11-01 07:00:00,19.86,19.86,19.52,19.62,16603900,VPB
2024-11-04 07:00:00,19.62,19.67,19.08,19.18,30569300,VPB
2024-11-05 07:00:00,19.03,19.28,19.03,19.18,9956500,VPB
2024-11-06 07:00:00,19.23,19.42,19.18,19.32,16235900,VPB
2024-11-07 07:00:00,19.37,19.42,19.08,19.18,13396000,VPB
2024-11-08 07:00:00,19.28,19.28,18.79,18.98,24424300,VPB
2024-11-11 07:00:00,18.94,18.94,18.45,18.69,28129900,VPB
2024-11-12 07:00:00,18.74,18.74,18.4,18.59,15114900,VPB
2024-11-13 07:00:00,18.45,18.84,18.25,18.84,20297800,VPB
2024-11-14 07:00:00,18.59,18.69,18.3,18.5,12405400,VPB
2024-11-15 07:00:00,18.35,18.45,18.21,18.21,16699300,VPB
2024-11-18 07:00:00,18.11,18.4,17.96,18.21,19557500,VPB
2024-11-19 07:00:00,18.25,18.3,18.01,18.01,11166800,VPB
2024-11-20 07:00:00,17.91,18.4,17.91,18.21,17682700,VPB
2024-11-21 07:00:00,18.21,18.69,18.11,18.69,27855200,VPB
2024-11-22 07:00:00,18.69,18.79,18.55,18.55,18059300,VPB
2024-11-25 07:00:00,18.55,18.69,18.55,18.55,7649800,VPB
2024-11-26 07:00:00,18.55,18.89,18.55,18.55,18360500,VPB
2024-11-27 07:00:00,18.55,18.69,18.5,18.55,6902700,VPB
2024-11-28 07:00:00,18.69,18.84,18.55,18.55,11978600,VPB
2024-11-29 07:00:00,18.64,18.69,18.5,18.64,6008400,VPB
2024-12-02 07:00:00,18.79,18.79,18.59,18.69,6324600,VPB
2024-12-03 07:00:00,18.64,18.69,18.5,18.69,10874600,VPB
2024-12-04 07:00:00,18.55,18.64,18.45,18.5,8458600,VPB
2024-12-05 07:00:00,18.5,18.98,18.3,18.98,31488800,VPB
2024-12-06 07:00:00,18.98,18.98,18.79,18.84,11632800,VPB
2024-12-09 07:00:00,18.74,19.03,18.69,18.89,19955200,VPB
2024-12-10 07:00:00,18.89,18.94,18.69,18.74,7241900,VPB
2024-12-11 07:00:00,18.74,18.79,18.55,18.74,13262400,VPB
2024-12-12 07:00:00,18.74,19.03,18.64,18.79,23034300,VPB
2024-12-13 07:00:00,18.69,18.79,18.59,18.64,7750600,VPB
2024-12-16 07:00:00,18.64,18.69,18.5,18.59,6791900,VPB
2024-12-17 07:00:00,18.59,18.64,18.45,18.45,8186500,VPB
2024-12-18 07:00:00,18.5,18.59,18.45,18.5,4843000,VPB
2024-12-19 07:00:00,18.45,18.45,18.11,18.3,21112100,VPB
2024-12-20 07:00:00,18.3,18.4,18.16,18.4,6638600,VPB
2024-12-23 07:00:00,18.45,18.64,18.4,18.45,7737800,VPB
2024-12-24 07:00:00,18.45,18.5,18.25,18.45,5918600,VPB
2024-12-25 07:00:00,18.45,18.79,18.3,18.69,14786600,VPB
2024-12-26 07:00:00,18.74,18.79,18.55,18.74,8211900,VPB
2024-12-27 07:00:00,18.69,18.84,18.59,18.74,16560300,VPB
2024-12-30 07:00:00,18.69,18.74,18.59,18.74,6678700,VPB
2024-12-31 07:00:00,18.74,18.74,18.55,18.69,8163800,VPB
2025-01-02 07:00:00,18.59,18.69,18.45,18.64,8363400,VPB
2025-01-03 07:00:00,18.59,18.59,18.25,18.25,10601500,VPB
2025-01-06 07:00:00,18.25,18.4,18.21,18.3,6917300,VPB
2025-01-07 07:00:00,18.35,18.4,18.21,18.21,6745900,VPB
2025-01-08 07:00:00,18.21,18.4,18.16,18.35,4829800,VPB
2025-01-09 07:00:00,18.4,18.4,18.16,18.21,3978900,VPB
2025-01-10 07:00:00,18.21,18.25,17.96,18.01,6522500,VPB
2025-01-13 07:00:00,17.96,18.01,17.77,17.82,8588900,VPB
2025-01-14 07:00:00,17.77,17.86,17.57,17.67,11010000,VPB
2025-01-15 07:00:00,17.82,18.01,17.72,17.91,5618700,VPB
2025-01-16 07:00:00,18.01,18.01,17.72,17.91,9492000,VPB
2025-01-17 07:00:00,17.91,17.96,17.82,17.96,4423700,VPB
2025-01-20 07:00:00,17.91,18.06,17.86,17.91,6430800,VPB
2025-01-21 07:00:00,18.01,18.01,17.77,17.91,11084100,VPB
2025-01-22 07:00:00,17.91,18.01,17.77,17.86,10799900,VPB
2025-01-23 07:00:00,18.01,18.4,17.91,18.4,26477400,VPB
2025-01-24 07:00:00,18.4,18.5,18.3,18.4,11206200,VPB
2025-02-03 07:00:00,18.3,18.3,18.01,18.01,9498400,VPB
2025-02-04 07:00:00,18.25,18.3,18.06,18.25,11820000,VPB
2025-02-05 07:00:00,18.25,18.59,18.25,18.55,12836500,VPB
2025-02-06 07:00:00,18.59,18.69,18.45,18.55,9985800,VPB
2025-02-07 07:00:00,18.45,18.69,18.4,18.45,8925500,VPB
2025-02-10 07:00:00,18.4,18.59,18.25,18.35,13500000,VPB
2025-02-11 07:00:00,18.35,18.64,18.3,18.4,20352000,VPB
2025-02-12 07:00:00,18.5,18.59,18.3,18.4,7800900,VPB
2025-02-13 07:00:00,18.4,18.5,18.3,18.4,8322600,VPB
2025-02-14 07:00:00,18.59,18.64,18.5,18.5,11535000,VPB
2025-02-17 07:00:00,18.5,18.59,18.35,18.35,11944500,VPB
2025-02-18 07:00:00,18.35,18.69,18.25,18.45,18113100,VPB
2025-02-19 07:00:00,18.5,18.59,18.45,18.55,9257700,VPB
2025-02-20 07:00:00,18.59,18.79,18.5,18.69,18762900,VPB
2025-02-21 07:00:00,18.64,19.08,18.55,18.94,42288600,VPB
2025-02-24 07:00:00,18.89,19.03,18.69,19.03,22721400,VPB
2025-02-25 07:00:00,19.03,19.08,18.74,18.84,14015500,VPB
2025-02-26 07:00:00,18.84,18.89,18.74,18.74,11212100,VPB
2025-02-27 07:00:00,18.74,18.84,18.55,18.79,9546600,VPB
2025-02-28 07:00:00,18.59,18.89,18.59,18.79,9236600,VPB
2025-03-03 07:00:00,18.84,18.84,18.59,18.69,9400800,VPB
2025-03-04 07:00:00,18.59,18.69,18.45,18.59,19237100,VPB
2025-03-05 07:00:00,18.59,18.84,18.5,18.5,16030300,VPB
2025-03-06 07:00:00,18.55,18.84,18.55,18.64,20891200,VPB
2025-03-07 07:00:00,18.69,18.94,18.64,18.74,20716400,VPB
2025-03-10 07:00:00,18.89,19.13,18.79,18.89,34122100,VPB
2025-03-11 07:00:00,18.74,19.23,18.69,19.18,37545200,VPB
2025-03-12 07:00:00,19.28,19.28,18.98,19.08,27171700,VPB
2025-03-13 07:00:00,19.13,19.13,18.69,18.74,16157500,VPB
2025-03-14 07:00:00,18.79,19.08,18.69,19.08,17673600,VPB
2025-03-17 07:00:00,19.23,19.86,19.08,19.67,71545100,VPB
2025-03-18 07:00:00,19.71,19.76,19.28,19.28,25977100,VPB
2025-03-19 07:00:00,19.23,19.23,18.89,18.94,29438700,VPB
2025-03-20 07:00:00,19.08,19.18,18.89,19.08,18739400,VPB
2025-03-21 07:00:00,19.08,19.13,18.89,18.98,9370100,VPB
2025-03-24 07:00:00,18.98,19.13,18.74,19.08,16805100,VPB
2025-03-25 07:00:00,19.13,19.18,18.94,18.98,11786900,VPB
2025-03-26 07:00:00,18.98,19.13,18.79,18.84,9453500,VPB
2025-03-27 07:00:00,18.74,18.94,18.74,18.74,6689600,VPB
2025-03-28 07:00:00,18.74,18.89,18.69,18.74,11134300,VPB
2025-03-31 07:00:00,18.64,18.74,18.5,18.5,14764100,VPB
2025-04-01 07:00:00,18.64,18.69,18.5,18.64,8728300,VPB
2025-04-02 07:00:00,18.64,18.84,18.59,18.64,11401400,VPB
2025-04-03 07:00:00,17.72,18.06,17.38,17.38,40611200,VPB
2025-04-04 07:00:00,16.36,16.99,16.21,16.99,46810000,VPB
2025-04-08 07:00:00,16.55,16.74,15.82,15.82,24697900,VPB
2025-04-09 07:00:00,14.8,16.06,14.75,15.53,56107800,VPB
2025-04-10 07:00:00,16.6,16.6,16.6,16.6,1665400,VPB
2025-04-11 07:00:00,16.55,17.18,16.36,16.99,60038400,VPB
2025-04-14 07:00:00,17.04,17.23,16.79,16.84,28905800,VPB
2025-04-15 07:00:00,16.74,16.79,16.4,16.45,19615100,VPB
2025-04-16 07:00:00,16.4,16.55,16.26,16.36,13818200,VPB
2025-04-17 07:00:00,16.36,16.36,15.92,16.11,21615700,VPB
2025-04-18 07:00:00,16.21,16.79,16.21,16.5,16480100,VPB
2025-04-21 07:00:00,16.45,16.6,16.26,16.26,12080600,VPB
2025-04-22 07:00:00,16.16,16.36,15.14,16.16,30670500,VPB
2025-04-23 07:00:00,16.55,16.55,16.26,16.26,10954900,VPB
2025-04-24 07:00:00,16.36,16.5,16.21,16.21,12820700,VPB
2025-04-25 07:00:00,16.26,16.31,16.01,16.06,24808000,VPB
2025-04-28 07:00:00,16.26,16.26,16.06,16.11,9938200,VPB
2025-04-29 07:00:00,16.16,16.26,16.06,16.11,14256100,VPB
2025-05-05 07:00:00,16.26,16.31,16.06,16.16,7593000,VPB
2025-05-06 07:00:00,16.26,16.74,16.21,16.45,25315800,VPB
2025-05-07 07:00:00,16.5,16.55,16.36,16.55,10235800,VPB
2025-05-08 07:00:00,16.6,16.74,16.5,16.55,15414400,VPB
2025-05-09 07:00:00,16.65,16.79,16.45,16.55,17694500,VPB
2025-05-12 07:00:00,16.65,16.99,16.5,16.89,36530800,VPB
2025-05-13 07:00:00,17.18,17.23,16.99,17.23,27752400,VPB
2025-05-14 07:00:00,17.33,18.4,17.28,18.4,95581000,VPB
2025-05-15 07:00:00,18.65,18.8,18.25,18.55,55071300,VPB
2025-05-16 07:00:00,18.35,18.7,18.05,18.05,37978200,VPB
2025-05-19 07:00:00,18.0,18.85,17.8,18.2,64648000,VPB
2025-05-20 07:00:00,18.2,18.55,18.15,18.2,27838100,VPB
2025-05-21 07:00:00,18.3,18.8,18.25,18.45,68308300,VPB
2025-05-22 07:00:00,18.5,18.7,18.2,18.3,40934700,VPB
2025-05-23 07:00:00,18.25,18.35,18.1,18.1,14934100,VPB
2025-05-26 07:00:00,18.1,18.2,17.3,18.15,24583500,VPB
2025-05-27 07:00:00,18.15,18.3,18.05,18.1,22988200,VPB
2025-05-28 07:00:00,18.2,18.3,18.0,18.0,13063100,VPB
2025-05-29 07:00:00,18.1,18.55,18.0,18.15,46408000,VPB
2025-05-30 07:00:00,18.25,18.3,17.9,17.95,11859100,VPB
2025-06-02 07:00:00,17.95,18.15,17.8,18.0,13488800,VPB
2025-06-03 07:00:00,18.1,18.4,18.0,18.3,22863000,VPB
2025-06-04 07:00:00,18.3,18.55,18.2,18.25,41724400,VPB
2025-06-05 07:00:00,18.2,18.4,18.05,18.1,12655700,VPB
2025-06-06 07:00:00,18.1,18.1,17.8,17.8,20106300,VPB
2025-06-09 07:00:00,17.75,17.9,17.65,17.85,14015700,VPB
2025-06-10 07:00:00,17.9,18.2,17.85,17.95,20277000,VPB
2025-06-11 07:00:00,18.05,18.05,17.9,18.0,6795100,VPB
2025-06-12 07:00:00,18.05,18.3,18.05,18.2,21883000,VPB
2025-06-13 07:00:00,18.05,18.4,17.9,18.15,29219800,VPB
2025-06-16 07:00:00,18.15,18.8,18.15,18.8,71722500,VPB
2025-06-17 07:00:00,18.9,19.0,18.6,18.8,35021100,VPB
2025-06-18 07:00:00,18.8,18.95,18.5,18.5,23610700,VPB
2025-06-19 07:00:00,18.5,18.75,18.5,18.5,17971800,VPB
2025-06-20 07:00:00,18.6,18.85,18.45,18.45,24901400,VPB
2025-06-23 07:00:00,18.35,18.5,18.25,18.4,18209500,VPB
2025-06-24 07:00:00,18.55,18.75,18.45,18.55,42718000,VPB
2025-06-25 07:00:00,18.6,18.7,18.4,18.4,17177500,VPB
2025-06-26 07:00:00,18.5,18.55,18.35,18.35,10934900,VPB
2025-06-27 07:00:00,18.5,18.75,18.45,18.5,21153100,VPB
2025-06-30 07:00:00,18.55,18.65,18.5,18.5,11547500,VPB
2025-07-01 07:00:00,18.5,18.6,18.4,18.45,17060200,VPB
2025-07-02 07:00:00,18.45,18.6,18.35,18.6,18377700,VPB
2025-07-03 07:00:00,18.55,18.85,18.5,18.65,47153200,VPB
2025-07-04 07:00:00,18.7,18.85,18.6,18.75,22180000,VPB
2025-07-07 07:00:00,18.9,19.35,18.9,19.3,53672800,VPB
2025-07-08 07:00:00,19.35,19.6,19.05,19.6,45382200,VPB
2025-07-09 07:00:00,19.8,20.15,19.7,20.05,66441400,VPB
2025-07-10 07:00:00,20.15,20.25,19.9,20.15,36743400,VPB
2025-07-11 07:00:00,20.2,20.35,19.9,20.15,45180900,VPB
2025-07-14 07:00:00,20.25,21.2,20.2,21.0,63378600,VPB
2025-07-15 07:00:00,21.15,21.2,20.75,20.75,48779100,VPB
2025-07-16 07:00:00,20.75,21.0,20.5,20.85,31463400,VPB
2025-07-17 07:00:00,21.0,21.3,20.75,20.9,49437400,VPB
2025-07-18 07:00:00,20.9,21.65,20.8,21.35,47947600,VPB
2025-07-21 07:00:00,21.6,22.5,21.35,22.3,72588400,VPB
2025-07-22 07:00:00,22.15,22.6,21.8,22.5,41725200,VPB
2025-07-23 07:00:00,22.8,23.6,22.5,23.35,73950900,VPB
2025-07-24 07:00:00,23.9,23.9,23.15,23.5,47157800,VPB
2025-07-25 07:00:00,23.5,24.15,23.4,24.05,54483100,VPB
2025-07-28 07:00:00,24.35,25.15,24.0,25.1,57164800,VPB
2025-07-29 07:00:00,25.1,25.8,23.55,23.6,83065000,VPB
2025-07-30 07:00:00,23.8,25.25,23.5,25.25,70974800,VPB
2025-07-31 07:00:00,25.8,26.1,25.55,25.8,55195800,VPB
2025-08-01 07:00:00,25.9,25.9,25.0,25.8,55593400,VPB
2025-08-04 07:00:00,25.25,26.4,25.25,26.4,38227100,VPB
2025-08-05 07:00:00,26.65,27.65,25.6,26.5,71760200,VPB
2025-08-06 07:00:00,26.55,27.1,26.3,27.1,28376400,VPB
2025-08-07 07:00:00,27.85,28.95,27.4,28.95,62566800,VPB
2025-08-08 07:00:00,29.5,29.55,28.0,29.55,44921400,VPB
2025-08-11 07:00:00,29.5,29.95,29.0,29.6,33778300,VPB
2025-08-12 07:00:00,29.6,29.8,29.2,29.6,35529800,VPB
2025-08-13 07:00:00,29.3,29.55,28.0,28.8,43486100,VPB
2025-08-14 07:00:00,29.4,30.8,29.2,30.8,69328900,VPB
2025-08-15 07:00:00,32.8,32.8,30.9,31.1,64889700,VPB
2025-08-18 07:00:00,32.05,32.55,31.6,32.0,46632900,VPB
2025-08-19 07:00:00,32.7,34.2,32.7,34.2,21644900,VPB
2025-08-20 07:00:00,35.6,36.55,33.7,36.55,75558800,VPB
2025-08-21 07:00:00,37.0,38.9,36.7,38.65,51427900,VPB
2025-08-22 07:00:00,38.0,38.25,35.95,35.95,75347200,VPB
2025-08-25 07:00:00,35.95,36.0,33.45,33.5,67974200,VPB
2025-08-26 07:00:00,33.05,34.35,32.75,34.3,47968700,VPB
2025-08-27 07:00:00,34.5,34.7,32.5,33.3,57247900,VPB
2025-08-28 07:00:00,33.1,34.2,32.6,34.0,37019300,VPB
2025-08-29 07:00:00,34.0,36.3,33.65,35.0,65834600,VPB
2025-09-03 07:00:00,35.15,35.4,34.35,34.5,28617800,VPB
2025-09-04 07:00:00,34.7,35.0,33.8,34.9,44836900,VPB
2025-09-05 07:00:00,35.5,35.5,33.5,33.5,37902100,VPB
2025-09-08 07:00:00,33.3,33.35,31.2,31.2,58073200,VPB
2025-09-09 07:00:00,31.5,32.55,31.35,32.4,39698200,VPB
2025-09-10 07:00:00,32.85,32.95,31.8,32.45,22042300,VPB
2025-09-11 07:00:00,32.05,32.35,30.45,32.25,44389200,VPB
2025-09-12 07:00:00,32.1,32.3,31.55,31.6,23141700,VPB
2025-09-15 07:00:00,31.5,32.2,30.95,31.55,64130100,VPB
2025-09-16 07:00:00,31.55,32.85,31.5,31.7,70212600,VPB
2025-09-17 07:00:00,31.7,31.95,31.0,31.0,26679300,VPB
2025-09-18 07:00:00,31.1,31.25,30.3,30.8,26645900,VPB
2025-09-19 07:00:00,30.9,30.95,30.0,30.4,28454900,VPB
2025-09-22 07:00:00,30.35,30.4,29.3,29.5,54206200,VPB
2025-09-23 07:00:00,29.6,30.65,29.6,29.9,27129500,VPB
2025-09-24 07:00:00,30.1,31.6,29.55,31.6,40528600,VPB
2025-09-25 07:00:00,31.7,31.85,30.9,30.95,30534200,VPB
2025-09-26 07:00:00,30.95,31.1,30.4,30.4,25508600,VPB
2025-09-29 07:00:00,30.5,31.2,30.05,31.1,33075500,VPB
2025-09-30 07:00:00,31.25,31.25,30.3,31.1,28902200,VPB
2025-10-01 07:00:00,31.1,31.55,30.85,30.9,16624800,VPB
2025-10-02 07:00:00,31.1,31.5,30.15,30.15,31474300,VPB
2025-10-03 07:00:00,30.15,30.2,29.5,29.5,30206400,VPB
2025-10-06 07:00:00,30.25,31.55,30.0,31.55,42838700,VPB
2025-10-07 07:00:00,31.9,31.9,30.9,31.05,26704000,VPB
2025-10-08 07:00:00,31.4,31.65,30.7,31.1,25369900,VPB
2025-10-09 07:00:00,31.3,32.1,31.1,32.1,39130900,VPB
2025-10-10 07:00:00,32.3,32.35,31.7,32.1,34643000,VPB
2025-10-13 07:00:00,31.6,31.85,31.25,31.7,35739000,VPB
2025-10-14 07:00:00,31.9,32.85,31.9,32.5,57074600,VPB
2025-10-15 07:00:00,32.75,34.65,32.75,33.7,92652500,VPB
2025-10-16 07:00:00,33.8,33.9,33.2,33.2,30745500,VPB
2025-10-17 07:00:00,33.2,33.35,31.9,31.95,50287200,VPB
2025-10-20 07:00:00,31.55,31.8,29.75,29.75,52634700,VPB
2025-10-21 07:00:00,29.5,30.65,28.35,30.35,54104300,VPB
2025-10-22 07:00:00,30.45,30.45,29.4,30.45,26715100,VPB
2025-10-23 07:00:00,30.5,30.8,30.0,30.0,14351400,VPB
2025-10-24 07:00:00,29.9,29.9,29.0,29.2,23926000,VPB
2025-10-27 07:00:00,29.5,29.8,28.3,28.3,23908400,VPB
2025-10-28 07:00:00,28.2,29.45,28.05,29.45,26721300,VPB
2025-10-29 07:00:00,29.7,30.3,29.45,29.85,25082900,VPB
2025-10-30 07:00:00,30.25,30.25,28.95,29.2,19085200,VPB
2025-10-31 07:00:00,29.2,29.35,28.65,28.7,15506600,VPB
2025-11-03 07:00:00,29.05,29.05,27.6,27.6,23165800,VPB
2025-11-04 07:00:00,27.55,29.5,27.25,29.5,31974700,VPB
2025-11-05 07:00:00,29.0,29.45,28.8,29.25,13066000,VPB
2025-11-06 07:00:00,29.2,29.2,28.4,28.5,13235900,VPB
2025-11-07 07:00:00,28.45,28.5,27.3,27.5,23937800,VPB
2025-11-10 07:00:00,27.4,28.2,27.4,27.5,16818300,VPB
2025-11-11 07:00:00,27.75,27.8,27.4,27.5,14818100,VPB
2025-11-12 07:00:00,27.65,28.3,27.5,28.0,16274200,VPB
2025-11-13 07:00:00,28.3,28.35,27.75,27.75,12863200,VPB
2025-11-14 07:00:00,27.6,28.2,27.6,27.8,11783400,VPB
2025-11-17 07:00:00,27.95,28.4,27.85,28.1,12074200,VPB
2025-11-18 07:00:00,28.3,28.8,28.15,28.8,18859400,VPB
2025-11-19 07:00:00,28.7,28.75,28.1,28.1,16825600,VPB
2025-11-20 07:00:00,28.25,28.75,28.0,28.55,19548400,VPB
2025-11-21 07:00:00,28.35,28.7,28.0,28.55,18164600,VPB
2025-11-24 07:00:00,28.55,29.2,28.4,29.0,18118500,VPB
2025-11-25 07:00:00,28.95,29.0,28.1,28.2,14577900,VPB
2025-11-26 07:00:00,28.2,29.1,28.2,29.0,18812900,VPB
2025-11-27 07:00:00,29.05,29.5,28.8,29.1,14878100,VPB
2025-11-28 07:00:00,29.1,29.25,28.7,29.25,11904900,VPB
2025-12-01 07:00:00,29.05,29.55,28.85,29.3,11852800,VPB
2025-12-02 07:00:00,29.25,29.25,28.7,28.9,10412200,VPB
2025-12-03 07:00:00,29.15,30.3,29.0,30.25,30066400,VPB
2025-12-04 07:00:00,30.35,30.45,29.9,30.25,16875100,VPB
2025-12-05 07:00:00,30.25,30.3,29.8,29.85,12515000,VPB
2025-12-08 07:00:00,29.8,30.25,29.55,29.7,15691000,VPB
2025-12-09 07:00:00,29.65,29.7,28.4,28.75,25274800,VPB
2025-12-10 07:00:00,28.75,29.1,28.5,29.0,9284000,VPB
2025-12-11 07:00:00,28.95,29.0,28.15,28.15,10971700,VPB
2025-12-12 07:00:00,28.1,28.2,26.55,26.55,21016800,VPB
2025-12-15 07:00:00,26.6,27.5,26.6,27.5,18306600,VPB
2025-12-16 07:00:00,27.45,28.3,26.8,28.25,11815200,VPB
2025-12-17 07:00:00,28.2,28.3,27.8,28.0,6311700,VPB
2025-12-18 07:00:00,28.0,28.3,27.7,28.3,7996800,VPB
2025-12-19 07:00:00,28.25,28.45,28.0,28.45,9896000,VPB
2025-12-22 07:00:00,28.45,29.0,28.1,29.0,13903800,VPB
2025-12-23 07:00:00,29.1,29.4,28.55,28.7,12224300,VPB
2025-12-24 07:00:00,28.6,29.3,28.4,29.3,15286500,VPB
2025-12-25 07:00:00,29.3,29.7,28.75,28.75,14199000,VPB
2025-12-26 07:00:00,28.2,28.85,27.35,28.15,27183600,VPB
2025-12-29 07:00:00,28.15,28.3,27.8,28.0,20347900,VPB
2025-12-30 07:00:00,27.9,29.1,27.9,28.7,23124400,VPB
2025-12-31 07:00:00,28.7,29.0,28.55,28.65,22530100,VPB
2026-01-05 07:00:00,28.65,28.8,27.55,27.9,16194100,VPB
2026-01-06 07:00:00,27.85,28.9,27.65,28.85,21660200,VPB
2026-01-07 07:00:00,29.15,29.75,29.1,29.25,34203500,VPB
2026-01-08 07:00:00,29.3,29.75,29.0,29.25,29952600,VPB
2026-01-09 07:00:00,29.25,29.65,28.2,28.25,37610200,VPB
2026-01-12 07:00:00,28.5,30.2,28.15,30.2,49690500,VPB
2026-01-13 07:00:00,31.3,31.45,30.3,30.5,42211100,VPB
2026-01-14 07:00:00,30.55,30.8,29.2,29.5,44749400,VPB
2026-01-15 07:00:00,29.35,29.4,28.75,29.0,34620800,VPB
2026-01-16 07:00:00,29.3,29.45,28.85,28.9,24981000,VPB
2026-01-19 07:00:00,28.95,29.8,28.9,29.65,30777100,VPB
2026-01-20 07:00:00,30.15,30.95,29.7,29.75,48697600,VPB
2026-01-21 07:00:00,29.65,29.65,29.0,29.05,34082700,VPB
2026-01-22 07:00:00,29.1,29.4,29.05,29.2,19795300,VPB
2026-01-23 07:00:00,29.2,29.3,28.5,28.5,31092900,VPB
2026-01-26 07:00:00,28.6,28.65,27.6,27.75,32470600,VPB
2026-01-27 07:00:00,27.8,28.1,27.7,27.8,12846500,VPB
2026-01-28 07:00:00,27.95,28.3,27.65,27.75,14212000,VPB
2026-01-29 07:00:00,28.0,28.15,27.65,27.65,8246800,VPB
2026-01-30 07:00:00,27.75,28.0,27.55,28.0,15839700,VPB
2026-02-02 07:00:00,27.85,28.0,27.25,27.6,14154800,VPB
2026-02-03 07:00:00,27.85,28.0,27.5,27.5,15333400,VPB
2026-02-04 07:00:00,27.5,27.8,27.25,27.75,16720100,VPB
2026-02-05 07:00:00,28.0,28.05,27.4,27.4,9669100,VPB
2026-02-06 07:00:00,27.2,27.25,26.8,26.8,18137700,VPB
2026-02-09 07:00:00,27.0,27.15,26.65,26.75,8770500,VPB
2026-02-10 07:00:00,26.7,27.3,26.35,26.6,11076900,VPB
2026-02-11 07:00:00,26.8,28.3,26.8,28.3,28252000,VPB
2026-02-12 07:00:00,28.35,28.5,28.15,28.25,8140700,VPB
2026-02-13 07:00:00,28.1,28.3,27.9,28.3,12905500,VPB
2026-02-23 07:00:00,28.45,29.15,28.3,28.8,15465000,VPB
2026-02-24 07:00:00,28.7,29.15,28.55,29.0,18101200,VPB
2026-02-25 07:00:00,29.0,29.5,28.8,28.85,20144800,VPB
2026-02-26 07:00:00,29.0,29.2,28.85,28.9,13933100,VPB
2026-02-27 07:00:00,29.05,29.45,28.75,28.95,18002900,VPB
2026-03-02 07:00:00,28.25,28.7,27.95,28.05,24664300,VPB
2026-03-03 07:00:00,28.05,28.45,27.3,27.45,18795100,VPB
2026-03-04 07:00:00,27.35,27.65,26.5,27.15,26580500,VPB
2026-03-05 07:00:00,27.45,28.1,26.95,27.0,21450200,VPB
2026-03-06 07:00:00,27.0,27.0,26.65,26.65,15454600,VPB
2026-03-09 07:00:00,24.8,25.2,24.8,24.8,32371300,VPB
2026-03-10 07:00:00,26.0,26.0,24.8,25.5,30382100,VPB
2026-03-11 07:00:00,25.5,26.5,25.4,26.45,17296100,VPB
2026-03-12 07:00:00,25.85,26.2,25.5,25.75,12809200,VPB
2026-03-13 07:00:00,25.4,26.0,25.0,25.65,13865300,VPB
2026-03-16 07:00:00,25.7,25.75,25.4,25.5,7467100,VPB
2026-03-17 07:00:00,25.8,26.4,25.7,25.7,9324100,VPB
2026-03-18 07:00:00,25.95,26.15,25.4,25.6,9271600,VPB
2026-03-19 07:00:00,25.25,25.8,24.95,25.6,23991600,VPB
2026-03-20 07:00:00,25.3,25.9,25.05,25.05,15978800,VPB
2026-03-23 07:00:00,24.9,24.9,23.9,24.0,22738500,VPB
2026-03-24 07:00:00,24.45,25.65,24.25,25.25,29998900,VPB
2026-03-25 07:00:00,25.95,26.4,25.55,26.3,21942900,VPB
2026-03-26 07:00:00,26.3,26.5,25.85,26.2,19426700,VPB
2026-03-27 07:00:00,26.0,26.55,25.9,26.45,11263600,VPB
2026-03-30 07:00:00,25.65,26.4,25.55,26.1,16541700,VPB
2026-03-31 07:00:00,26.4,26.9,26.25,26.7,19377200,VPB
2026-04-01 07:00:00,27.3,27.35,26.8,26.8,10288600,VPB
2026-04-02 07:00:00,26.6,26.6,26.0,26.25,11441500,VPB
2026-04-03 07:00:00,26.3,26.4,25.75,25.8,16758100,VPB
2026-04-06 07:00:00,25.8,25.95,25.5,25.6,11093100,VPB
2026-04-07 07:00:00,25.6,26.1,25.5,26.05,11428900,VPB
2026-04-08 07:00:00,27.2,27.75,26.65,27.6,24909900,VPB
2026-04-09 07:00:00,27.35,27.5,27.05,27.1,11852400,VPB
2026-04-10 07:00:00,27.5,27.9,27.3,27.3,14448500,VPB
2026-04-13 07:00:00,27.0,27.2,26.8,26.9,13557000,VPB
2026-04-14 07:00:00,27.3,27.75,27.1,27.35,14453500,VPB
2026-04-15 07:00:00,27.85,27.85,27.25,27.35,12229700,VPB
2026-04-16 07:00:00,27.3,27.9,27.0,27.6,15412800,VPB
2026-04-17 07:00:00,27.8,28.5,27.65,28.25,25668400,VPB
2026-04-20 07:00:00,28.5,28.5,28.05,28.05,14857100,VPB
2026-04-21 07:00:00,28.0,28.25,27.55,27.55,12776900,VPB
2026-04-22 07:00:00,27.6,27.85,27.4,27.55,13650100,VPB
2026-04-23 07:00:00,27.65,28.1,27.4,27.4,12903100,VPB
2026-04-24 07:00:00,27.4,27.6,27.2,27.25,8708200,VPB
2026-04-28 07:00:00,27.25,27.45,27.0,27.0,7722200,VPB
2026-04-29 07:00:00,26.8,27.0,26.5,26.5,18791500,VPB
2026-05-04 07:00:00,26.7,27.15,26.7,26.95,6238600,VPB
2026-05-05 07:00:00,26.9,26.95,26.55,26.6,3091400,VPB
2023-05-08 07:00:00,14.44,14.65,14.41,14.62,2303900,ACB
2023-05-09 07:00:00,14.65,14.68,14.53,14.59,3106400,ACB
2023-05-10 07:00:00,14.59,14.62,14.53,14.59,1959800,ACB
2023-05-11 07:00:00,14.65,14.71,14.53,14.59,2554300,ACB
2023-05-12 07:00:00,14.65,14.68,14.53,14.65,2346700,ACB
2023-05-15 07:00:00,14.77,14.82,14.62,14.65,6383000,ACB
2023-05-16 07:00:00,14.65,14.68,14.59,14.65,1462200,ACB
2023-05-17 07:00:00,14.65,14.74,14.56,14.59,3448000,ACB
2023-05-18 07:00:00,14.59,14.71,14.56,14.65,3351400,ACB
2023-05-19 07:00:00,14.68,14.68,14.5,14.62,4006500,ACB
2023-05-22 07:00:00,14.65,14.68,14.59,14.68,4584600,ACB
2023-05-23 07:00:00,14.77,15.0,14.65,14.85,21722400,ACB
2023-05-24 07:00:00,14.94,14.94,14.62,14.74,11048500,ACB
2023-05-25 07:00:00,14.77,14.77,14.59,14.71,8790400,ACB
2023-05-26 07:00:00,14.77,14.77,14.62,14.65,8560600,ACB
2023-05-29 07:00:00,14.71,14.82,14.65,14.74,16572400,ACB
2023-05-30 07:00:00,14.82,14.82,14.65,14.77,22595600,ACB
2023-05-31 07:00:00,14.77,14.88,14.65,14.88,29153500,ACB
2023-06-01 07:00:00,15.09,15.27,14.92,15.02,12761200,ACB
2023-06-02 07:00:00,15.09,15.51,15.06,15.3,15030000,ACB
2023-06-05 07:00:00,15.44,15.55,15.2,15.27,13842800,ACB
2023-06-06 07:00:00,15.3,15.34,15.23,15.3,9941200,ACB
2023-06-07 07:00:00,15.3,15.44,15.3,15.34,9178100,ACB
2023-06-08 07:00:00,15.3,15.37,15.16,15.16,9677000,ACB
2023-06-09 07:00:00,15.2,15.2,14.95,15.13,7464100,ACB
2023-06-12 07:00:00,15.2,15.2,14.99,15.06,4285400,ACB
2023-06-13 07:00:00,15.09,15.16,15.02,15.16,7969500,ACB
2023-06-14 07:00:00,15.2,15.37,15.16,15.2,8030500,ACB
2023-06-15 07:00:00,15.2,15.23,15.13,15.23,5405900,ACB
2023-06-16 07:00:00,15.23,15.51,15.16,15.3,14410500,ACB
2023-06-19 07:00:00,15.3,15.34,15.16,15.2,4658700,ACB
2023-06-20 07:00:00,15.2,15.23,15.09,15.2,5637600,ACB
2023-06-21 07:00:00,15.16,15.23,15.13,15.23,5482100,ACB
2023-06-22 07:00:00,15.27,15.37,15.2,15.2,7973200,ACB
2023-06-23 07:00:00,15.23,15.37,15.16,15.37,11433200,ACB
2023-06-26 07:00:00,15.59,15.8,15.44,15.62,11784600,ACB
2023-06-27 07:00:00,15.83,15.83,15.59,15.59,5619900,ACB
2023-06-28 07:00:00,15.59,15.73,15.51,15.66,8230200,ACB
2023-06-29 07:00:00,15.66,15.73,15.37,15.37,8151200,ACB
2023-06-30 07:00:00,15.37,15.48,15.3,15.48,5117900,ACB
2023-07-03 07:00:00,15.48,15.51,15.41,15.48,4029900,ACB
2023-07-04 07:00:00,15.41,15.48,15.37,15.44,4346600,ACB
2023-07-05 07:00:00,15.44,15.51,15.41,15.41,8124400,ACB
2023-07-06 07:00:00,15.41,15.44,15.2,15.23,6424400,ACB
2023-07-07 07:00:00,15.23,15.27,15.09,15.23,7142800,ACB
2023-07-10 07:00:00,15.27,15.51,15.23,15.41,9032000,ACB
2023-07-11 07:00:00,15.66,15.66,15.41,15.44,8848500,ACB
2023-07-12 07:00:00,15.59,15.59,15.3,15.34,5185000,ACB
2023-07-13 07:00:00,15.44,15.44,15.3,15.44,6741100,ACB
2023-07-14 07:00:00,15.48,15.51,15.3,15.44,6897700,ACB
2023-07-17 07:00:00,15.48,15.48,15.37,15.44,6533500,ACB
2023-07-18 07:00:00,15.37,15.44,15.34,15.44,6780400,ACB
2023-07-19 07:00:00,15.44,15.55,15.41,15.44,9552300,ACB
2023-07-20 07:00:00,15.44,15.48,15.37,15.44,6284600,ACB
2023-07-21 07:00:00,15.44,15.51,15.37,15.51,6679400,ACB
2023-07-24 07:00:00,15.51,15.59,15.41,15.48,6759900,ACB
2023-07-25 07:00:00,15.44,15.8,15.44,15.66,13703900,ACB
2023-07-26 07:00:00,15.66,15.76,15.59,15.66,5967200,ACB
2023-07-27 07:00:00,15.66,15.69,15.48,15.55,7207700,ACB
2023-07-28 07:00:00,15.59,15.73,15.48,15.59,8610200,ACB
2023-07-31 07:00:00,15.8,16.11,15.76,16.11,19206000,ACB
2023-08-01 07:00:00,16.32,16.32,15.97,16.04,13714200,ACB
2023-08-02 07:00:00,16.01,16.25,16.01,16.22,12406100,ACB
2023-08-03 07:00:00,16.18,16.5,16.15,16.46,17006600,ACB
2023-08-04 07:00:00,16.57,17.13,16.32,17.13,18672300,ACB
2023-08-07 07:00:00,16.81,16.88,16.57,16.67,28085700,ACB
2023-08-08 07:00:00,16.71,16.78,16.36,16.43,15266300,ACB
2023-08-09 07:00:00,16.43,16.57,16.25,16.29,15555900,ACB
2023-08-10 07:00:00,16.32,16.39,16.08,16.08,12692000,ACB
2023-08-11 07:00:00,16.11,16.15,15.87,16.08,9157400,ACB
2023-08-14 07:00:00,16.08,16.18,16.01,16.18,10439500,ACB
2023-08-15 07:00:00,16.25,16.32,16.04,16.04,6458700,ACB
2023-08-16 07:00:00,16.04,16.18,16.01,16.08,8397000,ACB
2023-08-17 07:00:00,16.11,16.15,15.94,15.94,10120500,ACB
2023-08-18 07:00:00,15.94,15.94,15.37,15.37,20451400,ACB
2023-08-21 07:00:00,15.34,15.59,15.34,15.44,7974800,ACB
2023-08-22 07:00:00,15.51,15.55,15.16,15.48,9067900,ACB
2023-08-23 07:00:00,15.59,15.66,15.34,15.34,5544300,ACB
2023-08-24 07:00:00,15.34,15.62,15.34,15.48,5311100,ACB
2023-08-25 07:00:00,15.44,15.48,15.34,15.41,5378200,ACB
2023-08-28 07:00:00,15.44,15.51,15.41,15.48,5156300,ACB
2023-08-29 07:00:00,15.48,15.59,15.41,15.48,5774700,ACB
2023-08-30 07:00:00,15.48,15.8,15.48,15.76,7222100,ACB
2023-08-31 07:00:00,15.76,15.87,15.76,15.87,7206600,ACB
2023-09-05 07:00:00,15.94,16.18,15.9,15.97,7626800,ACB
2023-09-06 07:00:00,15.97,16.11,15.87,16.11,4778100,ACB
2023-09-07 07:00:00,16.15,16.25,15.97,16.08,9854900,ACB
2023-09-08 07:00:00,16.08,16.11,15.94,15.97,5525800,ACB
2023-09-11 07:00:00,16.01,16.08,15.62,15.69,10535900,ACB
2023-09-12 07:00:00,15.69,15.97,15.59,15.97,6681500,ACB
2023-09-13 07:00:00,15.97,16.01,15.76,15.83,6938800,ACB
2023-09-14 07:00:00,15.8,16.01,15.73,15.76,6192000,ACB
2023-09-15 07:00:00,15.87,15.97,15.76,15.9,5249900,ACB
2023-09-18 07:00:00,15.87,15.9,15.66,15.76,4363000,ACB
2023-09-19 07:00:00,15.76,15.87,15.62,15.66,8079400,ACB
2023-09-20 07:00:00,15.66,15.83,15.62,15.76,5294700,ACB
2023-09-21 07:00:00,15.73,15.83,15.69,15.73,5426000,ACB
2023-09-22 07:00:00,15.59,15.8,15.51,15.66,9793000,ACB
2023-09-25 07:00:00,15.66,15.69,15.44,15.44,7623000,ACB
2023-09-26 07:00:00,15.48,15.62,15.34,15.37,9404200,ACB
2023-09-27 07:00:00,15.37,15.44,15.27,15.44,5685000,ACB
2023-09-28 07:00:00,15.34,15.44,15.23,15.27,4991800,ACB
2023-09-29 07:00:00,15.3,15.48,15.3,15.34,2338700,ACB
2023-10-02 07:00:00,15.3,15.41,15.23,15.37,3809300,ACB
2023-10-03 07:00:00,15.3,15.37,15.16,15.16,5507600,ACB
2023-10-04 07:00:00,15.13,15.23,15.09,15.16,3178300,ACB
2023-10-05 07:00:00,15.27,15.41,15.16,15.16,3350700,ACB
2023-10-06 07:00:00,15.16,15.37,15.13,15.3,2440800,ACB
2023-10-09 07:00:00,15.23,15.83,15.23,15.8,8978000,ACB
2023-10-10 07:00:00,15.8,16.04,15.8,16.01,6535100,ACB
2023-10-11 07:00:00,16.01,16.01,15.83,15.94,2844500,ACB
2023-10-12 07:00:00,15.94,16.08,15.8,15.94,5633800,ACB
2023-10-13 07:00:00,15.87,15.94,15.8,15.9,4691800,ACB
2023-10-16 07:00:00,15.83,15.94,15.73,15.87,4219800,ACB
2023-10-17 07:00:00,15.87,15.9,15.76,15.76,3657500,ACB
2023-10-18 07:00:00,15.76,15.76,15.48,15.48,6208800,ACB
2023-10-19 07:00:00,15.48,15.55,15.3,15.3,6209300,ACB
2023-10-20 07:00:00,15.3,15.51,15.3,15.37,3670300,ACB
2023-10-23 07:00:00,15.51,15.51,15.23,15.3,2398300,ACB
2023-10-24 07:00:00,15.41,15.51,15.3,15.37,2550700,ACB
2023-10-25 07:00:00,15.59,15.62,15.37,15.37,2487200,ACB
2023-10-26 07:00:00,15.27,15.27,14.71,14.81,12593400,ACB
2023-10-27 07:00:00,15.06,15.23,14.88,15.13,3180900,ACB
2023-10-30 07:00:00,15.16,15.2,14.95,14.95,3856500,ACB
2023-10-31 07:00:00,14.99,15.13,14.92,15.02,3489400,ACB
2023-11-01 07:00:00,15.02,15.2,14.99,15.16,4832800,ACB
2023-11-02 07:00:00,15.27,15.66,15.16,15.66,5148100,ACB
2023-11-03 07:00:00,15.66,15.73,15.48,15.48,4885400,ACB
2023-11-06 07:00:00,15.59,15.69,15.51,15.59,3789100,ACB
2023-11-07 07:00:00,15.51,15.62,15.51,15.51,2325400,ACB
2023-11-08 07:00:00,15.51,16.08,15.48,16.01,7911900,ACB
2023-11-09 07:00:00,16.08,16.08,15.83,15.83,4763900,ACB
2023-11-10 07:00:00,15.73,15.87,15.62,15.73,5047700,ACB
2023-11-13 07:00:00,15.76,15.87,15.59,15.76,3415300,ACB
2023-11-14 07:00:00,15.76,16.08,15.76,15.94,10301200,ACB
2023-11-15 07:00:00,16.15,16.5,16.11,16.32,32333400,ACB
2023-11-16 07:00:00,16.32,16.43,16.22,16.36,8080900,ACB
2023-11-17 07:00:00,16.43,16.43,15.83,15.94,12350400,ACB
2023-11-20 07:00:00,15.73,16.11,15.55,15.8,10207600,ACB
2023-11-21 07:00:00,15.9,16.01,15.8,15.87,3711000,ACB
2023-11-22 07:00:00,15.8,15.97,15.69,15.94,4392400,ACB
2023-11-23 07:00:00,15.94,15.97,15.59,15.59,5181900,ACB
2023-11-24 07:00:00,15.66,15.66,15.3,15.48,7898300,ACB
2023-11-27 07:00:00,15.48,15.51,15.34,15.34,3259000,ACB
2023-11-28 07:00:00,15.37,15.51,15.23,15.37,4187100,ACB
2023-11-29 07:00:00,15.44,15.69,15.44,15.48,4828800,ACB
2023-11-30 07:00:00,15.48,15.66,15.41,15.41,5243600,ACB
2023-12-01 07:00:00,15.55,15.55,15.27,15.41,5734700,ACB
2023-12-04 07:00:00,15.48,15.76,15.44,15.66,9041000,ACB
2023-12-05 07:00:00,15.66,15.76,15.48,15.55,3557500,ACB
2023-12-06 07:00:00,15.55,15.66,15.44,15.66,2791900,ACB
2023-12-07 07:00:00,15.66,15.8,15.59,15.73,7237600,ACB
2023-12-08 07:00:00,15.73,15.83,15.66,15.73,3812500,ACB
2023-12-11 07:00:00,15.76,15.8,15.62,15.73,2274400,ACB
2023-12-12 07:00:00,15.76,15.8,15.66,15.8,3228200,ACB
2023-12-13 07:00:00,15.8,15.83,15.66,15.66,3929800,ACB
2023-12-14 07:00:00,15.73,15.97,15.66,15.8,6945700,ACB
2023-12-15 07:00:00,15.87,16.04,15.83,15.97,6189100,ACB
2023-12-18 07:00:00,15.94,16.01,15.9,16.01,6388000,ACB
2023-12-19 07:00:00,16.01,16.22,16.01,16.18,11470900,ACB
2023-12-20 07:00:00,16.18,16.32,16.18,16.29,8859100,ACB
2023-12-21 07:00:00,16.29,16.32,16.18,16.32,7082700,ACB
2023-12-22 07:00:00,16.29,16.36,16.29,16.29,4510000,ACB
2023-12-25 07:00:00,16.32,16.46,16.29,16.39,7582400,ACB
2023-12-26 07:00:00,16.43,16.43,16.32,16.32,5728800,ACB
2023-12-27 07:00:00,16.29,16.43,16.29,16.36,4866000,ACB
2023-12-28 07:00:00,16.36,16.81,16.36,16.67,10513000,ACB
2023-12-29 07:00:00,16.78,16.92,16.71,16.78,9195100,ACB
2024-01-02 07:00:00,16.81,17.38,16.81,17.16,13883500,ACB
2024-01-03 07:00:00,17.2,17.55,17.02,17.55,9803400,ACB
2024-01-04 07:00:00,17.69,18.01,17.62,17.76,23587800,ACB
2024-01-05 07:00:00,17.76,17.87,17.59,17.87,9272100,ACB
2024-01-08 07:00:00,18.04,18.08,17.69,17.8,12389600,ACB
2024-01-09 07:00:00,17.73,17.8,17.52,17.55,15449500,ACB
2024-01-10 07:00:00,17.69,17.9,17.55,17.73,17603300,ACB
2024-01-11 07:00:00,17.83,18.08,17.66,17.73,9933500,ACB
2024-01-12 07:00:00,17.66,18.39,17.59,18.11,25561200,ACB
2024-01-15 07:00:00,18.25,18.25,17.76,17.76,11719300,ACB
2024-01-16 07:00:00,17.83,17.94,17.59,17.83,12380200,ACB
2024-01-17 07:00:00,17.87,18.11,17.8,17.83,9714300,ACB
2024-01-18 07:00:00,17.87,18.08,17.8,17.97,9611300,ACB
2024-01-19 07:00:00,18.11,18.22,18.01,18.22,12771300,ACB
2024-01-22 07:00:00,18.39,18.46,18.11,18.46,12001200,ACB
2024-01-23 07:00:00,18.43,18.57,18.29,18.29,11731500,ACB
2024-01-24 07:00:00,18.29,18.32,18.04,18.11,11341900,ACB
2024-01-25 07:00:00,18.15,18.18,17.97,18.11,5086300,ACB
2024-01-26 07:00:00,18.15,18.53,18.15,18.46,6856000,ACB
2024-01-29 07:00:00,18.6,18.6,18.22,18.22,9276600,ACB
2024-01-30 07:00:00,18.29,18.39,18.18,18.22,6379000,ACB
2024-01-31 07:00:00,18.32,18.32,17.94,18.08,12158100,ACB
2024-02-01 07:00:00,18.04,18.32,18.04,18.25,6281100,ACB
2024-02-02 07:00:00,18.22,18.46,18.15,18.43,14529200,ACB
2024-02-05 07:00:00,18.43,19.66,18.36,19.52,28121400,ACB
2024-02-06 07:00:00,19.55,19.59,19.41,19.55,5447300,ACB
2024-02-07 07:00:00,19.55,19.8,19.55,19.66,11893900,ACB
2024-02-15 07:00:00,19.69,19.94,19.1,19.1,14244300,ACB
2024-02-16 07:00:00,19.31,19.38,19.17,19.38,9495400,ACB
2024-02-19 07:00:00,19.45,19.45,19.1,19.45,11856900,ACB
2024-02-20 07:00:00,19.31,19.48,19.2,19.34,7316400,ACB
2024-02-21 07:00:00,19.31,19.59,19.24,19.45,10251900,ACB
2024-02-22 07:00:00,19.45,19.48,19.31,19.41,7401800,ACB
2024-02-23 07:00:00,19.45,19.94,19.17,19.17,25975600,ACB
2024-02-26 07:00:00,19.17,19.45,19.03,19.31,9785600,ACB
2024-02-27 07:00:00,19.45,19.45,19.2,19.38,12054800,ACB
2024-02-28 07:00:00,19.41,19.66,19.34,19.66,10460800,ACB
2024-02-29 07:00:00,19.73,19.83,19.45,19.66,9951400,ACB
2024-03-01 07:00:00,19.66,19.66,19.34,19.52,10193800,ACB
2024-03-04 07:00:00,19.52,19.8,19.24,19.52,13216500,ACB
2024-03-05 07:00:00,19.52,19.66,19.34,19.62,6332600,ACB
2024-03-06 07:00:00,19.66,19.76,19.34,19.38,9791600,ACB
2024-03-07 07:00:00,19.38,19.45,19.24,19.31,10165800,ACB
2024-03-08 07:00:00,19.31,19.41,18.95,18.99,23017000,ACB
2024-03-11 07:00:00,18.99,19.03,18.71,18.78,12015800,ACB
2024-03-12 07:00:00,18.71,18.85,18.67,18.78,8312600,ACB
2024-03-13 07:00:00,18.78,19.41,18.78,19.41,8935300,ACB
2024-03-14 07:00:00,19.38,19.38,18.99,19.13,8224300,ACB
2024-03-15 07:00:00,19.13,19.24,18.95,19.2,7822800,ACB
2024-03-18 07:00:00,19.1,19.2,18.74,18.88,14119300,ACB
2024-03-19 07:00:00,18.81,18.99,18.78,18.85,7121300,ACB
2024-03-20 07:00:00,18.85,19.45,18.81,19.31,14002400,ACB
2024-03-21 07:00:00,19.45,19.66,19.34,19.66,12818200,ACB
2024-03-22 07:00:00,19.83,20.32,19.59,19.76,22676200,ACB
2024-03-25 07:00:00,19.69,19.69,19.31,19.31,10187100,ACB
2024-03-26 07:00:00,19.38,19.62,19.2,19.62,6283500,ACB
2024-03-27 07:00:00,19.62,19.69,19.38,19.66,5958200,ACB
2024-03-28 07:00:00,19.87,20.08,19.8,19.9,12423400,ACB
2024-03-29 07:00:00,19.94,20.11,19.76,20.01,13489800,ACB
2024-04-01 07:00:00,19.8,20.01,19.73,19.97,6174900,ACB
2024-04-02 07:00:00,19.87,19.94,19.59,19.94,10409700,ACB
2024-04-03 07:00:00,19.8,19.94,19.59,19.66,10199400,ACB
2024-04-04 07:00:00,19.69,19.69,19.34,19.34,11155900,ACB
2024-04-05 07:00:00,19.17,19.24,19.03,19.06,12289500,ACB
2024-04-08 07:00:00,19.06,19.13,18.92,19.06,6869300,ACB
2024-04-09 07:00:00,19.06,19.17,18.99,19.17,5371500,ACB
2024-04-10 07:00:00,19.27,19.38,19.03,19.03,5122000,ACB
2024-04-11 07:00:00,18.95,19.06,18.88,19.06,11286500,ACB
2024-04-12 07:00:00,19.1,19.66,18.95,19.66,9767600,ACB
2024-04-15 07:00:00,19.52,19.66,18.85,18.85,16253800,ACB
2024-04-16 07:00:00,18.85,19.06,18.78,19.06,17350400,ACB
2024-04-17 07:00:00,19.1,19.13,18.78,18.78,10479700,ACB
2024-04-19 07:00:00,18.67,18.81,18.57,18.67,10862500,ACB
2024-04-22 07:00:00,18.88,18.92,18.74,18.81,6313700,ACB
2024-04-23 07:00:00,18.81,18.92,18.64,18.71,8540500,ACB
2024-04-24 07:00:00,18.81,19.03,18.74,18.99,6681200,ACB
2024-04-25 07:00:00,18.95,18.99,18.78,18.81,5141600,ACB
2024-04-26 07:00:00,18.81,18.95,18.67,18.85,5444000,ACB
2024-05-02 07:00:00,18.85,19.06,18.81,18.95,4797900,ACB
2024-05-03 07:00:00,19.03,19.31,19.03,19.31,8718800,ACB
2024-05-06 07:00:00,19.31,19.45,19.2,19.38,7445000,ACB
2024-05-07 07:00:00,19.48,19.52,19.31,19.41,4300700,ACB
2024-05-08 07:00:00,19.31,19.41,19.17,19.34,4037700,ACB
2024-05-09 07:00:00,19.38,19.52,19.31,19.38,4100900,ACB
2024-05-10 07:00:00,19.38,19.45,19.27,19.45,4909800,ACB
2024-05-13 07:00:00,19.66,19.66,19.41,19.45,5551200,ACB
2024-05-14 07:00:00,19.45,19.59,19.41,19.48,4470600,ACB
2024-05-15 07:00:00,19.55,19.55,19.45,19.45,7803400,ACB
2024-05-16 07:00:00,19.66,19.94,19.52,19.83,30203800,ACB
2024-05-17 07:00:00,19.83,19.94,19.8,19.83,8504100,ACB
2024-05-20 07:00:00,20.01,20.04,19.8,19.83,9333300,ACB
2024-05-21 07:00:00,19.83,19.87,19.55,19.8,10824000,ACB
2024-05-22 07:00:00,19.8,19.83,19.59,19.62,9283100,ACB
2024-05-23 07:00:00,19.66,20.01,19.66,19.97,10449700,ACB
2024-05-24 07:00:00,19.97,21.2,19.83,20.53,33848200,ACB
2024-05-27 07:00:00,20.71,20.96,20.53,20.67,7535500,ACB
2024-05-28 07:00:00,20.85,20.85,20.57,20.82,10686700,ACB
2024-05-29 07:00:00,20.85,20.89,20.53,20.53,13447000,ACB
2024-05-30 07:00:00,20.46,20.64,20.25,20.64,13111100,ACB
2024-05-31 07:00:00,20.89,21.14,20.6,20.6,11122400,ACB
2024-06-03 07:00:00,20.77,20.85,20.56,20.72,16242700,ACB
2024-06-04 07:00:00,20.72,20.72,20.43,20.47,9722200,ACB
2024-06-05 07:00:00,20.68,20.68,20.31,20.35,10785200,ACB
2024-06-06 07:00:00,20.39,20.47,20.31,20.35,8027700,ACB
2024-06-07 07:00:00,20.51,20.6,20.31,20.56,5887100,ACB
2024-06-10 07:00:00,20.56,20.64,20.31,20.39,7670900,ACB
2024-06-11 07:00:00,20.39,20.43,20.14,20.18,9200500,ACB
2024-06-12 07:00:00,20.18,20.51,19.97,20.51,10388900,ACB
2024-06-13 07:00:00,20.51,20.81,20.39,20.72,11713500,ACB
2024-06-14 07:00:00,20.64,20.81,20.56,20.56,11038000,ACB
2024-06-17 07:00:00,20.56,20.56,20.26,20.51,6368600,ACB
2024-06-18 07:00:00,20.64,20.64,20.39,20.51,5724600,ACB
2024-06-19 07:00:00,20.51,20.64,20.26,20.6,7612500,ACB
2024-06-20 07:00:00,20.51,20.77,20.39,20.72,10170900,ACB
2024-06-21 07:00:00,20.77,20.77,20.47,20.51,5122000,ACB
2024-06-24 07:00:00,20.56,20.56,19.97,20.14,14215300,ACB
2024-06-25 07:00:00,20.05,20.22,19.97,20.1,6698400,ACB
2024-06-26 07:00:00,20.05,20.14,19.72,20.14,10135100,ACB
2024-06-27 07:00:00,20.05,20.14,19.89,20.01,4901400,ACB
2024-06-28 07:00:00,19.89,20.05,19.85,19.89,5751000,ACB
2024-07-01 07:00:00,19.89,19.93,19.72,19.89,3933500,ACB
2024-07-02 07:00:00,19.89,20.14,19.8,20.1,5696300,ACB
2024-07-03 07:00:00,20.18,20.39,20.01,20.26,5848800,ACB
2024-07-04 07:00:00,20.31,20.35,20.01,20.18,6368100,ACB
2024-07-05 07:00:00,20.18,20.31,20.05,20.31,6335000,ACB
2024-07-08 07:00:00,20.31,20.35,20.14,20.26,4943500,ACB
2024-07-09 07:00:00,20.18,20.39,20.1,20.31,7986400,ACB
2024-07-10 07:00:00,20.47,20.47,20.26,20.26,6470200,ACB
2024-07-11 07:00:00,20.35,20.35,20.18,20.18,4990300,ACB
2024-07-12 07:00:00,20.14,20.18,19.89,20.05,7151400,ACB
2024-07-15 07:00:00,20.05,20.1,19.97,20.01,4481500,ACB
2024-07-16 07:00:00,20.05,20.31,20.01,20.14,6992700,ACB
2024-07-17 07:00:00,20.31,21.06,20.22,20.47,28890400,ACB
2024-07-18 07:00:00,20.47,20.97,20.47,20.72,10659400,ACB
2024-07-19 07:00:00,20.72,21.14,20.6,20.97,17067800,ACB
2024-07-22 07:00:00,20.97,21.06,20.6,20.68,15146800,ACB
2024-07-23 07:00:00,20.72,20.81,20.05,20.05,15105000,ACB
2024-07-24 07:00:00,20.05,20.39,19.89,20.22,12248400,ACB
2024-07-25 07:00:00,20.18,20.18,19.89,20.1,7155800,ACB
2024-07-26 07:00:00,20.14,20.18,20.05,20.14,3447400,ACB
2024-07-29 07:00:00,20.31,20.31,20.1,20.18,4102600,ACB
2024-07-30 07:00:00,20.05,20.18,20.01,20.18,5489200,ACB
2024-07-31 07:00:00,20.22,20.51,20.14,20.51,8548700,ACB
2024-08-01 07:00:00,20.47,20.56,20.01,20.01,9174700,ACB
2024-08-02 07:00:00,19.97,20.05,19.76,20.01,13706000,ACB
2024-08-05 07:00:00,19.72,19.93,19.34,19.39,20086500,ACB
2024-08-06 07:00:00,19.64,19.76,19.43,19.64,8020900,ACB
2024-08-07 07:00:00,19.72,19.72,19.47,19.55,4400300,ACB
2024-08-08 07:00:00,19.43,19.64,19.43,19.43,3649600,ACB
2024-08-09 07:00:00,19.55,19.72,19.47,19.72,3006900,ACB
2024-08-12 07:00:00,19.72,19.89,19.47,19.89,4197300,ACB
2024-08-13 07:00:00,19.68,19.89,19.64,19.72,2850000,ACB
2024-08-14 07:00:00,19.8,19.89,19.68,19.68,3316800,ACB
2024-08-15 07:00:00,19.68,19.72,19.6,19.64,2655100,ACB
2024-08-16 07:00:00,19.64,20.05,19.64,20.05,6516200,ACB
2024-08-19 07:00:00,20.05,20.18,20.01,20.1,3836600,ACB
2024-08-20 07:00:00,20.1,20.31,20.05,20.14,5413000,ACB
2024-08-21 07:00:00,20.1,20.39,20.1,20.39,6556900,ACB
2024-08-22 07:00:00,20.47,20.51,20.31,20.39,6789100,ACB
2024-08-23 07:00:00,20.39,20.47,20.26,20.43,3892900,ACB
2024-08-26 07:00:00,20.51,20.51,20.39,20.43,4921300,ACB
2024-08-27 07:00:00,20.43,20.47,20.39,20.43,4154700,ACB
2024-08-28 07:00:00,20.47,20.51,20.39,20.47,5222500,ACB
2024-08-29 07:00:00,20.51,20.81,20.51,20.6,8588000,ACB
2024-08-30 07:00:00,20.6,20.72,20.6,20.72,4483800,ACB
2024-09-04 07:00:00,20.47,20.64,20.43,20.6,5632900,ACB
2024-09-05 07:00:00,20.6,20.64,20.43,20.47,3534700,ACB
2024-09-06 07:00:00,20.47,20.56,20.43,20.56,5003500,ACB
2024-09-09 07:00:00,20.51,20.56,20.31,20.43,4686500,ACB
2024-09-10 07:00:00,20.43,20.51,20.14,20.26,6133500,ACB
2024-09-11 07:00:00,20.18,20.26,20.14,20.18,3584100,ACB
2024-09-12 07:00:00,20.26,20.47,20.22,20.43,2617700,ACB
2024-09-13 07:00:00,20.39,20.43,20.26,20.39,2370800,ACB
2024-09-16 07:00:00,20.39,20.51,20.18,20.18,3712400,ACB
2024-09-17 07:00:00,20.18,20.47,20.14,20.47,4078100,ACB
2024-09-18 07:00:00,20.47,20.68,20.35,20.6,8718500,ACB
2024-09-19 07:00:00,20.68,20.77,20.56,20.72,5219400,ACB
2024-09-20 07:00:00,20.81,21.56,20.81,21.43,34310900,ACB
2024-09-23 07:00:00,21.48,21.73,21.39,21.43,8574100,ACB
2024-09-24 07:00:00,21.43,21.56,21.22,21.56,12775500,ACB
2024-09-25 07:00:00,21.73,21.89,21.56,21.89,23014300,ACB
2024-09-26 07:00:00,21.98,22.02,21.73,21.73,18172200,ACB
2024-09-27 07:00:00,21.73,22.06,21.64,21.64,10807400,ACB
2024-09-30 07:00:00,21.48,21.68,21.48,21.52,8455300,ACB
2024-10-01 07:00:00,21.52,21.85,21.52,21.52,10408300,ACB
2024-10-02 07:00:00,21.48,21.81,21.39,21.56,10112400,ACB
2024-10-03 07:00:00,21.68,21.98,21.48,21.48,14798400,ACB
2024-10-04 07:00:00,21.48,21.52,21.22,21.22,8664100,ACB
2024-10-07 07:00:00,21.31,21.48,21.18,21.27,6769700,ACB
2024-10-08 07:00:00,21.31,21.43,21.18,21.31,6522700,ACB
2024-10-09 07:00:00,21.39,21.93,21.35,21.93,20003200,ACB
2024-10-10 07:00:00,22.06,22.14,21.77,21.89,9079400,ACB
2024-10-11 07:00:00,21.81,21.85,21.64,21.81,6560000,ACB
2024-10-14 07:00:00,21.85,21.93,21.68,21.68,9026900,ACB
2024-10-15 07:00:00,21.68,21.89,21.56,21.6,7109800,ACB
2024-10-16 07:00:00,21.52,21.6,21.39,21.52,5395600,ACB
2024-10-17 07:00:00,21.64,21.85,21.52,21.85,9195000,ACB
2024-10-18 07:00:00,21.93,22.14,21.68,21.81,11490300,ACB
2024-10-21 07:00:00,21.73,21.81,21.56,21.56,5532000,ACB
2024-10-22 07:00:00,21.56,21.6,21.22,21.22,12115300,ACB
2024-10-23 07:00:00,21.22,21.35,21.02,21.22,7700100,ACB
2024-10-24 07:00:00,21.22,21.27,20.89,20.89,8926700,ACB
2024-10-25 07:00:00,20.89,20.97,20.77,20.81,9220400,ACB
2024-10-28 07:00:00,20.81,21.02,20.68,21.02,4995600,ACB
2024-10-29 07:00:00,21.14,21.14,20.97,21.06,4176800,ACB
2024-10-30 07:00:00,21.06,21.1,20.85,20.97,3872400,ACB
2024-10-31 07:00:00,20.97,21.27,20.93,21.22,5074500,ACB
2024-11-01 07:00:00,21.14,21.22,20.81,20.81,7855400,ACB
2024-11-04 07:00:00,20.89,20.93,20.6,20.68,9116700,ACB
2024-11-05 07:00:00,20.72,20.81,20.68,20.68,3066100,ACB
2024-11-06 07:00:00,20.81,21.06,20.72,20.97,6242400,ACB
2024-11-07 07:00:00,21.06,21.14,20.81,20.97,4841200,ACB
2024-11-08 07:00:00,20.97,21.06,20.68,20.81,8221400,ACB
2024-11-11 07:00:00,20.81,20.89,20.6,20.77,6742100,ACB
2024-11-12 07:00:00,20.72,20.85,20.6,20.77,4142900,ACB
2024-11-13 07:00:00,20.72,20.81,20.56,20.81,6390100,ACB
2024-11-14 07:00:00,20.6,20.77,20.51,20.51,5795300,ACB
2024-11-15 07:00:00,20.51,20.56,20.31,20.39,9277500,ACB
2024-11-18 07:00:00,20.39,20.56,20.14,20.47,8106600,ACB
2024-11-19 07:00:00,20.47,20.51,20.31,20.31,5784700,ACB
2024-11-20 07:00:00,20.22,20.51,20.18,20.47,6237600,ACB
2024-11-21 07:00:00,20.47,20.77,20.26,20.77,7582000,ACB
2024-11-22 07:00:00,20.77,20.85,20.6,20.85,5693800,ACB
2024-11-25 07:00:00,20.85,20.89,20.72,20.81,4108700,ACB
2024-11-26 07:00:00,20.81,20.97,20.77,20.89,3558600,ACB
2024-11-27 07:00:00,20.85,21.06,20.85,20.93,2744700,ACB
2024-11-28 07:00:00,21.02,21.06,20.85,21.02,4592100,ACB
2024-11-29 07:00:00,21.02,21.06,20.89,21.06,3880000,ACB
2024-12-02 07:00:00,21.1,21.18,20.93,21.02,2487700,ACB
2024-12-03 07:00:00,21.06,21.06,20.85,20.89,6127300,ACB
2024-12-04 07:00:00,20.85,20.93,20.77,20.93,4616000,ACB
2024-12-05 07:00:00,20.89,21.48,20.85,21.48,8267100,ACB
2024-12-06 07:00:00,21.31,21.52,21.31,21.43,6049500,ACB
2024-12-09 07:00:00,21.39,21.43,21.18,21.31,5414200,ACB
2024-12-10 07:00:00,21.31,21.31,21.18,21.18,3399100,ACB
2024-12-11 07:00:00,21.18,21.31,21.06,21.22,8827300,ACB
2024-12-12 07:00:00,21.22,21.31,21.1,21.14,5863500,ACB
2024-12-13 07:00:00,21.14,21.14,20.97,21.02,6040200,ACB
2024-12-16 07:00:00,21.02,21.1,20.93,21.02,5161100,ACB
2024-12-17 07:00:00,21.1,21.1,20.93,21.06,3329200,ACB
2024-12-18 07:00:00,21.1,21.1,20.97,21.02,3381500,ACB
2024-12-19 07:00:00,20.93,20.93,20.64,20.72,9712000,ACB
2024-12-20 07:00:00,20.77,20.81,20.68,20.72,4724000,ACB
2024-12-23 07:00:00,20.77,20.85,20.72,20.81,3465200,ACB
2024-12-24 07:00:00,20.81,20.89,20.72,20.89,3230700,ACB
2024-12-25 07:00:00,20.89,21.39,20.85,21.27,9512300,ACB
2024-12-26 07:00:00,21.27,21.35,21.22,21.35,5579300,ACB
2024-12-27 07:00:00,21.39,21.48,21.31,21.35,7689900,ACB
2024-12-30 07:00:00,21.18,21.43,21.18,21.22,5000400,ACB
2024-12-31 07:00:00,21.22,21.56,21.18,21.56,8841000,ACB
2025-01-02 07:00:00,21.39,21.48,21.22,21.39,4567900,ACB
2025-01-03 07:00:00,21.31,21.35,20.97,20.97,5017300,ACB
2025-01-06 07:00:00,20.89,20.93,20.68,20.72,12052700,ACB
2025-01-07 07:00:00,20.72,20.93,20.72,20.89,5022100,ACB
2025-01-08 07:00:00,20.89,20.89,20.72,20.89,4088100,ACB
2025-01-09 07:00:00,20.85,20.89,20.77,20.85,3839200,ACB
2025-01-10 07:00:00,20.81,20.85,20.64,20.64,4710900,ACB
2025-01-13 07:00:00,20.47,20.77,20.47,20.68,4625500,ACB
2025-01-14 07:00:00,20.68,20.72,20.47,20.6,5059900,ACB
2025-01-15 07:00:00,20.77,20.85,20.6,20.81,7425100,ACB
2025-01-16 07:00:00,20.77,20.93,20.64,20.77,5005500,ACB
2025-01-17 07:00:00,20.77,20.89,20.72,20.85,2378900,ACB
2025-01-20 07:00:00,20.85,20.93,20.72,20.89,4004400,ACB
2025-01-21 07:00:00,20.93,20.97,20.77,20.85,4342600,ACB
2025-01-22 07:00:00,20.89,20.89,20.72,20.77,2787900,ACB
2025-01-23 07:00:00,20.81,21.22,20.81,21.14,8896800,ACB
2025-01-24 07:00:00,21.06,21.31,21.06,21.18,4898600,ACB
2025-02-03 07:00:00,20.93,21.14,20.81,20.97,4767900,ACB
2025-02-04 07:00:00,21.1,21.18,20.93,21.1,4903600,ACB
2025-02-05 07:00:00,21.1,21.22,21.06,21.22,7492100,ACB
2025-02-06 07:00:00,21.31,21.43,21.22,21.31,5593800,ACB
2025-02-07 07:00:00,21.31,21.56,21.22,21.48,9875600,ACB
2025-02-10 07:00:00,21.43,21.85,21.31,21.56,14032400,ACB
2025-02-11 07:00:00,21.6,21.68,21.48,21.6,5420500,ACB
2025-02-12 07:00:00,21.64,21.73,21.43,21.43,6789000,ACB
2025-02-13 07:00:00,21.43,21.52,21.35,21.48,5749900,ACB
2025-02-14 07:00:00,21.68,21.68,21.48,21.52,8139200,ACB
2025-02-17 07:00:00,21.68,21.68,21.52,21.56,5734800,ACB
2025-02-18 07:00:00,21.56,21.73,21.52,21.52,5157400,ACB
2025-02-19 07:00:00,21.52,21.64,21.48,21.56,5028300,ACB
2025-02-20 07:00:00,21.6,21.68,21.52,21.68,5709400,ACB
2025-02-21 07:00:00,21.73,22.02,21.68,21.89,12719300,ACB
2025-02-24 07:00:00,21.77,21.93,21.77,21.85,6396900,ACB
2025-02-25 07:00:00,21.85,21.93,21.73,21.73,6475900,ACB
2025-02-26 07:00:00,21.77,21.81,21.68,21.68,5056300,ACB
2025-02-27 07:00:00,21.73,21.81,21.6,21.81,5656800,ACB
2025-02-28 07:00:00,21.73,21.89,21.56,21.73,5469900,ACB
2025-03-03 07:00:00,21.73,21.77,21.56,21.73,5597900,ACB
2025-03-04 07:00:00,21.64,21.89,21.56,21.85,9957300,ACB
2025-03-05 07:00:00,21.98,22.27,21.85,21.85,11670700,ACB
2025-03-06 07:00:00,21.93,22.06,21.85,22.06,5071000,ACB
2025-03-07 07:00:00,22.14,22.39,22.02,22.27,10705500,ACB
2025-03-10 07:00:00,22.31,22.35,22.06,22.1,8494800,ACB
2025-03-11 07:00:00,21.98,22.1,21.81,22.1,9142000,ACB
2025-03-12 07:00:00,22.14,22.31,21.89,21.98,7796200,ACB
2025-03-13 07:00:00,22.02,22.1,21.81,21.81,8885500,ACB
2025-03-14 07:00:00,21.89,21.89,21.64,21.73,11548600,ACB
2025-03-17 07:00:00,21.81,21.93,21.73,21.89,5664400,ACB
2025-03-18 07:00:00,21.98,22.19,21.93,21.98,6008500,ACB
2025-03-19 07:00:00,21.98,21.98,21.77,21.89,7913600,ACB
2025-03-20 07:00:00,22.06,22.1,21.85,21.93,4862600,ACB
2025-03-21 07:00:00,21.93,21.98,21.81,21.81,4131900,ACB
2025-03-24 07:00:00,21.93,22.02,21.77,22.02,7888300,ACB
2025-03-25 07:00:00,22.06,22.1,21.85,21.98,5597300,ACB
2025-03-26 07:00:00,21.98,22.1,21.81,21.85,7433900,ACB
2025-03-27 07:00:00,21.73,21.89,21.68,21.73,6649100,ACB
2025-03-28 07:00:00,21.73,21.77,21.6,21.68,9728600,ACB
2025-03-31 07:00:00,21.6,21.73,21.56,21.73,9126200,ACB
2025-04-01 07:00:00,21.73,21.77,21.64,21.77,3049500,ACB
2025-04-02 07:00:00,21.81,21.89,21.64,21.68,7480900,ACB
2025-04-03 07:00:00,21.02,21.18,20.18,20.18,39685300,ACB
2025-04-04 07:00:00,18.97,19.89,18.8,19.89,72249400,ACB
2025-04-08 07:00:00,19.3,19.47,18.51,18.51,43676900,ACB
2025-04-09 07:00:00,17.34,19.09,17.34,18.22,36854500,ACB
2025-04-10 07:00:00,19.47,19.47,19.47,19.47,996700,ACB
2025-04-11 07:00:00,20.72,20.81,20.01,20.77,35983500,ACB
2025-04-14 07:00:00,20.77,21.18,20.56,20.72,19363500,ACB
2025-04-15 07:00:00,20.56,20.64,20.14,20.14,14721800,ACB
2025-04-16 07:00:00,20.43,20.64,20.18,20.31,11032100,ACB
2025-04-17 07:00:00,20.47,20.51,20.14,20.31,10139900,ACB
2025-04-18 07:00:00,20.47,20.68,20.43,20.47,10996500,ACB
2025-04-21 07:00:00,20.35,20.47,20.14,20.14,7246000,ACB
2025-04-22 07:00:00,20.31,20.39,18.93,20.14,13607200,ACB
2025-04-23 07:00:00,20.56,20.56,20.18,20.56,6832100,ACB
2025-04-24 07:00:00,20.39,20.51,20.18,20.18,6476600,ACB
2025-04-25 07:00:00,20.39,20.39,19.97,19.97,13357000,ACB
2025-04-28 07:00:00,20.1,20.1,19.93,20.01,4005500,ACB
2025-04-29 07:00:00,20.01,20.22,20.01,20.1,3581800,ACB
2025-05-05 07:00:00,20.26,20.26,20.05,20.1,4629000,ACB
2025-05-06 07:00:00,20.1,20.22,20.05,20.05,8432500,ACB
2025-05-07 07:00:00,20.22,20.22,20.01,20.05,7755800,ACB
2025-05-08 07:00:00,20.14,20.18,20.01,20.18,7281600,ACB
2025-05-09 07:00:00,20.43,20.43,20.14,20.18,5618200,ACB
2025-05-12 07:00:00,20.26,20.43,20.18,20.39,9189800,ACB
2025-05-13 07:00:00,20.51,20.64,20.43,20.56,9650200,ACB
2025-05-14 07:00:00,20.6,20.85,20.6,20.72,10919100,ACB
2025-05-15 07:00:00,21.31,21.43,20.97,21.35,24647200,ACB
2025-05-16 07:00:00,21.48,21.48,21.27,21.27,10697100,ACB
2025-05-19 07:00:00,21.27,21.48,21.14,21.22,13916200,ACB
2025-05-20 07:00:00,21.31,21.43,21.22,21.39,11025800,ACB
2025-05-21 07:00:00,21.52,21.64,21.39,21.43,12362200,ACB
2025-05-22 07:00:00,21.48,21.52,21.31,21.35,18033200,ACB
2025-05-23 07:00:00,21.55,21.6,21.45,21.6,11956100,ACB
2025-05-26 07:00:00,21.6,21.65,21.1,21.5,9939200,ACB
2025-05-27 07:00:00,21.6,21.6,21.4,21.45,9317300,ACB
2025-05-28 07:00:00,21.5,21.55,21.35,21.4,7858900,ACB
2025-05-29 07:00:00,21.45,21.5,21.3,21.3,9071600,ACB
2025-05-30 07:00:00,21.3,21.35,21.1,21.1,7911500,ACB
2025-06-02 07:00:00,21.1,21.2,21.0,21.1,8187500,ACB
2025-06-03 07:00:00,21.15,21.3,21.15,21.25,7279100,ACB
2025-06-04 07:00:00,21.3,21.35,21.1,21.1,5685500,ACB
2025-06-05 07:00:00,21.15,21.2,21.0,21.0,5316500,ACB
2025-06-06 07:00:00,21.05,21.2,21.0,21.0,6783000,ACB
2025-06-09 07:00:00,21.0,21.05,20.9,20.95,5705200,ACB
2025-06-10 07:00:00,21.05,21.05,20.9,20.95,5712500,ACB
2025-06-11 07:00:00,21.0,21.05,20.9,20.95,3581900,ACB
2025-06-12 07:00:00,21.05,21.15,20.95,21.05,6547500,ACB
2025-06-13 07:00:00,21.0,21.35,20.9,21.05,10054700,ACB
2025-06-16 07:00:00,21.0,21.3,20.95,21.3,8986600,ACB
2025-06-17 07:00:00,21.4,21.45,21.15,21.2,7025500,ACB
2025-06-18 07:00:00,21.2,21.35,21.15,21.3,7425200,ACB
2025-06-19 07:00:00,21.3,21.35,21.15,21.3,7279500,ACB
2025-06-20 07:00:00,21.3,21.75,21.3,21.45,15752600,ACB
2025-06-23 07:00:00,21.4,21.45,21.25,21.35,8984400,ACB
2025-06-24 07:00:00,21.45,21.6,21.3,21.3,8571600,ACB
2025-06-25 07:00:00,21.35,21.45,21.25,21.25,7771700,ACB
2025-06-26 07:00:00,21.3,21.35,21.15,21.2,9897400,ACB
2025-06-27 07:00:00,21.3,21.3,21.15,21.2,6312400,ACB
2025-06-30 07:00:00,21.25,21.3,21.15,21.3,5858100,ACB
2025-07-01 07:00:00,21.3,21.4,21.25,21.3,7527600,ACB
2025-07-02 07:00:00,21.3,21.45,21.25,21.3,7629500,ACB
2025-07-03 07:00:00,21.35,21.6,21.3,21.4,15125500,ACB
2025-07-04 07:00:00,21.45,22.2,21.45,21.85,26955100,ACB
2025-07-07 07:00:00,22.05,22.35,21.9,22.25,17316100,ACB
2025-07-08 07:00:00,22.4,22.4,22.1,22.25,14675400,ACB
2025-07-09 07:00:00,22.25,22.5,22.25,22.45,18703900,ACB
2025-07-10 07:00:00,22.65,22.7,22.4,22.55,9132500,ACB
2025-07-11 07:00:00,22.55,22.75,22.5,22.7,15977200,ACB
2025-07-14 07:00:00,22.75,22.85,22.35,22.7,12303700,ACB
2025-07-15 07:00:00,22.7,22.8,22.45,22.45,12688100,ACB
2025-07-16 07:00:00,22.45,22.55,22.3,22.45,10934500,ACB
2025-07-17 07:00:00,22.45,22.55,22.4,22.45,15112900,ACB
2025-07-18 07:00:00,22.5,22.75,22.4,22.65,17844500,ACB
2025-07-21 07:00:00,22.7,23.1,22.65,22.85,17137200,ACB
2025-07-22 07:00:00,22.85,22.9,22.6,22.9,12037900,ACB
2025-07-23 07:00:00,23.05,23.15,22.9,23.0,15197600,ACB
2025-07-24 07:00:00,23.15,23.5,23.1,23.2,15167000,ACB
2025-07-25 07:00:00,23.45,23.7,23.45,23.6,17559600,ACB
2025-07-28 07:00:00,23.7,23.85,23.5,23.85,16870500,ACB
2025-07-29 07:00:00,23.9,23.95,22.75,22.75,34025200,ACB
2025-07-30 07:00:00,22.75,23.1,22.7,23.0,15001100,ACB
2025-07-31 07:00:00,23.2,23.25,22.7,23.0,10605400,ACB
2025-08-01 07:00:00,23.0,23.05,22.8,23.0,7316600,ACB
2025-08-04 07:00:00,23.0,23.3,22.8,23.3,11137700,ACB
2025-08-05 07:00:00,23.5,24.5,23.3,23.45,42323400,ACB
2025-08-06 07:00:00,23.7,24.4,23.7,24.2,16251000,ACB
2025-08-07 07:00:00,24.4,24.65,24.1,24.4,19097800,ACB
2025-08-08 07:00:00,24.5,24.8,24.0,24.25,15787100,ACB
2025-08-11 07:00:00,24.3,24.7,24.25,24.4,16056300,ACB
2025-08-12 07:00:00,24.5,24.55,24.1,24.25,14628100,ACB
2025-08-13 07:00:00,24.4,24.65,24.15,24.5,19292100,ACB
2025-08-14 07:00:00,24.75,26.2,24.7,26.2,34889500,ACB
2025-08-15 07:00:00,27.3,27.6,26.35,26.55,29322600,ACB
2025-08-18 07:00:00,26.8,27.5,26.35,27.05,28477800,ACB
2025-08-19 07:00:00,27.05,28.7,27.0,28.45,41181100,ACB
2025-08-20 07:00:00,28.5,28.5,26.9,28.0,33270000,ACB
2025-08-21 07:00:00,28.3,29.5,28.0,29.45,45796400,ACB
2025-08-22 07:00:00,29.0,29.4,27.65,27.85,43014300,ACB
2025-08-25 07:00:00,28.2,28.4,25.95,26.2,37410300,ACB
2025-08-26 07:00:00,26.25,27.4,26.1,27.35,20812100,ACB
2025-08-27 07:00:00,27.8,28.6,27.55,27.65,18831800,ACB
2025-08-28 07:00:00,27.8,28.15,27.1,27.55,13927700,ACB
2025-08-29 07:00:00,27.75,28.4,27.5,27.8,21625300,ACB
2025-09-03 07:00:00,27.7,27.75,27.2,27.5,18715200,ACB
2025-09-04 07:00:00,27.6,27.75,27.4,27.65,11279900,ACB
2025-09-05 07:00:00,27.95,28.05,27.15,27.15,23539400,ACB
2025-09-08 07:00:00,27.0,27.6,26.55,26.55,26152700,ACB
2025-09-09 07:00:00,26.95,26.95,26.45,26.55,15204500,ACB
2025-09-10 07:00:00,26.7,26.85,26.45,26.55,14091100,ACB
2025-09-11 07:00:00,26.5,26.55,25.8,26.2,20449900,ACB
2025-09-12 07:00:00,26.55,26.65,26.2,26.3,12219900,ACB
2025-09-15 07:00:00,26.3,26.65,26.1,26.4,27899800,ACB
2025-09-16 07:00:00,26.6,26.6,26.2,26.4,40108800,ACB
2025-09-17 07:00:00,26.4,26.45,26.05,26.15,13049100,ACB
2025-09-18 07:00:00,26.2,26.2,25.55,25.55,21848000,ACB
2025-09-19 07:00:00,25.8,25.8,25.3,25.35,13429700,ACB
2025-09-22 07:00:00,25.45,25.45,25.05,25.15,19404800,ACB
2025-09-23 07:00:00,25.15,25.7,25.15,25.35,9385500,ACB
2025-09-24 07:00:00,25.5,26.0,25.25,26.0,10853300,ACB
2025-09-25 07:00:00,26.15,26.15,25.65,25.65,8158200,ACB
2025-09-26 07:00:00,25.65,25.75,25.45,25.65,8974500,ACB
2025-09-29 07:00:00,25.55,25.8,25.35,25.6,8265200,ACB
2025-09-30 07:00:00,25.75,25.8,25.45,25.5,9277900,ACB
2025-10-01 07:00:00,25.7,25.95,25.55,25.8,10480500,ACB
2025-10-02 07:00:00,25.9,26.2,25.7,25.75,10937500,ACB
2025-10-03 07:00:00,25.75,25.85,25.5,25.65,9813400,ACB
2025-10-06 07:00:00,26.15,26.8,25.9,26.8,20288600,ACB
2025-10-07 07:00:00,26.9,26.9,26.45,26.45,12389800,ACB
2025-10-08 07:00:00,26.65,26.85,26.6,26.75,18228000,ACB
2025-10-09 07:00:00,26.8,26.95,26.6,26.95,16388600,ACB
2025-10-10 07:00:00,27.05,27.2,26.8,26.95,16337400,ACB
2025-10-13 07:00:00,26.55,26.8,26.4,26.75,18373300,ACB
2025-10-14 07:00:00,26.75,26.95,26.25,26.3,18531600,ACB
2025-10-15 07:00:00,26.4,26.65,26.15,26.3,14416100,ACB
2025-10-16 07:00:00,26.4,26.55,26.15,26.3,13461000,ACB
2025-10-17 07:00:00,26.3,26.4,25.75,25.75,16289600,ACB
2025-10-20 07:00:00,25.6,25.65,24.6,24.8,32231800,ACB
2025-10-21 07:00:00,24.85,25.3,24.85,25.0,19371400,ACB
2025-10-22 07:00:00,25.2,25.3,24.65,25.1,15620500,ACB
2025-10-23 07:00:00,25.1,25.2,24.95,24.95,8751200,ACB
2025-10-24 07:00:00,24.95,25.3,24.8,25.0,11724500,ACB
2025-10-27 07:00:00,25.3,25.55,24.95,25.0,10208700,ACB
2025-10-28 07:00:00,25.1,25.4,25.05,25.4,10305300,ACB
2025-10-29 07:00:00,25.4,25.55,25.3,25.4,6350700,ACB
2025-10-30 07:00:00,25.5,25.7,25.0,25.1,9309300,ACB
2025-10-31 07:00:00,25.3,25.5,25.05,25.5,12748200,ACB
2025-11-03 07:00:00,25.4,25.9,25.3,25.45,13864900,ACB
2025-11-04 07:00:00,25.45,26.1,25.4,26.0,17972000,ACB
2025-11-05 07:00:00,25.8,25.9,25.55,25.6,6212200,ACB
2025-11-06 07:00:00,25.55,25.7,25.3,25.3,6525200,ACB
2025-11-07 07:00:00,25.25,25.3,24.85,24.9,12107200,ACB
2025-11-10 07:00:00,24.9,25.2,24.7,24.8,7222900,ACB
2025-11-11 07:00:00,24.85,25.05,24.8,24.85,6962300,ACB
2025-11-12 07:00:00,25.0,25.2,24.8,25.2,6319100,ACB
2025-11-13 07:00:00,25.2,25.2,25.0,25.1,5637200,ACB
2025-11-14 07:00:00,25.1,25.1,24.9,24.95,6763400,ACB
2025-11-17 07:00:00,25.0,25.15,24.95,25.15,3945100,ACB
2025-11-18 07:00:00,25.2,25.4,25.05,25.1,6387000,ACB
2025-11-19 07:00:00,25.15,25.15,24.85,24.9,5994400,ACB
2025-11-20 07:00:00,25.0,25.0,24.8,24.8,6153200,ACB
2025-11-21 07:00:00,24.75,24.85,24.6,24.7,7299200,ACB
2025-11-24 07:00:00,24.7,24.85,24.6,24.6,7081700,ACB
2025-11-25 07:00:00,24.65,24.7,24.1,24.2,15856700,ACB
2025-11-26 07:00:00,24.2,24.4,24.15,24.2,9003200,ACB
2025-11-27 07:00:00,24.45,24.5,24.3,24.35,7791600,ACB
2025-11-28 07:00:00,24.35,24.45,24.25,24.25,5358800,ACB
2025-12-01 07:00:00,24.3,24.35,24.0,24.0,9243000,ACB
2025-12-02 07:00:00,24.05,24.15,23.85,23.95,15503200,ACB
2025-12-03 07:00:00,24.0,24.55,24.0,24.45,16051700,ACB
2025-12-04 07:00:00,24.55,25.0,24.5,24.9,12219800,ACB
2025-12-05 07:00:00,24.9,25.0,24.35,24.35,8994300,ACB
2025-12-08 07:00:00,24.25,24.45,24.2,24.2,4935600,ACB
2025-12-09 07:00:00,24.2,24.25,24.0,24.1,11326500,ACB
2025-12-10 07:00:00,24.15,24.3,24.05,24.1,5460100,ACB
2025-12-11 07:00:00,24.25,24.25,23.95,23.95,7525800,ACB
2025-12-12 07:00:00,24.05,24.1,23.5,23.5,13924900,ACB
2025-12-15 07:00:00,23.5,23.6,23.45,23.55,9317100,ACB
2025-12-16 07:00:00,23.55,24.8,23.45,24.0,9830200,ACB
2025-12-17 07:00:00,24.05,24.15,23.9,24.0,6430600,ACB
2025-12-18 07:00:00,24.0,24.0,23.8,23.85,3558000,ACB
2025-12-19 07:00:00,23.9,24.05,23.85,23.9,3538700,ACB
2025-12-22 07:00:00,24.0,24.45,23.9,24.3,10013100,ACB
2025-12-23 07:00:00,24.45,24.6,23.95,24.2,8578300,ACB
2025-12-24 07:00:00,24.15,24.45,23.95,24.3,8709200,ACB
2025-12-25 07:00:00,24.3,24.6,24.0,24.0,7250600,ACB
2025-12-26 07:00:00,23.9,24.05,23.65,23.9,7831900,ACB
2025-12-29 07:00:00,23.85,24.1,23.8,24.0,3770400,ACB
2025-12-30 07:00:00,24.0,24.2,23.9,24.1,5337300,ACB
2025-12-31 07:00:00,24.15,24.25,23.9,24.0,5932900,ACB
2026-01-05 07:00:00,24.0,24.1,23.85,24.0,8986200,ACB
2026-01-06 07:00:00,24.05,24.1,23.75,24.0,12736300,ACB
2026-01-07 07:00:00,24.2,24.75,24.1,24.65,22731900,ACB
2026-01-08 07:00:00,24.75,25.05,24.5,24.55,24925700,ACB
2026-01-09 07:00:00,24.7,24.95,24.5,24.55,16460000,ACB
2026-01-12 07:00:00,24.65,25.5,24.65,25.5,22302500,ACB
2026-01-13 07:00:00,25.7,25.8,24.9,24.9,24138300,ACB
2026-01-14 07:00:00,25.0,25.15,24.5,24.65,19456100,ACB
2026-01-15 07:00:00,24.85,24.9,24.55,24.9,14169900,ACB
2026-01-16 07:00:00,25.0,25.1,24.65,24.85,10941400,ACB
2026-01-19 07:00:00,24.9,25.15,24.75,25.1,10927600,ACB
2026-01-20 07:00:00,25.1,25.3,25.0,25.05,18384900,ACB
2026-01-21 07:00:00,25.0,25.15,24.75,24.85,12924400,ACB
2026-01-22 07:00:00,24.9,25.05,24.8,24.85,10084800,ACB
2026-01-23 07:00:00,25.0,25.1,24.9,25.05,11781000,ACB
2026-01-26 07:00:00,25.05,25.1,24.65,24.8,13742900,ACB
2026-01-27 07:00:00,24.6,24.8,24.45,24.7,12471600,ACB
2026-01-28 07:00:00,24.45,24.5,23.85,23.9,32294900,ACB
2026-01-29 07:00:00,24.0,24.15,23.75,23.8,20344800,ACB
2026-01-30 07:00:00,23.85,24.1,23.8,24.1,15667300,ACB
2026-02-02 07:00:00,24.05,24.05,23.7,23.75,14303300,ACB
2026-02-03 07:00:00,23.8,23.9,23.7,23.7,17659700,ACB
2026-02-04 07:00:00,23.7,23.8,23.55,23.6,17881700,ACB
2026-02-05 07:00:00,23.65,23.7,23.45,23.45,14043600,ACB
2026-02-06 07:00:00,23.4,23.45,23.0,23.0,18597300,ACB
2026-02-09 07:00:00,23.2,23.35,22.9,22.95,11128300,ACB
2026-02-10 07:00:00,23.1,23.15,22.85,23.0,14120400,ACB
2026-02-11 07:00:00,23.05,23.65,23.05,23.65,17796900,ACB
2026-02-12 07:00:00,23.65,23.85,23.55,23.85,17469600,ACB
2026-02-13 07:00:00,23.85,23.9,23.7,23.85,13629700,ACB
2026-02-23 07:00:00,24.0,24.1,23.85,24.05,11535400,ACB
2026-02-24 07:00:00,24.1,24.1,24.0,24.0,13798400,ACB
2026-02-25 07:00:00,24.1,24.45,24.05,24.45,16965000,ACB
2026-02-26 07:00:00,24.5,24.55,24.25,24.45,13367200,ACB
2026-02-27 07:00:00,24.45,24.6,24.2,24.55,11051000,ACB
2026-03-02 07:00:00,24.0,24.2,23.9,23.95,19337800,ACB
2026-03-03 07:00:00,23.95,24.25,23.5,23.5,14088200,ACB
2026-03-04 07:00:00,23.5,23.6,23.1,23.2,21996800,ACB
2026-03-05 07:00:00,23.5,23.55,23.2,23.55,9923300,ACB
2026-03-06 07:00:00,23.5,23.6,23.2,23.3,11699100,ACB
2026-03-09 07:00:00,22.1,22.65,21.7,21.7,35451400,ACB
2026-03-10 07:00:00,22.55,23.2,22.0,23.15,23159600,ACB
2026-03-11 07:00:00,23.05,23.6,23.0,23.2,18301200,ACB
2026-03-12 07:00:00,23.0,23.25,22.6,23.15,15668600,ACB
2026-03-13 07:00:00,22.95,23.45,22.8,23.45,15525700,ACB
2026-03-16 07:00:00,23.4,23.45,23.25,23.45,9534100,ACB
2026-03-17 07:00:00,23.5,23.85,23.5,23.75,9847800,ACB
2026-03-18 07:00:00,23.75,23.9,23.55,23.75,10506600,ACB
2026-03-19 07:00:00,23.5,23.8,23.25,23.6,16614600,ACB
2026-03-20 07:00:00,23.4,23.5,23.0,23.0,13775200,ACB
2026-03-23 07:00:00,22.95,22.95,22.45,22.5,15858400,ACB
2026-03-24 07:00:00,22.75,23.1,22.75,23.1,14004000,ACB
2026-03-25 07:00:00,23.2,23.8,23.15,23.8,12449400,ACB
2026-03-26 07:00:00,23.7,23.7,23.3,23.6,8294500,ACB
2026-03-27 07:00:00,23.4,23.8,23.3,23.8,7638400,ACB
2026-03-30 07:00:00,23.3,23.8,23.3,23.75,7414700,ACB
2026-03-31 07:00:00,23.65,23.85,23.45,23.55,13096000,ACB
2026-04-01 07:00:00,23.85,23.9,23.7,23.8,9883500,ACB
2026-04-02 07:00:00,23.7,23.7,23.3,23.6,9767900,ACB
2026-04-03 07:00:00,23.6,23.7,23.25,23.5,11386300,ACB
2026-04-06 07:00:00,23.5,23.5,23.2,23.25,5554000,ACB
2026-04-07 07:00:00,23.25,23.4,23.15,23.2,10472700,ACB
2026-04-08 07:00:00,23.7,24.15,23.55,24.1,19727300,ACB
2026-04-09 07:00:00,24.05,24.05,23.75,23.85,5141500,ACB
2026-04-10 07:00:00,24.1,24.2,23.85,23.85,8136300,ACB
2026-04-13 07:00:00,23.8,24.0,23.55,23.75,8083900,ACB
2026-04-14 07:00:00,23.95,24.15,23.8,24.0,15449600,ACB
2026-04-15 07:00:00,24.15,24.2,23.8,23.8,7254600,ACB
2026-04-16 07:00:00,23.9,23.9,23.6,23.65,8623100,ACB
2026-04-17 07:00:00,23.7,23.85,23.65,23.75,6073500,ACB
2026-04-20 07:00:00,23.85,24.0,23.75,23.95,8670200,ACB
2026-04-21 07:00:00,24.0,24.05,23.75,23.75,6823700,ACB
2026-04-22 07:00:00,23.75,23.8,23.55,23.6,8805900,ACB
2026-04-23 07:00:00,23.55,23.9,23.5,23.5,14035700,ACB
2026-04-24 07:00:00,23.55,23.6,23.3,23.4,17478700,ACB
2026-04-28 07:00:00,23.4,23.5,23.35,23.5,7240400,ACB
2026-04-29 07:00:00,23.5,23.55,23.3,23.5,8936800,ACB
2026-05-04 07:00:00,23.55,23.55,23.1,23.1,12018500,ACB
2026-05-05 07:00:00,23.1,23.15,22.55,22.6,16271200,ACB
2023-05-08 07:00:00,9.74,9.89,9.72,9.79,2453900,HDB
2023-05-09 07:00:00,9.84,9.89,9.72,9.72,1228900,HDB
2023-05-10 07:00:00,9.79,9.79,9.69,9.77,976300,HDB
2023-05-11 07:00:00,9.79,9.84,9.74,9.79,1270700,HDB
2023-05-12 07:00:00,9.89,9.89,9.79,9.89,1479700,HDB
2023-05-15 07:00:00,9.89,10.02,9.89,9.89,2679100,HDB
2023-05-16 07:00:00,9.94,9.97,9.89,9.94,1586300,HDB
2023-05-17 07:00:00,9.94,9.99,9.92,9.99,1869100,HDB
2023-05-18 07:00:00,9.99,9.99,9.87,9.89,1943200,HDB
2023-05-19 07:00:00,9.97,9.97,9.82,9.89,1478700,HDB
2023-05-22 07:00:00,9.84,9.94,9.84,9.92,1826800,HDB
2023-05-23 07:00:00,9.94,9.97,9.87,9.94,1760700,HDB
2023-05-24 07:00:00,9.94,9.99,9.89,9.94,1704900,HDB
2023-05-25 07:00:00,9.94,9.94,9.87,9.94,1669200,HDB
2023-05-26 07:00:00,9.97,9.97,9.89,9.94,1205500,HDB
2023-05-29 07:00:00,10.0,10.16,10.0,10.1,2299100,HDB
2023-05-30 07:00:00,10.16,10.16,10.0,10.1,2316000,HDB
2023-05-31 07:00:00,10.02,10.05,9.86,9.89,1943600,HDB
2023-06-01 07:00:00,9.89,10.0,9.73,10.0,2472700,HDB
2023-06-02 07:00:00,10.05,10.27,10.02,10.24,4897100,HDB
2023-06-05 07:00:00,10.32,10.37,10.19,10.24,3207300,HDB
2023-06-06 07:00:00,10.21,10.32,10.16,10.32,3518300,HDB
2023-06-07 07:00:00,10.32,10.32,10.19,10.21,1879500,HDB
2023-06-08 07:00:00,10.27,10.27,10.05,10.05,2181900,HDB
2023-06-09 07:00:00,10.02,10.08,9.89,9.94,2312200,HDB
2023-06-12 07:00:00,10.05,10.05,9.86,9.89,2593000,HDB
2023-06-13 07:00:00,9.92,10.0,9.89,10.0,1137000,HDB
2023-06-14 07:00:00,9.94,10.13,9.94,10.02,2281900,HDB
2023-06-15 07:00:00,10.02,10.05,9.94,10.02,1730300,HDB
2023-06-16 07:00:00,10.02,10.19,10.0,10.0,3510800,HDB
2023-06-19 07:00:00,9.94,10.0,9.86,9.86,2289700,HDB
2023-06-20 07:00:00,9.86,10.05,9.78,10.05,2589900,HDB
2023-06-21 07:00:00,9.97,10.02,9.89,10.02,1644700,HDB
2023-06-22 07:00:00,10.05,10.13,10.0,10.05,2142600,HDB
2023-06-23 07:00:00,10.05,10.13,9.97,10.02,2048700,HDB
2023-06-26 07:00:00,10.02,10.16,10.0,10.1,1944200,HDB
2023-06-27 07:00:00,10.08,10.1,10.02,10.05,1765100,HDB
2023-06-28 07:00:00,10.05,10.1,10.0,10.08,1909900,HDB
2023-06-29 07:00:00,10.08,10.1,9.84,9.86,3030800,HDB
2023-06-30 07:00:00,9.94,10.08,9.84,10.0,3043000,HDB
2023-07-03 07:00:00,10.02,10.08,9.92,9.92,1849600,HDB
2023-07-04 07:00:00,9.94,10.05,9.92,9.97,1666900,HDB
2023-07-05 07:00:00,10.02,10.02,9.92,9.92,2811300,HDB
2023-07-06 07:00:00,9.92,9.94,9.73,9.78,4066200,HDB
2023-07-07 07:00:00,9.78,9.89,9.76,9.86,2186200,HDB
2023-07-10 07:00:00,9.89,9.94,9.81,9.86,3252500,HDB
2023-07-11 07:00:00,9.86,10.0,9.86,10.0,2771300,HDB
2023-07-12 07:00:00,10.02,10.02,9.92,9.97,1461900,HDB
2023-07-13 07:00:00,9.97,10.02,9.92,10.0,1681400,HDB
2023-07-14 07:00:00,10.05,10.16,9.97,10.16,4626100,HDB
2023-07-17 07:00:00,10.21,10.21,10.1,10.16,2931400,HDB
2023-07-18 07:00:00,10.19,10.19,10.1,10.16,3376800,HDB
2023-07-19 07:00:00,10.44,10.44,10.31,10.41,3317800,HDB
2023-07-20 07:00:00,10.47,10.5,10.41,10.5,4674400,HDB
2023-07-21 07:00:00,10.5,10.62,10.38,10.62,3817000,HDB
2023-07-24 07:00:00,10.68,10.68,10.56,10.65,2302500,HDB
2023-07-25 07:00:00,10.59,10.68,10.53,10.62,3664100,HDB
2023-07-26 07:00:00,10.62,10.62,10.53,10.62,2965200,HDB
2023-07-27 07:00:00,10.62,10.96,10.56,10.62,7347400,HDB
2023-07-28 07:00:00,10.65,10.68,10.59,10.65,2838800,HDB
2023-07-31 07:00:00,10.62,10.75,10.62,10.72,3003900,HDB
2023-08-01 07:00:00,10.87,10.9,10.75,10.84,4472400,HDB
2023-08-02 07:00:00,10.84,10.84,10.72,10.75,1483100,HDB
2023-08-03 07:00:00,10.75,10.84,10.62,10.62,2243400,HDB
2023-08-04 07:00:00,10.65,10.72,10.59,10.59,3101900,HDB
2023-08-07 07:00:00,10.68,10.81,10.65,10.72,3127800,HDB
2023-08-08 07:00:00,10.75,10.81,10.68,10.72,3477800,HDB
2023-08-09 07:00:00,10.75,10.75,10.59,10.68,2485900,HDB
2023-08-10 07:00:00,10.72,10.78,10.59,10.62,1974900,HDB
2023-08-11 07:00:00,10.65,10.65,10.47,10.53,2731900,HDB
2023-08-14 07:00:00,10.53,10.59,10.5,10.59,2092200,HDB
2023-08-15 07:00:00,10.62,10.65,10.5,10.53,1809300,HDB
2023-08-16 07:00:00,10.56,10.62,10.5,10.59,1760000,HDB
2023-08-17 07:00:00,10.59,10.65,10.5,10.59,2543900,HDB
2023-08-18 07:00:00,10.56,10.56,9.97,10.01,4760000,HDB
2023-08-21 07:00:00,9.88,10.19,9.88,10.01,4696500,HDB
2023-08-22 07:00:00,10.01,10.13,9.79,10.13,3152000,HDB
2023-08-23 07:00:00,10.04,10.13,9.91,9.94,1948100,HDB
2023-08-24 07:00:00,9.94,10.13,9.91,10.01,2153600,HDB
2023-08-25 07:00:00,9.94,10.1,9.94,10.04,1763200,HDB
2023-08-28 07:00:00,9.97,10.07,9.97,10.07,1827900,HDB
2023-08-29 07:00:00,10.01,10.07,9.94,10.01,2955000,HDB
2023-08-30 07:00:00,10.04,10.1,10.01,10.1,2390100,HDB
2023-08-31 07:00:00,10.07,10.41,10.07,10.41,3855000,HDB
2023-09-05 07:00:00,10.44,10.59,10.34,10.56,5114500,HDB
2023-09-06 07:00:00,10.56,10.62,10.47,10.62,3689900,HDB
2023-09-07 07:00:00,10.62,10.72,10.59,10.68,4474200,HDB
2023-09-08 07:00:00,10.62,10.72,10.56,10.72,5683200,HDB
2023-09-11 07:00:00,10.78,10.81,10.56,10.56,8078300,HDB
2023-09-12 07:00:00,10.59,10.75,10.5,10.75,6726100,HDB
2023-09-13 07:00:00,10.75,10.81,10.65,10.78,8030300,HDB
2023-09-14 07:00:00,10.78,10.87,10.68,10.81,6838600,HDB
2023-09-15 07:00:00,10.84,11.12,10.81,11.12,10132500,HDB
2023-09-18 07:00:00,11.12,11.15,10.81,10.87,11791700,HDB
2023-09-19 07:00:00,10.9,10.93,10.72,10.93,10940200,HDB
2023-09-20 07:00:00,10.93,11.12,10.87,11.02,8736000,HDB
2023-09-21 07:00:00,11.02,11.02,10.84,10.84,8719500,HDB
2023-09-22 07:00:00,10.78,10.87,10.56,10.84,7117400,HDB
2023-09-25 07:00:00,10.78,10.87,10.65,10.75,8750100,HDB
2023-09-26 07:00:00,10.68,10.81,10.56,10.75,9384000,HDB
2023-09-27 07:00:00,10.65,10.75,10.56,10.75,6437000,HDB
2023-09-28 07:00:00,10.72,10.75,10.44,10.68,11970300,HDB
2023-09-29 07:00:00,10.72,10.75,10.62,10.72,10383800,HDB
2023-10-02 07:00:00,10.72,10.78,10.56,10.56,7123300,HDB
2023-10-03 07:00:00,10.56,10.56,10.34,10.56,10069400,HDB
2023-10-04 07:00:00,10.53,10.56,10.41,10.56,9190400,HDB
2023-10-05 07:00:00,10.56,10.59,10.41,10.47,9319700,HDB
2023-10-06 07:00:00,10.47,10.56,10.41,10.56,7610000,HDB
2023-10-09 07:00:00,10.53,10.59,10.44,10.53,8401500,HDB
2023-10-10 07:00:00,10.59,10.81,10.56,10.75,7854100,HDB
2023-10-11 07:00:00,10.78,10.87,10.65,10.87,8956800,HDB
2023-10-12 07:00:00,10.9,10.93,10.75,10.81,6639300,HDB
2023-10-13 07:00:00,10.78,10.87,10.68,10.87,8262000,HDB
2023-10-16 07:00:00,10.84,10.9,10.72,10.75,7670600,HDB
2023-10-17 07:00:00,10.93,10.99,10.81,10.84,9323500,HDB
2023-10-18 07:00:00,10.87,10.9,10.72,10.84,8172200,HDB
2023-10-19 07:00:00,10.81,10.84,10.72,10.81,7931200,HDB
2023-10-20 07:00:00,10.81,10.96,10.75,10.96,8989100,HDB
2023-10-23 07:00:00,10.96,10.96,10.62,10.81,8449800,HDB
2023-10-24 07:00:00,10.81,10.87,10.65,10.84,7780000,HDB
2023-10-25 07:00:00,10.84,10.87,10.68,10.81,7664200,HDB
2023-10-26 07:00:00,10.72,10.75,10.22,10.5,5933000,HDB
2023-10-27 07:00:00,10.53,10.72,10.41,10.65,7208200,HDB
2023-10-30 07:00:00,10.62,10.78,10.56,10.62,7632500,HDB
2023-10-31 07:00:00,10.78,10.78,10.5,10.62,7865700,HDB
2023-11-01 07:00:00,10.62,10.65,10.53,10.65,7256900,HDB
2023-11-02 07:00:00,10.68,10.87,10.59,10.87,9040800,HDB
2023-11-03 07:00:00,10.87,11.33,10.84,11.33,15668700,HDB
2023-11-06 07:00:00,11.33,11.36,11.18,11.27,9612600,HDB
2023-11-07 07:00:00,11.27,11.27,11.12,11.12,9459300,HDB
2023-11-08 07:00:00,11.12,11.61,11.08,11.61,10381300,HDB
2023-11-09 07:00:00,11.67,11.67,11.55,11.58,10084300,HDB
2023-11-10 07:00:00,11.55,11.64,11.36,11.64,11128800,HDB
2023-11-13 07:00:00,11.64,11.67,11.36,11.61,10662200,HDB
2023-11-14 07:00:00,11.64,11.7,11.46,11.58,9038100,HDB
2023-11-15 07:00:00,11.73,11.83,11.67,11.67,10047000,HDB
2023-11-16 07:00:00,11.76,11.76,11.58,11.7,7934600,HDB
2023-11-17 07:00:00,11.7,11.73,11.27,11.42,7864400,HDB
2023-11-20 07:00:00,11.24,11.61,11.21,11.55,7708400,HDB
2023-11-21 07:00:00,11.58,11.61,11.42,11.55,6718100,HDB
2023-11-22 07:00:00,11.58,11.61,11.39,11.49,6671100,HDB
2023-11-23 07:00:00,11.52,11.52,11.15,11.15,7224200,HDB
2023-11-24 07:00:00,11.18,11.36,11.15,11.3,5753900,HDB
2023-11-27 07:00:00,11.36,11.36,11.02,11.18,6316400,HDB
2023-11-28 07:00:00,11.18,11.21,10.99,11.15,5363700,HDB
2023-11-29 07:00:00,11.18,11.36,11.08,11.15,6975600,HDB
2023-11-30 07:00:00,11.12,11.21,11.05,11.12,5982100,HDB
2023-12-01 07:00:00,11.15,11.24,11.02,11.24,6751200,HDB
2023-12-04 07:00:00,11.27,11.49,11.18,11.42,6760300,HDB
2023-12-05 07:00:00,11.42,11.42,11.21,11.39,6510300,HDB
2023-12-06 07:00:00,11.49,11.61,11.39,11.49,7980800,HDB
2023-12-07 07:00:00,11.55,11.61,11.3,11.55,9195000,HDB
2023-12-08 07:00:00,11.55,11.61,11.49,11.58,7912100,HDB
2023-12-11 07:00:00,11.61,11.64,11.42,11.58,6788500,HDB
2023-12-12 07:00:00,11.61,11.61,11.49,11.61,7046000,HDB
2023-12-13 07:00:00,11.61,11.67,11.52,11.64,7051100,HDB
2023-12-14 07:00:00,11.64,11.73,11.58,11.67,6708900,HDB
2023-12-15 07:00:00,11.67,11.76,11.61,11.73,7306900,HDB
2023-12-18 07:00:00,11.76,11.76,11.24,11.36,7224800,HDB
2023-12-19 07:00:00,11.36,11.7,11.21,11.7,6933300,HDB
2023-12-20 07:00:00,11.7,11.7,11.36,11.61,7029100,HDB
2023-12-21 07:00:00,11.52,11.64,11.33,11.58,6504600,HDB
2023-12-22 07:00:00,11.58,11.7,11.46,11.7,7004900,HDB
2023-12-25 07:00:00,11.7,11.83,11.64,11.83,6814400,HDB
2023-12-26 07:00:00,11.86,11.86,11.7,11.86,6645500,HDB
2023-12-27 07:00:00,11.86,11.92,11.83,11.92,6479900,HDB
2023-12-28 07:00:00,11.86,11.95,11.73,11.95,8523600,HDB
2023-12-29 07:00:00,11.98,12.54,11.83,12.54,12437600,HDB
2024-01-02 07:00:00,12.35,12.51,12.17,12.29,6716700,HDB
2024-01-03 07:00:00,12.29,12.35,12.23,12.35,8191900,HDB
2024-01-04 07:00:00,12.38,12.69,12.32,12.6,11205900,HDB
2024-01-05 07:00:00,12.6,12.66,12.48,12.66,6534200,HDB
2024-01-08 07:00:00,12.69,12.82,12.63,12.69,5512500,HDB
2024-01-09 07:00:00,12.69,12.72,12.6,12.69,6278100,HDB
2024-01-10 07:00:00,12.69,12.78,12.6,12.78,6372700,HDB
2024-01-11 07:00:00,12.78,12.88,12.75,12.84,5494800,HDB
2024-01-12 07:00:00,12.84,12.91,12.66,12.91,5939300,HDB
2024-01-15 07:00:00,12.94,12.97,12.75,12.97,6596800,HDB
2024-01-16 07:00:00,12.94,13.0,12.84,12.97,6365800,HDB
2024-01-17 07:00:00,12.97,12.97,12.69,12.88,7111200,HDB
2024-01-18 07:00:00,12.88,12.91,12.78,12.84,5720600,HDB
2024-01-19 07:00:00,12.84,12.94,12.82,12.94,7102600,HDB
2024-01-22 07:00:00,12.97,13.09,12.84,13.09,7951600,HDB
2024-01-23 07:00:00,13.09,13.12,12.84,12.97,6413600,HDB
2024-01-24 07:00:00,12.97,13.06,12.88,13.06,7038900,HDB
2024-01-25 07:00:00,13.06,13.06,12.91,13.0,5419800,HDB
2024-01-26 07:00:00,13.0,13.18,13.0,13.15,6671900,HDB
2024-01-29 07:00:00,13.15,13.22,13.12,13.22,5915200,HDB
2024-01-30 07:00:00,13.25,13.56,13.22,13.49,6298600,HDB
2024-01-31 07:00:00,13.49,13.59,13.28,13.46,5774700,HDB
2024-02-01 07:00:00,13.46,13.52,13.4,13.46,6251200,HDB
2024-02-02 07:00:00,13.46,13.8,13.46,13.8,9315300,HDB
2024-02-05 07:00:00,13.8,14.02,13.71,13.99,9564100,HDB
2024-02-06 07:00:00,13.99,14.24,13.96,14.2,6045600,HDB
2024-02-07 07:00:00,14.24,14.54,14.17,14.54,5967300,HDB
2024-02-15 07:00:00,14.6,14.7,14.36,14.6,6878100,HDB
2024-02-16 07:00:00,14.58,14.6,14.33,14.39,6111700,HDB
2024-02-19 07:00:00,14.39,14.42,14.17,14.42,6618400,HDB
2024-02-20 07:00:00,14.39,14.6,14.2,14.58,6840900,HDB
2024-02-21 07:00:00,14.54,14.67,14.33,14.51,6161800,HDB
2024-02-22 07:00:00,14.51,14.51,14.14,14.14,7166400,HDB
2024-02-23 07:00:00,14.14,14.24,13.9,13.9,7478000,HDB
2024-02-26 07:00:00,13.9,14.14,13.86,14.02,5605100,HDB
2024-02-27 07:00:00,14.02,14.2,13.93,14.02,6314600,HDB
2024-02-28 07:00:00,14.02,14.33,14.02,14.33,6189000,HDB
2024-02-29 07:00:00,14.33,14.45,14.3,14.39,6024000,HDB
2024-03-01 07:00:00,14.39,14.42,14.17,14.39,6105500,HDB
2024-03-04 07:00:00,14.39,14.42,14.27,14.39,5918000,HDB
2024-03-05 07:00:00,14.39,14.51,14.2,14.51,6840800,HDB
2024-03-06 07:00:00,14.42,14.51,14.17,14.48,4532500,HDB
2024-03-07 07:00:00,14.27,14.45,14.27,14.3,5641400,HDB
2024-03-08 07:00:00,14.3,14.3,14.05,14.2,6184400,HDB
2024-03-11 07:00:00,14.2,14.3,14.05,14.27,6432300,HDB
2024-03-12 07:00:00,14.24,14.24,13.86,14.17,6583000,HDB
2024-03-13 07:00:00,14.17,14.33,13.96,14.27,6348800,HDB
2024-03-14 07:00:00,14.3,14.3,14.05,14.17,5685700,HDB
2024-03-15 07:00:00,14.08,14.27,13.99,14.2,5970800,HDB
2024-03-18 07:00:00,14.2,14.24,13.77,13.77,6625200,HDB
2024-03-19 07:00:00,13.77,13.8,13.31,13.8,8886200,HDB
2024-03-20 07:00:00,13.83,14.08,13.46,13.96,6221500,HDB
2024-03-21 07:00:00,13.99,14.76,13.93,14.76,11192400,HDB
2024-03-22 07:00:00,14.76,14.79,14.6,14.7,6529100,HDB
2024-03-25 07:00:00,14.7,14.7,14.42,14.54,6285100,HDB
2024-03-26 07:00:00,14.51,14.94,14.45,14.94,7234100,HDB
2024-03-27 07:00:00,15.01,15.13,14.79,14.91,5709200,HDB
2024-03-28 07:00:00,14.82,14.98,14.82,14.98,5404000,HDB
2024-03-29 07:00:00,15.01,15.01,14.7,14.88,6435200,HDB
2024-04-01 07:00:00,14.88,14.91,14.6,14.82,6006100,HDB
2024-04-02 07:00:00,14.64,14.79,14.51,14.76,5775100,HDB
2024-04-03 07:00:00,14.73,14.76,14.42,14.45,6572300,HDB
2024-04-04 07:00:00,14.45,14.7,14.42,14.42,6108000,HDB
2024-04-05 07:00:00,14.39,14.64,14.33,14.42,6316400,HDB
2024-04-08 07:00:00,14.42,14.82,14.39,14.76,8077300,HDB
2024-04-09 07:00:00,14.76,14.85,14.64,14.79,5817400,HDB
2024-04-10 07:00:00,14.82,14.85,14.58,14.79,6265700,HDB
2024-04-11 07:00:00,14.64,14.82,14.51,14.82,5637400,HDB
2024-04-12 07:00:00,14.82,15.07,14.6,15.01,8521700,HDB
2024-04-15 07:00:00,14.98,15.04,14.39,14.51,9741700,HDB
2024-04-16 07:00:00,14.51,14.6,14.2,14.51,7196500,HDB
2024-04-17 07:00:00,14.54,14.54,13.83,14.2,8715000,HDB
2024-04-19 07:00:00,14.02,14.05,13.52,13.74,9469500,HDB
2024-04-22 07:00:00,13.77,13.99,13.71,13.83,8545200,HDB
2024-04-23 07:00:00,13.71,13.86,13.34,13.71,8711200,HDB
2024-04-24 07:00:00,13.77,13.96,13.71,13.83,9415200,HDB
2024-04-25 07:00:00,13.83,13.99,13.74,13.9,7367500,HDB
2024-04-26 07:00:00,13.9,14.58,13.8,14.58,9976900,HDB
2024-05-02 07:00:00,14.58,14.6,14.42,14.6,6123700,HDB
2024-05-03 07:00:00,14.6,15.1,14.6,15.1,11392400,HDB
2024-05-06 07:00:00,15.13,15.13,14.73,15.01,9083800,HDB
2024-05-07 07:00:00,15.07,15.07,14.73,15.01,6996600,HDB
2024-05-08 07:00:00,14.98,15.01,14.73,14.88,6259500,HDB
2024-05-09 07:00:00,14.88,14.94,14.54,14.64,7124300,HDB
2024-05-10 07:00:00,14.67,14.7,14.45,14.64,6753500,HDB
2024-05-13 07:00:00,14.64,14.67,14.36,14.36,6528400,HDB
2024-05-14 07:00:00,14.39,14.64,14.39,14.39,6836900,HDB
2024-05-15 07:00:00,14.42,14.58,14.39,14.51,6983600,HDB
2024-05-16 07:00:00,14.58,14.98,14.54,14.94,9088200,HDB
2024-05-17 07:00:00,14.98,15.16,14.85,15.01,8257100,HDB
2024-05-20 07:00:00,15.04,15.5,15.04,15.35,10556100,HDB
2024-05-21 07:00:00,15.35,15.38,15.07,15.25,6284700,HDB
2024-05-22 07:00:00,15.28,15.28,15.04,15.04,5713600,HDB
2024-05-23 07:00:00,15.07,15.25,14.82,15.25,5823600,HDB
2024-05-24 07:00:00,15.13,15.28,14.82,14.94,7296000,HDB
2024-05-27 07:00:00,14.94,15.01,14.64,14.7,6142300,HDB
2024-05-28 07:00:00,14.76,14.91,14.54,14.91,7228400,HDB
2024-05-29 07:00:00,14.91,14.91,14.48,14.48,11282600,HDB
2024-05-30 07:00:00,14.39,14.42,14.08,14.27,8706000,HDB
2024-05-31 07:00:00,14.3,14.39,14.27,14.36,4346800,HDB
2024-06-03 07:00:00,14.42,14.82,14.39,14.82,6683600,HDB
2024-06-04 07:00:00,14.88,14.91,14.7,14.79,4858200,HDB
2024-06-05 07:00:00,14.82,14.91,14.64,14.64,5265400,HDB
2024-06-06 07:00:00,14.64,14.79,14.51,14.64,5849100,HDB
2024-06-07 07:00:00,14.67,14.73,14.54,14.64,4588000,HDB
2024-06-10 07:00:00,14.67,14.76,14.6,14.76,5190200,HDB
2024-06-11 07:00:00,14.79,14.82,14.51,14.54,6377300,HDB
2024-06-12 07:00:00,14.58,14.82,14.45,14.82,6457000,HDB
2024-06-13 07:00:00,14.94,14.98,14.76,14.88,8022300,HDB
2024-06-14 07:00:00,14.94,14.98,14.79,14.79,7372600,HDB
2024-06-17 07:00:00,14.79,14.82,14.39,14.54,8354900,HDB
2024-06-18 07:00:00,14.58,14.67,14.51,14.64,6053600,HDB
2024-06-19 07:00:00,14.67,14.67,14.39,14.64,6746800,HDB
2024-06-20 07:00:00,14.6,14.67,14.39,14.58,7769900,HDB
2024-06-21 07:00:00,14.58,14.58,14.3,14.3,7157200,HDB
2024-06-24 07:00:00,14.3,14.36,13.8,13.8,9514100,HDB
2024-06-25 07:00:00,13.8,14.02,13.77,13.96,10135900,HDB
2024-06-26 07:00:00,13.96,14.02,13.9,14.02,6524500,HDB
2024-06-27 07:00:00,14.02,14.36,13.9,14.17,8826400,HDB
2024-06-28 07:00:00,14.17,14.2,14.02,14.2,7278900,HDB
2024-07-01 07:00:00,14.2,14.3,14.08,14.27,5484400,HDB
2024-07-02 07:00:00,14.3,14.94,14.3,14.88,16713500,HDB
2024-07-03 07:00:00,14.94,15.13,14.94,15.13,11840200,HDB
2024-07-04 07:00:00,15.19,15.19,15.01,15.16,8139900,HDB
2024-07-05 07:00:00,15.19,15.19,14.94,15.07,8580700,HDB
2024-07-08 07:00:00,15.13,15.13,14.94,15.07,7293100,HDB
2024-07-09 07:00:00,15.01,15.62,15.01,15.59,14658800,HDB
2024-07-10 07:00:00,15.59,15.69,15.32,15.41,8233300,HDB
2024-07-11 07:00:00,15.41,15.69,15.41,15.62,11689900,HDB
2024-07-12 07:00:00,15.72,15.75,15.4,15.53,8646200,HDB
2024-07-15 07:00:00,15.56,15.72,15.5,15.69,8550900,HDB
2024-07-16 07:00:00,15.72,15.95,15.66,15.91,7322900,HDB
2024-07-17 07:00:00,15.95,16.33,15.82,16.2,16292100,HDB
2024-07-18 07:00:00,16.24,16.27,15.82,16.14,8493000,HDB
2024-07-19 07:00:00,16.17,16.2,15.88,16.04,6972800,HDB
2024-07-22 07:00:00,15.98,16.27,15.82,16.27,10027300,HDB
2024-07-23 07:00:00,16.3,16.33,15.95,16.11,8620200,HDB
2024-07-24 07:00:00,15.98,16.14,15.82,16.11,8709800,HDB
2024-07-25 07:00:00,16.04,16.11,15.85,16.11,5506500,HDB
2024-07-26 07:00:00,16.11,16.27,16.04,16.14,5576500,HDB
2024-07-29 07:00:00,16.17,16.24,16.11,16.24,5021800,HDB
2024-07-30 07:00:00,16.24,16.27,16.11,16.27,4972000,HDB
2024-07-31 07:00:00,16.33,16.91,16.3,16.91,9079800,HDB
2024-08-01 07:00:00,16.94,17.17,16.52,16.59,8071100,HDB
2024-08-02 07:00:00,16.46,16.78,16.01,16.78,9696000,HDB
2024-08-05 07:00:00,16.52,16.72,15.62,15.75,10161400,HDB
2024-08-06 07:00:00,16.08,16.27,15.66,15.98,6422100,HDB
2024-08-07 07:00:00,16.01,16.08,15.59,15.98,6343600,HDB
2024-08-08 07:00:00,15.78,16.4,15.78,16.04,8031000,HDB
2024-08-09 07:00:00,16.27,16.49,16.11,16.4,5239300,HDB
2024-08-12 07:00:00,16.46,16.72,16.2,16.43,9878100,HDB
2024-08-13 07:00:00,16.49,16.78,16.33,16.68,5394200,HDB
2024-08-14 07:00:00,16.85,16.85,16.56,16.65,4991000,HDB
2024-08-15 07:00:00,16.65,17.23,16.65,16.81,6473900,HDB
2024-08-16 07:00:00,16.98,17.39,16.68,17.39,8742200,HDB
2024-08-19 07:00:00,17.46,17.62,17.26,17.36,5279700,HDB
2024-08-20 07:00:00,17.33,17.46,17.17,17.23,4932200,HDB
2024-08-21 07:00:00,17.23,17.52,17.17,17.42,6467600,HDB
2024-08-22 07:00:00,17.42,17.49,17.2,17.42,5339600,HDB
2024-08-23 07:00:00,17.42,17.46,17.26,17.42,4869600,HDB
2024-08-26 07:00:00,17.46,17.49,17.26,17.42,6164700,HDB
2024-08-27 07:00:00,17.46,17.49,17.33,17.42,5215000,HDB
2024-08-28 07:00:00,17.49,17.52,17.33,17.39,5199200,HDB
2024-08-29 07:00:00,17.42,17.78,17.39,17.59,7434500,HDB
2024-08-30 07:00:00,17.65,17.81,17.55,17.81,5893000,HDB
2024-09-04 07:00:00,17.65,17.68,17.26,17.42,5516300,HDB
2024-09-05 07:00:00,17.49,17.49,17.17,17.33,5827700,HDB
2024-09-06 07:00:00,17.33,17.36,17.17,17.2,5215000,HDB
2024-09-09 07:00:00,17.23,17.23,16.81,17.04,5326000,HDB
2024-09-10 07:00:00,17.1,17.1,16.78,16.91,6282900,HDB
2024-09-11 07:00:00,16.91,16.98,16.68,16.94,5068700,HDB
2024-09-12 07:00:00,17.01,17.01,16.81,16.85,4889300,HDB
2024-09-13 07:00:00,16.91,17.04,16.81,16.98,4032600,HDB
2024-09-16 07:00:00,16.98,16.98,16.75,16.85,4191800,HDB
2024-09-17 07:00:00,16.88,17.1,16.72,17.1,4479300,HDB
2024-09-18 07:00:00,17.07,17.2,17.01,17.17,5821600,HDB
2024-09-19 07:00:00,17.17,17.3,17.1,17.26,6303300,HDB
2024-09-20 07:00:00,17.3,17.49,17.26,17.39,8364200,HDB
2024-09-23 07:00:00,17.42,17.46,17.23,17.36,6282800,HDB
2024-09-24 07:00:00,17.36,17.39,17.23,17.36,6297900,HDB
2024-09-25 07:00:00,17.42,17.59,17.36,17.52,7297900,HDB
2024-09-26 07:00:00,17.52,18.26,17.49,18.2,18888500,HDB
2024-09-27 07:00:00,18.26,18.39,18.07,18.2,10545600,HDB
2024-09-30 07:00:00,18.26,18.26,17.84,18.13,9164400,HDB
2024-10-01 07:00:00,18.13,18.16,17.91,18.0,9913000,HDB
2024-10-02 07:00:00,17.94,18.0,17.65,17.71,9025400,HDB
2024-10-03 07:00:00,17.75,18.0,17.68,17.78,9384500,HDB
2024-10-04 07:00:00,17.81,17.81,17.55,17.55,8692200,HDB
2024-10-07 07:00:00,17.55,17.55,17.17,17.26,9450800,HDB
2024-10-08 07:00:00,17.3,17.68,17.14,17.49,10072500,HDB
2024-10-09 07:00:00,17.52,17.52,17.3,17.36,11084500,HDB
2024-10-10 07:00:00,17.42,17.71,17.42,17.65,10627400,HDB
2024-10-11 07:00:00,17.65,17.65,17.42,17.59,7401900,HDB
2024-10-14 07:00:00,17.62,17.65,17.36,17.36,7891200,HDB
2024-10-15 07:00:00,17.39,17.49,17.33,17.46,7200200,HDB
2024-10-16 07:00:00,17.39,17.39,17.14,17.39,10507300,HDB
2024-10-17 07:00:00,17.36,17.36,17.1,17.1,10759100,HDB
2024-10-18 07:00:00,17.17,17.36,17.14,17.36,8427200,HDB
2024-10-21 07:00:00,17.36,17.39,17.26,17.33,5196000,HDB
2024-10-22 07:00:00,17.33,17.36,17.17,17.36,7158800,HDB
2024-10-23 07:00:00,17.36,17.36,17.1,17.33,7162200,HDB
2024-10-24 07:00:00,17.33,17.33,17.1,17.3,5794800,HDB
2024-10-25 07:00:00,17.3,17.3,17.14,17.3,5776300,HDB
2024-10-28 07:00:00,17.26,17.3,17.04,17.14,6196300,HDB
2024-10-29 07:00:00,17.2,17.62,17.17,17.55,8177200,HDB
2024-10-30 07:00:00,17.55,17.59,17.39,17.49,6908500,HDB
2024-10-31 07:00:00,17.49,17.49,17.3,17.3,8318800,HDB
2024-11-01 07:00:00,17.3,17.33,17.07,17.07,8688200,HDB
2024-11-04 07:00:00,17.1,17.1,16.75,16.75,7428000,HDB
2024-11-05 07:00:00,16.72,16.88,16.65,16.75,5509200,HDB
2024-11-06 07:00:00,16.75,16.98,16.75,16.98,6167600,HDB
2024-11-07 07:00:00,17.01,17.04,16.85,16.88,6379400,HDB
2024-11-08 07:00:00,16.88,16.88,16.65,16.88,7433500,HDB
2024-11-11 07:00:00,16.88,16.88,16.3,16.43,8246300,HDB
2024-11-12 07:00:00,16.27,16.65,16.27,16.59,6514900,HDB
2024-11-13 07:00:00,16.52,16.68,16.4,16.49,7335200,HDB
2024-11-14 07:00:00,16.49,16.49,16.2,16.24,7753800,HDB
2024-11-15 07:00:00,16.24,16.24,15.82,15.88,9616400,HDB
2024-11-18 07:00:00,15.85,16.01,15.59,15.78,10096600,HDB
2024-11-19 07:00:00,15.82,15.98,15.72,15.85,8273100,HDB
2024-11-20 07:00:00,15.82,15.98,15.62,15.85,9631000,HDB
2024-11-21 07:00:00,15.85,15.95,15.69,15.95,8075200,HDB
2024-11-22 07:00:00,15.95,16.01,15.85,15.88,7859300,HDB
2024-11-25 07:00:00,15.88,15.95,15.85,15.88,7384100,HDB
2024-11-26 07:00:00,15.88,16.2,15.85,16.11,6538600,HDB
2024-11-27 07:00:00,16.11,16.3,16.08,16.17,7045500,HDB
2024-11-28 07:00:00,16.2,16.43,16.04,16.27,7320300,HDB
2024-11-29 07:00:00,16.3,16.4,16.17,16.3,5931800,HDB
2024-12-02 07:00:00,16.33,16.4,16.24,16.33,5374800,HDB
2024-12-03 07:00:00,16.65,16.81,16.46,16.75,11353100,HDB
2024-12-04 07:00:00,16.75,16.81,16.59,16.65,6699700,HDB
2024-12-05 07:00:00,16.68,17.17,16.65,17.17,9434400,HDB
2024-12-06 07:00:00,17.2,17.3,17.07,17.26,7606400,HDB
2024-12-09 07:00:00,17.3,17.42,17.17,17.36,9301700,HDB
2024-12-10 07:00:00,17.36,18.0,17.33,18.0,19907400,HDB
2024-12-11 07:00:00,18.2,18.27,17.96,18.2,14899100,HDB
2024-12-12 07:00:00,18.24,18.47,18.24,18.43,12025700,HDB
2024-12-13 07:00:00,18.47,18.5,18.0,18.27,8994700,HDB
2024-12-16 07:00:00,18.24,18.31,18.12,18.31,7804900,HDB
2024-12-17 07:00:00,18.39,18.43,18.24,18.35,8721000,HDB
2024-12-18 07:00:00,18.35,18.5,18.24,18.35,8357500,HDB
2024-12-19 07:00:00,18.2,18.2,17.89,18.12,10108500,HDB
2024-12-20 07:00:00,18.12,18.2,17.85,18.04,7031200,HDB
2024-12-23 07:00:00,18.12,18.12,17.93,18.04,4864700,HDB
2024-12-24 07:00:00,18.04,18.04,17.77,18.04,5349600,HDB
2024-12-25 07:00:00,18.08,18.47,18.04,18.43,10201000,HDB
2024-12-26 07:00:00,18.43,18.62,18.27,18.62,7888400,HDB
2024-12-27 07:00:00,18.62,19.24,18.58,19.24,12436100,HDB
2024-12-30 07:00:00,19.24,20.55,18.81,20.55,10589200,HDB
2024-12-31 07:00:00,20.32,20.32,19.47,19.66,9184500,HDB
2025-01-02 07:00:00,19.62,19.66,18.85,19.35,12600700,HDB
2025-01-03 07:00:00,19.28,19.28,18.7,18.85,7212300,HDB
2025-01-06 07:00:00,18.85,18.97,18.62,18.89,6407500,HDB
2025-01-07 07:00:00,18.93,18.93,18.58,18.7,8626500,HDB
2025-01-08 07:00:00,18.66,18.7,17.93,17.96,18480600,HDB
2025-01-09 07:00:00,17.81,17.96,17.19,17.23,18307900,HDB
2025-01-10 07:00:00,17.19,17.23,16.65,16.65,16004300,HDB
2025-01-13 07:00:00,16.35,16.85,16.35,16.73,14703300,HDB
2025-01-14 07:00:00,16.77,16.81,16.27,16.31,12557900,HDB
2025-01-15 07:00:00,16.31,16.69,16.31,16.69,7970900,HDB
2025-01-16 07:00:00,16.73,16.85,16.54,16.73,11703600,HDB
2025-01-17 07:00:00,16.65,17.35,16.5,17.35,13331000,HDB
2025-01-20 07:00:00,17.35,17.81,16.96,17.73,20689500,HDB
2025-01-21 07:00:00,17.93,18.0,17.23,17.46,13007200,HDB
2025-01-22 07:00:00,17.5,17.5,16.96,16.96,19175000,HDB
2025-01-23 07:00:00,16.92,17.7,16.89,17.27,13211500,HDB
2025-01-24 07:00:00,17.31,17.85,17.31,17.46,11218800,HDB
2025-02-03 07:00:00,17.35,17.39,17.04,17.27,7463100,HDB
2025-02-04 07:00:00,17.31,17.58,17.27,17.42,7138100,HDB
2025-02-05 07:00:00,17.42,17.58,17.39,17.42,6231800,HDB
2025-02-06 07:00:00,17.5,17.77,17.46,17.7,12839500,HDB
2025-02-07 07:00:00,17.81,17.81,17.62,17.66,8903300,HDB
2025-02-10 07:00:00,17.35,17.62,17.35,17.42,8572100,HDB
2025-02-11 07:00:00,17.54,17.62,17.35,17.39,9757100,HDB
2025-02-12 07:00:00,17.5,17.58,17.39,17.39,8276900,HDB
2025-02-13 07:00:00,17.39,17.5,17.35,17.5,6936600,HDB
2025-02-14 07:00:00,17.62,17.66,17.54,17.62,8445600,HDB
2025-02-17 07:00:00,17.7,17.7,17.42,17.46,9434400,HDB
2025-02-18 07:00:00,17.46,17.58,17.42,17.5,8806800,HDB
2025-02-19 07:00:00,17.5,17.62,17.42,17.58,7816600,HDB
2025-02-20 07:00:00,17.62,17.66,17.54,17.62,10818400,HDB
2025-02-21 07:00:00,17.62,17.89,17.58,17.77,11653000,HDB
2025-02-24 07:00:00,17.73,18.12,17.66,18.08,13634400,HDB
2025-02-25 07:00:00,18.12,18.12,17.77,17.89,12021400,HDB
2025-02-26 07:00:00,17.93,17.96,17.77,17.77,7301400,HDB
2025-02-27 07:00:00,17.77,17.89,17.62,17.89,8369500,HDB
2025-02-28 07:00:00,17.85,17.89,17.58,17.77,10152100,HDB
2025-03-03 07:00:00,17.77,17.81,17.62,17.73,8238400,HDB
2025-03-04 07:00:00,17.66,17.73,17.54,17.7,10016700,HDB
2025-03-05 07:00:00,17.66,17.96,17.66,17.66,9704300,HDB
2025-03-06 07:00:00,17.66,17.77,17.62,17.77,8485600,HDB
2025-03-07 07:00:00,17.77,18.2,17.73,18.04,19968000,HDB
2025-03-10 07:00:00,18.16,18.43,18.12,18.27,13562300,HDB
2025-03-11 07:00:00,18.12,18.35,17.96,18.35,9309000,HDB
2025-03-12 07:00:00,18.43,18.47,18.16,18.24,8340600,HDB
2025-03-13 07:00:00,18.27,18.27,17.81,17.85,13362800,HDB
2025-03-14 07:00:00,17.85,18.0,17.77,17.89,7050600,HDB
2025-03-17 07:00:00,17.93,18.16,17.85,18.04,8013500,HDB
2025-03-18 07:00:00,18.08,18.12,17.89,17.93,5957600,HDB
2025-03-19 07:00:00,17.89,18.0,17.73,17.77,8624500,HDB
2025-03-20 07:00:00,17.93,18.16,17.7,17.81,10874000,HDB
2025-03-21 07:00:00,17.81,17.85,17.7,17.73,7987900,HDB
2025-03-24 07:00:00,17.73,17.77,17.39,17.46,10740300,HDB
2025-03-25 07:00:00,17.5,17.7,17.46,17.54,13384000,HDB
2025-03-26 07:00:00,17.58,17.77,17.42,17.54,12167900,HDB
2025-03-27 07:00:00,17.5,17.54,17.35,17.46,8182700,HDB
2025-03-28 07:00:00,17.42,17.46,17.16,17.16,8945200,HDB
2025-03-31 07:00:00,17.04,17.12,16.96,17.04,7904200,HDB
2025-04-01 07:00:00,17.12,17.31,17.0,17.31,5803500,HDB
2025-04-02 07:00:00,17.31,17.5,17.19,17.31,12189400,HDB
2025-04-03 07:00:00,16.81,16.92,16.11,16.11,26249100,HDB
2025-04-04 07:00:00,15.04,16.27,15.04,16.04,19444300,HDB
2025-04-08 07:00:00,15.73,15.88,14.92,14.92,17300000,HDB
2025-04-09 07:00:00,13.92,15.15,13.88,14.03,19245500,HDB
2025-04-10 07:00:00,15.0,15.0,15.0,15.0,231700,HDB
2025-04-11 07:00:00,15.96,16.04,15.34,15.96,16370600,HDB
2025-04-14 07:00:00,16.42,16.42,16.15,16.19,11261200,HDB
2025-04-15 07:00:00,16.0,16.23,15.81,15.84,12695100,HDB
2025-04-16 07:00:00,15.88,16.08,15.77,15.92,6250400,HDB
2025-04-17 07:00:00,15.88,15.96,15.69,15.96,8625000,HDB
2025-04-18 07:00:00,16.04,16.15,16.04,16.04,7456700,HDB
2025-04-21 07:00:00,16.04,16.11,15.73,15.73,8383100,HDB
2025-04-22 07:00:00,15.65,15.73,14.76,15.65,12392100,HDB
2025-04-23 07:00:00,15.81,16.0,15.69,15.69,9158800,HDB
2025-04-24 07:00:00,16.04,16.38,15.96,16.38,13382600,HDB
2025-04-25 07:00:00,16.38,16.42,16.11,16.38,14533500,HDB
2025-04-28 07:00:00,16.5,16.58,16.27,16.58,7440900,HDB
2025-04-29 07:00:00,16.54,16.62,16.35,16.54,6862700,HDB
2025-05-05 07:00:00,16.58,16.62,16.31,16.35,7796700,HDB
2025-05-06 07:00:00,16.38,16.58,16.31,16.38,7788000,HDB
2025-05-07 07:00:00,16.31,16.42,16.11,16.15,11737700,HDB
2025-05-08 07:00:00,16.19,16.5,16.15,16.38,9147200,HDB
2025-05-09 07:00:00,16.38,16.42,16.27,16.35,6217300,HDB
2025-05-12 07:00:00,16.31,16.58,16.31,16.58,11104300,HDB
2025-05-13 07:00:00,16.65,17.04,16.65,16.81,12592000,HDB
2025-05-14 07:00:00,16.85,17.16,16.85,17.12,12593800,HDB
2025-05-15 07:00:00,17.08,17.27,16.92,17.16,11950400,HDB
2025-05-16 07:00:00,17.16,17.19,16.92,16.92,6790700,HDB
2025-05-19 07:00:00,16.85,17.19,16.69,16.96,13180500,HDB
2025-05-20 07:00:00,16.96,17.27,16.96,17.19,12793500,HDB
2025-05-21 07:00:00,17.19,17.5,17.12,17.27,10021100,HDB
2025-05-22 07:00:00,17.12,17.23,17.0,17.0,11961400,HDB
2025-05-23 07:00:00,17.04,17.16,16.96,17.04,6900600,HDB
2025-05-26 07:00:00,17.12,17.42,17.08,17.42,20206400,HDB
2025-05-27 07:00:00,17.42,17.54,17.35,17.42,9757700,HDB
2025-05-28 07:00:00,17.46,17.5,17.16,17.16,11600500,HDB
2025-05-29 07:00:00,17.19,17.39,17.0,17.0,11318800,HDB
2025-05-30 07:00:00,17.04,17.08,16.73,16.73,11909000,HDB
2025-06-02 07:00:00,16.62,16.77,16.5,16.65,8581300,HDB
2025-06-03 07:00:00,16.69,17.0,16.65,16.85,8974600,HDB
2025-06-04 07:00:00,16.92,16.96,16.77,16.85,6875500,HDB
2025-06-05 07:00:00,16.85,16.89,16.62,16.69,8856700,HDB
2025-06-06 07:00:00,16.62,16.81,16.54,16.81,8459900,HDB
2025-06-09 07:00:00,16.81,16.81,16.54,16.54,6800200,HDB
2025-06-10 07:00:00,16.58,16.77,16.5,16.58,8468900,HDB
2025-06-11 07:00:00,16.62,16.62,16.46,16.5,6441200,HDB
2025-06-12 07:00:00,16.58,16.81,16.54,16.77,8674000,HDB
2025-06-13 07:00:00,16.65,16.77,16.46,16.65,10917900,HDB
2025-06-16 07:00:00,16.62,16.85,16.54,16.77,7597600,HDB
2025-06-17 07:00:00,16.85,16.92,16.73,16.89,8869100,HDB
2025-06-18 07:00:00,16.89,17.04,16.81,16.92,13318000,HDB
2025-06-19 07:00:00,16.96,17.08,16.85,16.96,8180400,HDB
2025-06-20 07:00:00,17.0,17.23,16.92,17.08,15339900,HDB
2025-06-23 07:00:00,16.96,17.04,16.85,16.92,10204700,HDB
2025-06-24 07:00:00,17.04,17.12,16.89,16.92,12944000,HDB
2025-06-25 07:00:00,16.96,17.0,16.81,16.81,10449900,HDB
2025-06-26 07:00:00,16.85,16.89,16.65,16.73,8625800,HDB
2025-06-27 07:00:00,16.77,16.89,16.65,16.81,7992100,HDB
2025-06-30 07:00:00,16.81,16.89,16.77,16.81,6655700,HDB
2025-07-01 07:00:00,16.85,17.19,16.81,17.04,23738800,HDB
2025-07-02 07:00:00,17.08,17.35,17.0,17.19,15269100,HDB
2025-07-03 07:00:00,17.19,17.54,17.12,17.39,18408700,HDB
2025-07-04 07:00:00,17.46,17.58,17.27,17.39,13207400,HDB
2025-07-07 07:00:00,17.46,17.96,17.42,17.96,24883700,HDB
2025-07-08 07:00:00,18.04,18.16,17.93,18.12,17331200,HDB
2025-07-09 07:00:00,18.2,19.04,18.12,18.66,34196100,HDB
2025-07-10 07:00:00,18.77,18.81,18.54,18.77,14924700,HDB
2025-07-11 07:00:00,18.77,18.85,18.47,18.85,16447300,HDB
2025-07-14 07:00:00,18.89,18.89,18.54,18.81,13079300,HDB
2025-07-15 07:00:00,18.81,19.08,18.62,18.62,31224600,HDB
2025-07-16 07:00:00,18.62,18.74,18.58,18.7,16039400,HDB
2025-07-17 07:00:00,18.77,18.85,18.62,18.77,13060100,HDB
2025-07-18 07:00:00,18.85,18.89,18.58,18.81,14310500,HDB
2025-07-21 07:00:00,18.89,19.01,18.74,18.89,16139900,HDB
2025-07-22 07:00:00,18.89,19.62,18.77,19.62,27414100,HDB
2025-07-23 07:00:00,19.82,20.59,19.78,20.43,35013700,HDB
2025-07-24 07:00:00,20.93,21.86,20.7,21.28,50977800,HDB
2025-07-25 07:00:00,21.28,21.9,21.13,21.78,20693800,HDB
2025-07-28 07:00:00,21.86,22.55,21.51,21.94,24563900,HDB
2025-07-29 07:00:00,21.9,21.9,20.43,20.43,33545700,HDB
2025-07-30 07:00:00,20.43,20.66,19.85,20.55,20473700,HDB
2025-07-31 07:00:00,20.93,21.32,20.01,20.39,32374600,HDB
2025-08-01 07:00:00,20.39,20.93,20.36,20.82,18626300,HDB
2025-08-04 07:00:00,20.86,21.59,20.74,21.59,19050400,HDB
2025-08-05 07:00:00,22.13,22.44,20.82,21.51,30151000,HDB
2025-08-06 07:00:00,21.97,22.05,21.59,21.78,15361500,HDB
2025-08-07 07:00:00,22.13,22.13,21.55,21.97,24722700,HDB
2025-08-08 07:00:00,22.05,22.13,21.51,21.63,19461300,HDB
2025-08-11 07:00:00,21.86,21.86,21.51,21.51,28021300,HDB
2025-08-12 07:00:00,21.59,22.32,21.51,22.28,25359400,HDB
2025-08-13 07:00:00,22.67,22.71,21.94,22.32,24756500,HDB
2025-08-14 07:00:00,23.05,23.86,22.51,23.86,59894000,HDB
2025-08-15 07:00:00,24.4,24.44,23.44,23.9,29073000,HDB
2025-08-18 07:00:00,24.06,24.06,23.13,23.52,23448300,HDB
2025-08-19 07:00:00,23.82,25.14,23.63,25.06,34111300,HDB
2025-08-20 07:00:00,25.14,25.25,23.86,24.56,28103300,HDB
2025-08-21 07:00:00,24.67,26.18,24.67,25.64,35245400,HDB
2025-08-22 07:00:00,25.64,25.64,24.29,24.94,29128400,HDB
2025-08-25 07:00:00,25.37,25.37,23.56,24.13,21416800,HDB
2025-08-26 07:00:00,24.13,24.9,23.86,24.9,11352400,HDB
2025-08-27 07:00:00,25.37,25.44,24.71,25.02,14028400,HDB
2025-08-28 07:00:00,25.06,25.1,24.48,25.06,12879100,HDB
2025-08-29 07:00:00,25.37,26.06,25.21,25.79,25018200,HDB
2025-09-03 07:00:00,25.83,25.87,25.44,25.52,10789600,HDB
2025-09-04 07:00:00,25.56,25.6,25.1,25.56,17396900,HDB
2025-09-05 07:00:00,25.83,25.87,24.6,24.9,21623800,HDB
2025-09-08 07:00:00,24.6,24.63,23.52,23.82,25521200,HDB
2025-09-09 07:00:00,23.67,24.33,23.56,24.33,13478200,HDB
2025-09-10 07:00:00,24.36,24.4,23.86,24.36,11920800,HDB
2025-09-11 07:00:00,24.06,24.36,23.52,24.29,11434200,HDB
2025-09-12 07:00:00,24.29,24.33,23.94,24.29,10852000,HDB
2025-09-15 07:00:00,24.29,24.36,23.94,24.1,11467700,HDB
2025-09-16 07:00:00,24.21,24.33,23.82,24.13,15901800,HDB
2025-09-17 07:00:00,24.06,24.1,23.82,23.82,9467800,HDB
2025-09-18 07:00:00,23.86,23.86,23.28,23.67,13216800,HDB
2025-09-19 07:00:00,23.59,23.59,23.13,23.28,10787200,HDB
2025-09-22 07:00:00,23.28,23.28,22.36,22.36,15324800,HDB
2025-09-23 07:00:00,22.4,22.59,22.13,22.13,10542100,HDB
2025-09-24 07:00:00,22.21,23.67,21.78,23.67,22756700,HDB
2025-09-25 07:00:00,24.29,24.36,23.82,23.9,14404600,HDB
2025-09-26 07:00:00,23.9,23.94,23.25,23.25,12495800,HDB
2025-09-29 07:00:00,23.25,23.98,22.98,23.82,13058200,HDB
2025-09-30 07:00:00,23.67,23.9,23.25,23.9,13407300,HDB
2025-10-01 07:00:00,23.9,23.98,23.67,23.82,9573200,HDB
2025-10-02 07:00:00,23.9,24.13,23.59,23.79,11170800,HDB
2025-10-03 07:00:00,23.75,23.79,23.28,23.28,9123800,HDB
2025-10-06 07:00:00,23.52,24.52,23.4,24.29,23427600,HDB
2025-10-07 07:00:00,24.48,24.48,24.02,24.13,9742000,HDB
2025-10-08 07:00:00,24.44,24.44,23.9,24.25,16332400,HDB
2025-10-09 07:00:00,24.25,24.56,24.06,24.4,15346800,HDB
2025-10-10 07:00:00,24.6,24.63,24.44,24.56,14960500,HDB
2025-10-13 07:00:00,24.25,25.17,24.17,25.17,27220300,HDB
2025-10-14 07:00:00,25.37,25.79,24.75,25.17,27956100,HDB
2025-10-15 07:00:00,25.14,25.91,25.06,25.52,23703400,HDB
2025-10-16 07:00:00,25.64,25.75,25.37,25.75,17013200,HDB
2025-10-17 07:00:00,25.87,25.87,25.06,25.06,19439000,HDB
2025-10-20 07:00:00,24.67,24.83,23.32,23.32,26891500,HDB
2025-10-21 07:00:00,23.44,24.94,23.44,24.94,24467900,HDB
2025-10-22 07:00:00,25.06,25.1,24.44,25.06,12369900,HDB
2025-10-23 07:00:00,25.02,26.41,24.98,25.44,34268900,HDB
2025-10-24 07:00:00,25.25,25.48,24.67,25.21,17222100,HDB
2025-10-27 07:00:00,25.4,25.4,23.98,23.98,17556400,HDB
2025-10-28 07:00:00,23.56,24.83,23.56,24.83,14459200,HDB
2025-10-29 07:00:00,25.02,26.29,24.94,25.75,31358500,HDB
2025-10-30 07:00:00,25.79,26.48,25.6,25.75,23301200,HDB
2025-10-31 07:00:00,25.87,25.87,24.67,24.67,22262400,HDB
2025-11-03 07:00:00,24.67,24.75,23.52,23.56,23596600,HDB
2025-11-04 07:00:00,23.56,23.98,22.55,23.98,34423800,HDB
2025-11-05 07:00:00,23.98,24.52,23.75,23.94,8534600,HDB
2025-11-06 07:00:00,23.98,23.98,23.17,23.21,12158000,HDB
2025-11-07 07:00:00,23.09,23.25,22.55,23.13,22588600,HDB
2025-11-10 07:00:00,23.05,23.17,22.59,22.82,12893500,HDB
2025-11-11 07:00:00,22.82,22.9,22.4,22.82,11097100,HDB
2025-11-12 07:00:00,22.9,23.21,22.59,23.13,14650300,HDB
2025-11-13 07:00:00,23.13,23.25,22.9,23.09,11503300,HDB
2025-11-14 07:00:00,23.02,23.13,22.74,23.02,14810200,HDB
2025-11-17 07:00:00,23.13,23.52,22.98,23.17,12131900,HDB
2025-11-18 07:00:00,23.25,23.52,23.13,23.48,13963400,HDB
2025-11-19 07:00:00,23.52,24.29,23.13,24.13,20946700,HDB
2025-11-20 07:00:00,24.21,24.6,24.06,24.52,21414900,HDB
2025-11-21 07:00:00,24.4,24.56,23.9,24.06,13878700,HDB
2025-11-24 07:00:00,24.13,24.67,23.94,23.98,16462700,HDB
2025-11-25 07:00:00,24.1,24.75,24.1,24.52,22337300,HDB
2025-11-26 07:00:00,24.52,24.9,24.36,24.9,14640700,HDB
2025-11-27 07:00:00,25.02,25.02,24.36,24.67,11302600,HDB
2025-11-28 07:00:00,24.6,24.67,24.25,24.67,12460800,HDB
2025-12-01 07:00:00,24.71,24.71,24.25,24.29,7633800,HDB
2025-12-02 07:00:00,24.29,24.67,23.86,24.67,14736300,HDB
2025-12-03 07:00:00,24.67,25.06,24.48,24.87,14169900,HDB
2025-12-04 07:00:00,25.29,25.52,24.98,25.4,15110300,HDB
2025-12-05 07:00:00,25.44,25.44,25.02,25.4,9205900,HDB
2025-12-08 07:00:00,25.33,25.4,24.98,25.25,9934700,HDB
2025-12-09 07:00:00,25.17,25.17,24.29,24.29,20452400,HDB
2025-12-10 07:00:00,24.9,25.44,24.36,24.79,24010400,HDB
2025-12-11 07:00:00,24.83,24.87,24.36,24.48,6731800,HDB
2025-12-12 07:00:00,24.52,24.6,23.28,23.28,15587400,HDB
2025-12-15 07:00:00,23.32,23.44,23.05,23.13,11805900,HDB
2025-12-16 07:00:00,23.17,24.75,23.02,24.75,17054100,HDB
2025-12-17 07:00:00,24.67,25.1,24.44,24.75,23353800,HDB
2025-12-18 07:00:00,25.0,26.0,24.75,25.6,27159300,HDB
2025-12-19 07:00:00,25.6,26.0,25.45,25.95,21301200,HDB
2025-12-22 07:00:00,26.0,27.1,25.75,27.0,39574300,HDB
2025-12-23 07:00:00,27.0,28.0,26.95,27.5,32590800,HDB
2025-12-24 07:00:00,27.55,28.0,27.4,27.85,25185800,HDB
2025-12-25 07:00:00,27.7,27.9,26.95,27.55,16421500,HDB
2025-12-26 07:00:00,27.0,28.0,26.8,27.6,21297400,HDB
2025-12-29 07:00:00,27.7,27.7,27.15,27.6,14634000,HDB
2025-12-30 07:00:00,27.6,27.95,27.0,27.95,29039500,HDB
2025-12-31 07:00:00,27.8,29.7,27.75,29.7,43989500,HDB
2026-01-05 07:00:00,29.5,29.5,28.0,28.95,24967900,HDB
2026-01-06 07:00:00,28.8,29.05,28.1,29.05,14635600,HDB
2026-01-07 07:00:00,29.05,29.55,28.35,29.1,23080000,HDB
2026-01-08 07:00:00,29.15,29.2,28.5,28.8,17601200,HDB
2026-01-09 07:00:00,28.85,29.1,27.5,27.9,29852300,HDB
2026-01-12 07:00:00,27.7,28.35,27.25,28.2,23631100,HDB
2026-01-13 07:00:00,28.2,28.45,28.0,28.45,16194800,HDB
2026-01-14 07:00:00,28.5,28.5,27.55,27.65,21961000,HDB
2026-01-15 07:00:00,27.5,29.55,26.8,29.55,32989100,HDB
2026-01-16 07:00:00,29.5,29.5,28.45,28.45,15902500,HDB
2026-01-19 07:00:00,28.5,29.0,28.2,28.75,16574300,HDB
2026-01-20 07:00:00,29.0,29.8,28.75,28.95,19555100,HDB
2026-01-21 07:00:00,28.65,30.0,28.3,29.05,24503900,HDB
2026-01-22 07:00:00,29.1,29.75,29.05,29.2,18695900,HDB
2026-01-23 07:00:00,29.25,29.6,28.65,29.6,16077900,HDB
2026-01-26 07:00:00,29.4,29.4,28.3,28.35,11703400,HDB
2026-01-27 07:00:00,28.35,29.0,27.8,29.0,15743500,HDB
2026-01-28 07:00:00,28.5,28.85,28.35,28.5,24360600,HDB
2026-01-29 07:00:00,28.55,28.6,27.8,27.85,13587000,HDB
2026-01-30 07:00:00,27.9,28.4,27.8,28.3,15990600,HDB
2026-02-02 07:00:00,28.0,28.25,27.25,27.8,16113700,HDB
2026-02-03 07:00:00,27.9,28.0,27.35,27.55,20463600,HDB
2026-02-04 07:00:00,27.55,27.6,27.2,27.55,13382500,HDB
2026-02-05 07:00:00,27.55,27.9,27.25,27.55,17052600,HDB
2026-02-06 07:00:00,27.2,27.5,26.5,26.5,27190700,HDB
2026-02-09 07:00:00,26.75,26.8,26.25,26.8,13142300,HDB
2026-02-10 07:00:00,26.85,26.9,26.0,26.8,12368700,HDB
2026-02-11 07:00:00,26.75,27.95,26.65,27.8,29253800,HDB
2026-02-12 07:00:00,27.85,28.0,27.65,27.85,9614300,HDB
2026-02-13 07:00:00,27.75,28.2,27.7,28.2,14478600,HDB
2026-02-23 07:00:00,28.3,28.5,28.05,28.2,10138800,HDB
2026-02-24 07:00:00,28.1,28.5,27.75,28.5,22582600,HDB
2026-02-25 07:00:00,28.5,28.85,28.2,28.45,18493700,HDB
2026-02-26 07:00:00,28.5,28.55,27.95,28.4,14130400,HDB
2026-02-27 07:00:00,28.4,28.4,27.95,27.95,13120700,HDB
2026-03-02 07:00:00,27.3,27.65,26.95,26.95,23024400,HDB
2026-03-03 07:00:00,27.0,27.1,26.3,26.5,19337900,HDB
2026-03-04 07:00:00,26.4,26.6,25.7,26.35,17900500,HDB
2026-03-05 07:00:00,26.5,26.6,25.95,25.95,18266100,HDB
2026-03-06 07:00:00,25.9,26.2,25.6,25.9,11697700,HDB
2026-03-09 07:00:00,24.1,25.5,24.1,24.1,28176000,HDB
2026-03-10 07:00:00,25.0,25.75,24.6,25.15,24488200,HDB
2026-03-11 07:00:00,25.15,26.0,24.95,25.75,14822800,HDB
2026-03-12 07:00:00,25.3,25.75,25.1,25.7,11637800,HDB
2026-03-13 07:00:00,25.3,25.75,25.2,25.6,8896300,HDB
2026-03-16 07:00:00,25.5,25.65,25.2,25.6,6905100,HDB
2026-03-17 07:00:00,25.7,26.2,25.65,25.7,11718400,HDB
2026-03-18 07:00:00,25.7,26.0,25.25,25.7,9744800,HDB
2026-03-19 07:00:00,25.5,25.7,25.25,25.65,13069900,HDB
2026-03-20 07:00:00,25.5,25.5,24.9,25.0,12201400,HDB
2026-03-23 07:00:00,24.75,24.75,23.8,24.3,24481200,HDB
2026-03-24 07:00:00,24.5,24.9,24.25,24.3,13461800,HDB
2026-03-25 07:00:00,24.5,25.0,24.5,24.9,11108800,HDB
2026-03-26 07:00:00,24.95,25.0,24.5,24.55,9142400,HDB
2026-03-27 07:00:00,24.6,25.35,24.55,25.3,14613100,HDB
2026-03-30 07:00:00,24.8,25.3,24.55,25.2,14532900,HDB
2026-03-31 07:00:00,25.1,25.5,25.0,25.45,17460200,HDB
2026-04-01 07:00:00,25.8,26.0,25.6,25.6,13765700,HDB
2026-04-02 07:00:00,25.6,25.65,25.25,25.6,13794100,HDB
2026-04-03 07:00:00,25.65,25.7,25.15,25.6,13990500,HDB
2026-04-06 07:00:00,25.5,25.7,25.25,25.6,13406100,HDB
2026-04-07 07:00:00,25.55,25.55,25.05,25.1,14276900,HDB
2026-04-08 07:00:00,25.7,26.5,25.55,26.35,23664600,HDB
2026-04-09 07:00:00,26.25,26.25,25.9,26.05,9923000,HDB
2026-04-10 07:00:00,26.35,26.7,26.15,26.15,10812000,HDB
2026-04-13 07:00:00,26.0,26.15,25.75,25.9,9426200,HDB
2026-04-14 07:00:00,26.15,26.45,26.05,26.1,11232700,HDB
2026-04-15 07:00:00,26.4,26.5,26.15,26.35,11295700,HDB
2026-04-16 07:00:00,26.35,26.4,26.1,26.1,7878000,HDB
2026-04-17 07:00:00,26.3,26.5,26.05,26.2,12053200,HDB
2026-04-20 07:00:00,26.2,26.95,26.2,26.9,19167600,HDB
2026-04-21 07:00:00,27.0,27.1,26.65,26.7,9480200,HDB
2026-04-22 07:00:00,26.6,26.7,26.25,26.55,11107400,HDB
2026-04-23 07:00:00,26.5,26.95,26.35,26.6,10532500,HDB
2026-04-24 07:00:00,26.65,27.0,26.5,26.9,14997400,HDB
2026-04-28 07:00:00,26.7,26.95,26.6,26.6,7827300,HDB
2026-04-29 07:00:00,26.55,26.6,26.2,26.6,10196800,HDB
2026-05-04 07:00:00,26.6,26.75,26.45,26.5,6985200,HDB
2026-05-05 07:00:00,26.4,26.4,26.0,26.05,5139900,HDB
2023-05-08 07:00:00,25.0,25.7,25.0,25.65,10204600,STB
2023-05-09 07:00:00,25.65,25.9,25.6,25.75,7317100,STB
2023-05-10 07:00:00,25.8,26.45,25.75,26.35,14508700,STB
2023-05-11 07:00:00,26.4,26.75,26.3,26.4,14943800,STB
2023-05-12 07:00:00,26.55,26.85,26.35,26.8,16486600,STB
2023-05-15 07:00:00,27.0,27.6,26.9,27.0,29853900,STB
2023-05-16 07:00:00,27.0,27.55,27.0,27.4,13149900,STB
2023-05-17 07:00:00,27.4,27.5,26.9,27.0,17690100,STB
2023-05-18 07:00:00,27.15,27.5,27.0,27.2,15189700,STB
2023-05-19 07:00:00,27.35,27.95,27.2,27.85,24344500,STB
2023-05-22 07:00:00,28.0,28.5,27.8,28.15,17738400,STB
2023-05-23 07:00:00,28.2,28.3,27.7,27.95,17308100,STB
2023-05-24 07:00:00,28.0,28.05,27.3,27.4,21756500,STB
2023-05-25 07:00:00,27.2,27.5,26.85,27.0,35282200,STB
2023-05-26 07:00:00,27.25,27.25,26.85,27.2,11437800,STB
2023-05-29 07:00:00,27.4,27.7,27.3,27.7,9984100,STB
2023-05-30 07:00:00,27.95,27.95,27.4,27.7,9099700,STB
2023-05-31 07:00:00,27.7,27.9,27.55,27.7,15062400,STB
2023-06-01 07:00:00,27.65,28.0,27.65,28.0,8842400,STB
2023-06-02 07:00:00,28.2,28.8,28.15,28.3,17871000,STB
2023-06-05 07:00:00,28.55,28.65,28.05,28.05,14176900,STB
2023-06-06 07:00:00,28.05,28.3,27.75,28.3,17184500,STB
2023-06-07 07:00:00,28.7,28.8,28.15,28.35,12976500,STB
2023-06-08 07:00:00,28.3,28.4,27.6,27.6,20255700,STB
2023-06-09 07:00:00,27.7,28.1,27.25,28.1,12851200,STB
2023-06-12 07:00:00,28.15,28.2,27.5,28.2,11276200,STB
2023-06-13 07:00:00,28.2,28.4,27.95,28.2,9048400,STB
2023-06-14 07:00:00,28.25,28.45,27.8,27.8,16588600,STB
2023-06-15 07:00:00,27.8,27.9,27.6,27.8,11049600,STB
2023-06-16 07:00:00,28.05,29.6,28.0,29.0,44855200,STB
2023-06-19 07:00:00,29.15,29.15,28.75,28.75,8516000,STB
2023-06-20 07:00:00,28.9,29.25,28.7,29.25,10685100,STB
2023-06-21 07:00:00,29.25,29.55,29.1,29.4,16888300,STB
2023-06-22 07:00:00,29.7,30.2,29.5,30.0,21640300,STB
2023-06-23 07:00:00,30.2,30.65,30.0,30.3,16889100,STB
2023-06-26 07:00:00,30.2,30.25,29.25,29.6,31159200,STB
2023-06-27 07:00:00,29.55,29.75,29.45,29.6,11224400,STB
2023-06-28 07:00:00,29.7,30.0,29.55,29.9,13693600,STB
2023-06-29 07:00:00,29.95,30.05,29.3,29.55,14837600,STB
2023-06-30 07:00:00,29.55,29.8,29.3,29.8,8144800,STB
2023-07-03 07:00:00,29.8,29.95,29.45,29.7,7045400,STB
2023-07-04 07:00:00,29.7,29.85,29.3,29.85,17233800,STB
2023-07-05 07:00:00,29.85,30.25,29.65,29.9,14555700,STB
2023-07-06 07:00:00,29.85,29.9,29.1,29.1,26337200,STB
2023-07-07 07:00:00,29.1,29.6,29.0,29.6,9708200,STB
2023-07-10 07:00:00,29.8,29.95,29.5,29.85,11191900,STB
2023-07-11 07:00:00,30.05,30.35,29.85,30.0,17902700,STB
2023-07-12 07:00:00,29.8,29.9,29.3,29.8,32137800,STB
2023-07-13 07:00:00,29.65,30.0,29.65,30.0,11703900,STB
2023-07-14 07:00:00,30.2,30.2,27.9,29.0,74861900,STB
2023-07-17 07:00:00,28.85,28.9,28.0,28.0,41707400,STB
2023-07-18 07:00:00,28.0,28.45,27.9,28.45,23016500,STB
2023-07-19 07:00:00,28.45,28.6,28.2,28.25,11967700,STB
2023-07-20 07:00:00,28.25,28.3,27.6,27.85,27253400,STB
2023-07-21 07:00:00,27.95,28.75,27.8,28.75,29526800,STB
2023-07-24 07:00:00,28.75,28.9,28.45,28.7,17378100,STB
2023-07-25 07:00:00,28.6,29.15,28.4,28.5,19697700,STB
2023-07-26 07:00:00,28.5,28.5,28.2,28.3,13249800,STB
2023-07-27 07:00:00,28.3,28.45,27.9,28.1,21100800,STB
2023-07-28 07:00:00,28.1,28.75,28.1,28.65,19908800,STB
2023-07-31 07:00:00,28.9,29.1,28.5,28.95,21200800,STB
2023-08-01 07:00:00,29.1,29.7,28.9,28.95,41823000,STB
2023-08-02 07:00:00,28.9,29.3,28.8,29.1,18419000,STB
2023-08-03 07:00:00,29.15,29.2,28.6,28.6,20537400,STB
2023-08-04 07:00:00,28.6,28.95,28.5,28.95,18096200,STB
2023-08-07 07:00:00,29.05,30.25,29.05,30.05,49624600,STB
2023-08-08 07:00:00,30.35,30.4,29.75,29.8,15546300,STB
2023-08-09 07:00:00,29.85,31.2,29.65,31.2,37815900,STB
2023-08-10 07:00:00,31.15,31.3,30.55,30.55,13398600,STB
2023-08-11 07:00:00,30.75,32.1,30.55,31.85,33178800,STB
2023-08-14 07:00:00,31.9,32.0,31.5,31.9,16893000,STB
2023-08-15 07:00:00,31.9,32.0,31.45,31.5,16928700,STB
2023-08-16 07:00:00,31.5,32.9,31.2,32.9,44953500,STB
2023-08-17 07:00:00,32.6,32.8,32.25,32.35,14884100,STB
2023-08-18 07:00:00,32.1,32.45,30.3,31.3,45150600,STB
2023-08-21 07:00:00,31.6,32.7,31.3,31.8,35255100,STB
2023-08-22 07:00:00,32.0,32.15,30.5,32.15,32920900,STB
2023-08-23 07:00:00,32.1,32.2,30.75,30.9,38653900,STB
2023-08-24 07:00:00,31.1,31.7,30.9,31.55,14088400,STB
2023-08-25 07:00:00,31.3,31.5,30.95,31.1,17148500,STB
2023-08-28 07:00:00,31.15,31.9,30.95,31.65,18709800,STB
2023-08-29 07:00:00,31.8,31.9,31.35,31.75,17672400,STB
2023-08-30 07:00:00,31.8,32.5,31.8,32.5,27237000,STB
2023-08-31 07:00:00,32.5,32.65,32.35,32.65,18726700,STB
2023-09-05 07:00:00,32.7,33.15,32.4,32.7,22518900,STB
2023-09-06 07:00:00,32.6,33.05,32.15,33.05,23144500,STB
2023-09-07 07:00:00,33.0,33.25,32.65,33.0,20729300,STB
2023-09-08 07:00:00,32.8,32.95,32.5,32.5,18547100,STB
2023-09-11 07:00:00,32.7,32.7,31.55,31.6,32699500,STB
2023-09-12 07:00:00,31.8,32.35,31.35,32.35,14337200,STB
2023-09-13 07:00:00,32.5,32.55,31.85,31.95,17037500,STB
2023-09-14 07:00:00,32.0,32.45,31.8,31.8,14940900,STB
2023-09-15 07:00:00,32.3,33.15,32.1,32.5,34137000,STB
2023-09-18 07:00:00,32.3,33.05,32.3,32.6,15196000,STB
2023-09-19 07:00:00,32.7,33.6,32.65,33.3,33669800,STB
2023-09-20 07:00:00,33.3,33.55,33.2,33.25,10589700,STB
2023-09-21 07:00:00,33.2,33.7,32.35,32.35,31019800,STB
2023-09-22 07:00:00,32.0,33.0,31.35,32.9,35946000,STB
2023-09-25 07:00:00,32.8,33.15,31.4,31.65,25662800,STB
2023-09-26 07:00:00,31.95,32.2,31.35,31.35,17056300,STB
2023-09-27 07:00:00,31.5,31.8,30.55,31.8,19340500,STB
2023-09-28 07:00:00,31.7,31.7,30.45,30.75,29418900,STB
2023-09-29 07:00:00,31.0,31.25,30.65,30.65,12280500,STB
2023-10-02 07:00:00,30.75,31.1,30.6,30.85,10885000,STB
2023-10-03 07:00:00,30.65,30.65,29.05,29.2,33380900,STB
2023-10-04 07:00:00,28.9,30.6,28.85,30.2,20419400,STB
2023-10-05 07:00:00,30.1,30.35,29.85,29.9,10308800,STB
2023-10-06 07:00:00,29.85,30.95,29.65,30.95,13108100,STB
2023-10-09 07:00:00,30.95,31.3,30.6,31.2,9199800,STB
2023-10-10 07:00:00,31.35,31.65,31.25,31.25,11506300,STB
2023-10-11 07:00:00,31.25,31.8,31.15,31.75,8374300,STB
2023-10-12 07:00:00,31.95,31.95,31.3,31.6,8160500,STB
2023-10-13 07:00:00,31.2,31.6,31.0,31.5,11308800,STB
2023-10-16 07:00:00,31.4,31.45,30.2,30.2,25870900,STB
2023-10-17 07:00:00,30.45,30.7,30.0,30.0,11770400,STB
2023-10-18 07:00:00,30.1,30.3,29.35,29.7,20147600,STB
2023-10-19 07:00:00,29.5,29.9,28.95,29.0,20421700,STB
2023-10-20 07:00:00,29.0,30.3,28.85,30.1,18953900,STB
2023-10-23 07:00:00,29.8,30.1,29.4,29.7,13702000,STB
2023-10-24 07:00:00,30.0,30.2,29.75,30.0,11931200,STB
2023-10-25 07:00:00,30.0,30.2,29.55,29.55,8074600,STB
2023-10-26 07:00:00,29.0,29.2,27.7,28.1,40837400,STB
2023-10-27 07:00:00,28.55,29.25,28.15,28.7,16878600,STB
2023-10-30 07:00:00,28.75,28.8,27.0,27.0,21271700,STB
2023-10-31 07:00:00,27.1,27.55,26.55,27.0,27998300,STB
2023-11-01 07:00:00,27.5,27.7,27.1,27.65,8556100,STB
2023-11-02 07:00:00,27.95,29.05,27.9,29.0,15521400,STB
2023-11-03 07:00:00,29.2,29.2,28.4,28.5,18856700,STB
2023-11-06 07:00:00,28.65,29.5,28.6,29.45,26745600,STB
2023-11-07 07:00:00,29.15,29.3,28.9,29.0,11144900,STB
2023-11-08 07:00:00,28.9,30.1,28.75,30.0,20906400,STB
2023-11-09 07:00:00,30.05,30.3,29.65,29.65,22227400,STB
2023-11-10 07:00:00,29.4,30.0,29.25,29.5,13739800,STB
2023-11-13 07:00:00,29.5,29.6,29.0,29.25,15892800,STB
2023-11-14 07:00:00,29.6,30.45,29.5,30.0,18566200,STB
2023-11-15 07:00:00,30.6,30.7,29.8,30.0,16567100,STB
2023-11-16 07:00:00,29.9,30.2,29.75,30.2,9783300,STB
2023-11-17 07:00:00,30.25,30.4,29.05,29.35,22164800,STB
2023-11-20 07:00:00,28.7,29.45,28.7,29.2,16240800,STB
2023-11-21 07:00:00,29.55,29.6,29.1,29.3,7021500,STB
2023-11-22 07:00:00,29.3,29.45,28.75,29.1,19080700,STB
2023-11-23 07:00:00,29.15,29.3,28.2,28.2,16575800,STB
2023-11-24 07:00:00,28.4,28.4,27.5,28.3,23863000,STB
2023-11-27 07:00:00,28.2,28.2,27.4,27.4,19828300,STB
2023-11-28 07:00:00,27.5,28.15,26.85,28.15,17252700,STB
2023-11-29 07:00:00,28.05,28.25,27.8,27.8,12029500,STB
2023-11-30 07:00:00,27.8,28.1,27.5,27.5,13608300,STB
2023-12-01 07:00:00,27.5,27.65,27.05,27.5,13635000,STB
2023-12-04 07:00:00,27.6,28.35,27.55,28.2,19614700,STB
2023-12-05 07:00:00,28.15,28.3,27.8,27.8,12589600,STB
2023-12-06 07:00:00,27.7,28.1,27.7,28.1,14176100,STB
2023-12-07 07:00:00,28.3,28.95,28.05,28.55,29262200,STB
2023-12-08 07:00:00,28.7,28.85,28.2,28.2,14678400,STB
2023-12-11 07:00:00,28.3,28.4,27.85,27.85,14345000,STB
2023-12-12 07:00:00,27.95,28.1,27.8,28.0,6953400,STB
2023-12-13 07:00:00,28.0,28.2,27.45,27.45,20639100,STB
2023-12-14 07:00:00,27.7,27.75,27.1,27.1,14265300,STB
2023-12-15 07:00:00,27.1,27.45,27.05,27.1,12858200,STB
2023-12-18 07:00:00,27.1,27.2,26.3,26.3,21729000,STB
2023-12-19 07:00:00,26.3,26.6,25.85,26.6,18259600,STB
2023-12-20 07:00:00,26.7,26.95,26.45,26.95,8217200,STB
2023-12-21 07:00:00,26.75,26.85,26.5,26.6,10018700,STB
2023-12-22 07:00:00,26.6,27.45,26.3,27.2,22251300,STB
2023-12-25 07:00:00,27.25,27.8,27.25,27.5,12751000,STB
2023-12-26 07:00:00,27.6,27.6,27.15,27.5,13847000,STB
2023-12-27 07:00:00,27.5,27.65,27.35,27.4,10685200,STB
2023-12-28 07:00:00,27.45,27.8,27.35,27.6,10407400,STB
2023-12-29 07:00:00,27.65,28.1,27.6,27.95,16014900,STB
2024-01-02 07:00:00,28.0,28.15,27.75,27.75,14813300,STB
2024-01-03 07:00:00,27.75,28.5,27.6,28.5,19990700,STB
2024-01-04 07:00:00,28.6,29.55,28.5,28.6,31414000,STB
2024-01-05 07:00:00,29.0,29.45,28.85,29.3,31291500,STB
2024-01-08 07:00:00,29.6,29.65,29.0,29.2,15853600,STB
2024-01-09 07:00:00,29.2,29.5,29.1,29.2,16760900,STB
2024-01-10 07:00:00,29.1,29.8,29.1,29.45,25102500,STB
2024-01-11 07:00:00,29.7,29.95,29.2,29.5,24449200,STB
2024-01-12 07:00:00,29.3,30.15,29.1,29.9,41145100,STB
2024-01-15 07:00:00,30.1,30.25,29.7,29.8,13057500,STB
2024-01-16 07:00:00,29.75,29.9,29.6,29.9,13163500,STB
2024-01-17 07:00:00,29.9,30.05,29.7,29.7,15239500,STB
2024-01-18 07:00:00,29.75,30.25,29.65,29.8,14262500,STB
2024-01-19 07:00:00,30.0,30.3,29.95,30.3,19382800,STB
2024-01-22 07:00:00,30.5,30.6,30.15,30.25,13400000,STB
2024-01-23 07:00:00,30.35,30.7,30.25,30.5,17926900,STB
2024-01-24 07:00:00,30.45,31.25,30.4,30.75,24678500,STB
2024-01-25 07:00:00,31.0,31.0,30.3,30.5,17446300,STB
2024-01-26 07:00:00,30.7,30.7,30.2,30.3,15139100,STB
2024-01-29 07:00:00,30.3,30.65,30.3,30.35,8935200,STB
2024-01-30 07:00:00,30.35,30.7,30.3,30.7,11432400,STB
2024-01-31 07:00:00,30.75,30.9,29.8,29.9,34436400,STB
2024-02-01 07:00:00,29.9,30.15,29.7,29.8,10674100,STB
2024-02-02 07:00:00,29.95,30.15,29.75,29.9,10080500,STB
2024-02-05 07:00:00,30.0,30.85,29.85,30.6,20315900,STB
2024-02-06 07:00:00,30.8,31.1,30.7,30.8,13437900,STB
2024-02-07 07:00:00,30.75,31.2,30.75,31.1,12202200,STB
2024-02-15 07:00:00,31.2,31.7,31.0,31.25,17188200,STB
2024-02-16 07:00:00,31.3,31.4,30.75,30.8,20794300,STB
2024-02-19 07:00:00,30.95,30.95,30.45,30.7,15780500,STB
2024-02-20 07:00:00,30.7,31.05,30.55,30.7,16158900,STB
2024-02-21 07:00:00,31.0,32.0,30.85,31.5,44463100,STB
2024-02-22 07:00:00,31.4,31.5,31.0,31.05,15526000,STB
2024-02-23 07:00:00,31.15,31.55,30.65,30.65,33551000,STB
2024-02-26 07:00:00,30.65,30.75,30.15,30.5,24763200,STB
2024-02-27 07:00:00,30.6,30.85,30.35,30.75,15451600,STB
2024-02-28 07:00:00,30.85,31.5,30.75,31.4,28484800,STB
2024-02-29 07:00:00,31.6,31.8,31.1,31.55,23713600,STB
2024-03-01 07:00:00,31.75,32.2,31.7,31.95,27190200,STB
2024-03-04 07:00:00,32.1,32.2,31.65,31.75,17157800,STB
2024-03-05 07:00:00,31.75,31.95,31.55,31.9,12352400,STB
2024-03-06 07:00:00,31.8,32.15,31.35,31.55,18418500,STB
2024-03-07 07:00:00,31.55,31.6,31.15,31.3,17422800,STB
2024-03-08 07:00:00,31.35,31.5,30.6,30.65,34885800,STB
2024-03-11 07:00:00,30.6,30.7,30.1,30.2,20137400,STB
2024-03-12 07:00:00,30.1,30.55,30.1,30.25,13195300,STB
2024-03-13 07:00:00,30.3,30.85,30.15,30.85,16466100,STB
2024-03-14 07:00:00,30.9,30.95,30.4,30.45,15812300,STB
2024-03-15 07:00:00,30.45,30.75,30.2,30.5,17494500,STB
2024-03-18 07:00:00,30.5,30.7,29.7,30.25,26184800,STB
2024-03-19 07:00:00,30.3,30.55,29.9,30.4,13159300,STB
2024-03-20 07:00:00,30.4,31.25,30.15,31.15,28145900,STB
2024-03-21 07:00:00,31.25,31.5,31.1,31.5,15677800,STB
2024-03-22 07:00:00,31.65,32.4,31.55,31.65,32805000,STB
2024-03-25 07:00:00,31.6,31.7,30.8,30.85,25048000,STB
2024-03-26 07:00:00,30.8,31.0,30.75,31.0,19270400,STB
2024-03-27 07:00:00,31.0,31.2,30.65,30.9,15097000,STB
2024-03-28 07:00:00,31.2,32.0,30.8,32.0,31997700,STB
2024-03-29 07:00:00,32.25,32.6,31.6,31.6,34573900,STB
2024-04-01 07:00:00,31.5,31.7,31.05,31.4,24131300,STB
2024-04-02 07:00:00,30.5,30.95,29.6,30.2,105089800,STB
2024-04-03 07:00:00,30.5,30.8,30.1,30.1,26957600,STB
2024-04-04 07:00:00,30.1,30.2,29.65,29.7,30271800,STB
2024-04-05 07:00:00,29.5,29.85,29.15,29.6,25456900,STB
2024-04-08 07:00:00,29.3,29.45,28.95,29.0,26854100,STB
2024-04-09 07:00:00,29.0,29.25,28.7,29.15,17950600,STB
2024-04-10 07:00:00,29.3,29.45,29.1,29.1,14930400,STB
2024-04-11 07:00:00,28.9,29.1,28.75,28.85,10462800,STB
2024-04-12 07:00:00,29.1,29.4,28.9,29.1,15445100,STB
2024-04-15 07:00:00,29.0,29.4,27.5,27.5,24337900,STB
2024-04-16 07:00:00,27.65,27.8,27.2,27.3,22651800,STB
2024-04-17 07:00:00,27.6,27.6,26.8,26.8,12961400,STB
2024-04-19 07:00:00,26.4,28.0,26.15,26.8,23052500,STB
2024-04-22 07:00:00,27.4,28.15,27.1,27.65,13422600,STB
2024-04-23 07:00:00,27.55,28.15,27.55,27.8,18401000,STB
2024-04-24 07:00:00,27.9,28.6,27.8,28.6,13991900,STB
2024-04-25 07:00:00,28.6,28.65,28.2,28.45,9380100,STB
2024-04-26 07:00:00,28.25,28.95,28.1,28.2,11932400,STB
2024-05-02 07:00:00,28.35,28.35,27.5,27.6,10054400,STB
2024-05-03 07:00:00,27.8,28.05,27.5,27.55,8851200,STB
2024-05-06 07:00:00,27.95,28.15,27.65,28.1,8810000,STB
2024-05-07 07:00:00,28.15,28.35,28.1,28.3,8560700,STB
2024-05-08 07:00:00,28.3,28.35,27.85,27.95,9179100,STB
2024-05-09 07:00:00,28.0,28.15,27.8,27.8,7552300,STB
2024-05-10 07:00:00,27.9,28.0,27.6,27.6,6903400,STB
2024-05-13 07:00:00,27.7,27.7,27.2,27.25,7861600,STB
2024-05-14 07:00:00,27.3,27.55,27.2,27.25,7428600,STB
2024-05-15 07:00:00,27.35,27.9,27.3,27.8,9801400,STB
2024-05-16 07:00:00,28.1,28.65,28.1,28.4,16790800,STB
2024-05-17 07:00:00,28.5,28.55,28.3,28.5,7138700,STB
2024-05-20 07:00:00,28.75,28.75,28.2,28.3,10164400,STB
2024-05-21 07:00:00,28.3,28.45,27.85,28.3,9961400,STB
2024-05-22 07:00:00,28.3,28.4,27.95,28.0,7853200,STB
2024-05-23 07:00:00,27.9,28.55,27.7,28.55,10710600,STB
2024-05-24 07:00:00,28.45,29.25,28.3,28.7,28342000,STB
2024-05-27 07:00:00,28.8,28.95,28.35,28.7,6564000,STB
2024-05-28 07:00:00,28.8,29.0,28.6,28.85,9012300,STB
2024-05-29 07:00:00,28.9,28.9,28.25,28.25,10808900,STB
2024-05-30 07:00:00,28.0,28.25,27.6,27.85,16001700,STB
2024-05-31 07:00:00,28.05,28.2,27.8,27.85,5567800,STB
2024-06-03 07:00:00,28.1,29.75,28.1,29.75,28580200,STB
2024-06-04 07:00:00,30.5,30.6,29.85,29.95,20232100,STB
2024-06-05 07:00:00,30.0,30.4,29.6,29.6,15295100,STB
2024-06-06 07:00:00,29.95,31.1,29.65,30.7,31379700,STB
2024-06-07 07:00:00,30.7,31.1,30.7,30.75,12983500,STB
2024-06-10 07:00:00,31.2,31.7,31.05,31.1,14942300,STB
2024-06-11 07:00:00,31.2,31.35,30.7,31.2,14064100,STB
2024-06-12 07:00:00,31.25,31.35,30.9,31.35,10808500,STB
2024-06-13 07:00:00,31.5,31.9,31.25,31.65,19842400,STB
2024-06-14 07:00:00,31.65,31.9,30.55,30.55,15865800,STB
2024-06-17 07:00:00,30.4,30.8,30.25,30.5,14506900,STB
2024-06-18 07:00:00,30.55,31.15,30.55,30.55,11579400,STB
2024-06-19 07:00:00,30.6,31.2,30.45,30.9,13605100,STB
2024-06-20 07:00:00,31.1,31.1,30.0,30.75,21298600,STB
2024-06-21 07:00:00,30.7,31.35,30.45,30.65,11453900,STB
2024-06-24 07:00:00,30.65,30.75,29.4,29.5,20293700,STB
2024-06-25 07:00:00,29.7,29.8,29.25,29.6,11199300,STB
2024-06-26 07:00:00,29.4,29.65,28.95,29.5,14572000,STB
2024-06-27 07:00:00,29.3,29.5,29.1,29.2,6435800,STB
2024-06-28 07:00:00,29.05,29.4,28.8,28.8,9182400,STB
2024-07-01 07:00:00,29.0,29.35,28.8,29.3,5212400,STB
2024-07-02 07:00:00,29.35,29.75,29.25,29.6,5431700,STB
2024-07-03 07:00:00,29.55,30.1,29.55,29.9,6484600,STB
2024-07-04 07:00:00,29.9,29.95,29.6,29.9,4385800,STB
2024-07-05 07:00:00,29.9,30.15,29.6,30.1,6500200,STB
2024-07-08 07:00:00,30.0,30.3,29.75,30.15,11712100,STB
2024-07-09 07:00:00,30.15,30.4,29.95,30.35,11044600,STB
2024-07-10 07:00:00,30.35,30.45,29.85,29.85,7896500,STB
2024-07-11 07:00:00,30.0,30.15,29.85,29.85,5412300,STB
2024-07-12 07:00:00,30.0,30.15,29.7,29.75,8716700,STB
2024-07-15 07:00:00,29.8,29.95,29.6,29.75,3659300,STB
2024-07-16 07:00:00,29.75,30.2,29.75,29.9,7816800,STB
2024-07-17 07:00:00,30.1,31.2,29.95,30.4,25058400,STB
2024-07-18 07:00:00,30.4,30.6,29.95,30.6,10719300,STB
2024-07-19 07:00:00,30.55,30.85,30.15,30.3,8140200,STB
2024-07-22 07:00:00,30.3,30.6,29.9,30.0,10809000,STB
2024-07-23 07:00:00,30.1,30.3,29.0,29.0,11984600,STB
2024-07-24 07:00:00,29.0,29.45,28.6,29.2,12412500,STB
2024-07-25 07:00:00,29.15,29.15,28.6,28.8,8570900,STB
2024-07-26 07:00:00,28.8,29.1,28.75,29.1,5366200,STB
2024-07-29 07:00:00,29.2,29.4,28.8,29.1,5947800,STB
2024-07-30 07:00:00,29.05,29.15,28.8,28.9,4458200,STB
2024-07-31 07:00:00,29.0,29.25,28.85,29.0,6032600,STB
2024-08-01 07:00:00,29.0,29.25,28.05,28.05,11998200,STB
2024-08-02 07:00:00,28.0,28.55,27.95,28.4,10783600,STB
2024-08-05 07:00:00,28.2,28.4,27.0,27.2,21028700,STB
2024-08-06 07:00:00,27.55,28.45,27.3,28.4,8945400,STB
2024-08-07 07:00:00,28.4,28.5,27.9,28.4,7957500,STB
2024-08-08 07:00:00,28.05,28.6,28.0,28.25,5944200,STB
2024-08-09 07:00:00,28.65,28.95,28.2,28.85,9925300,STB
2024-08-12 07:00:00,28.85,29.35,28.6,29.2,9701500,STB
2024-08-13 07:00:00,29.2,29.5,29.15,29.15,7059600,STB
2024-08-14 07:00:00,29.25,29.4,29.2,29.2,5866500,STB
2024-08-15 07:00:00,29.2,29.3,28.75,28.95,3730700,STB
2024-08-16 07:00:00,28.95,29.45,28.95,29.35,8293900,STB
2024-08-19 07:00:00,29.5,29.7,29.35,29.65,5992100,STB
2024-08-20 07:00:00,29.65,29.8,29.5,29.65,6413400,STB
2024-08-21 07:00:00,29.65,29.95,29.4,29.95,8881200,STB
2024-08-22 07:00:00,30.0,30.05,29.8,29.9,4940600,STB
2024-08-23 07:00:00,29.9,30.0,29.65,29.95,5876500,STB
2024-08-26 07:00:00,30.05,30.2,29.75,29.75,7701300,STB
2024-08-27 07:00:00,29.75,29.85,29.6,29.6,4245000,STB
2024-08-28 07:00:00,29.7,29.85,29.55,29.55,4655800,STB
2024-08-29 07:00:00,29.65,30.9,29.65,30.45,25193800,STB
2024-08-30 07:00:00,30.55,30.65,30.35,30.55,5079700,STB
2024-09-04 07:00:00,30.4,30.4,29.95,30.1,9433600,STB
2024-09-05 07:00:00,30.1,30.15,29.4,29.6,10457600,STB
2024-09-06 07:00:00,29.55,29.9,29.5,29.9,8550100,STB
2024-09-09 07:00:00,29.65,29.75,29.5,29.5,4193600,STB
2024-09-10 07:00:00,29.7,29.75,29.15,29.2,7772100,STB
2024-09-11 07:00:00,29.15,29.7,29.1,29.6,6358300,STB
2024-09-12 07:00:00,29.65,29.8,29.55,29.7,5852700,STB
2024-09-13 07:00:00,29.7,29.95,29.55,29.8,6158600,STB
2024-09-16 07:00:00,29.8,29.9,29.55,29.55,4878700,STB
2024-09-17 07:00:00,29.65,29.85,29.45,29.85,5758400,STB
2024-09-18 07:00:00,29.85,30.6,29.8,30.25,14764700,STB
2024-09-19 07:00:00,30.35,30.6,30.3,30.5,7185600,STB
2024-09-20 07:00:00,30.7,31.3,30.6,30.85,23258900,STB
2024-09-23 07:00:00,30.9,31.3,30.8,30.8,6037200,STB
2024-09-24 07:00:00,30.85,32.05,30.8,31.85,24839400,STB
2024-09-25 07:00:00,32.0,32.7,31.85,32.7,28614000,STB
2024-09-26 07:00:00,32.8,33.2,32.6,32.75,25838600,STB
2024-09-27 07:00:00,32.9,33.65,32.8,33.6,22047200,STB
2024-09-30 07:00:00,33.55,33.65,33.2,33.35,12432400,STB
2024-10-01 07:00:00,33.4,34.4,33.4,33.5,16258900,STB
2024-10-02 07:00:00,33.5,33.9,33.4,33.55,11383200,STB
2024-10-03 07:00:00,33.55,34.2,33.55,33.75,19074200,STB
2024-10-04 07:00:00,33.7,33.8,33.1,33.1,14347400,STB
2024-10-07 07:00:00,33.4,34.15,33.35,33.8,14756600,STB
2024-10-08 07:00:00,33.85,34.2,33.55,33.7,13909400,STB
2024-10-09 07:00:00,33.7,34.3,33.6,34.15,17686600,STB
2024-10-10 07:00:00,34.5,34.8,33.6,33.6,20748300,STB
2024-10-11 07:00:00,33.65,33.8,33.4,33.8,7702400,STB
2024-10-14 07:00:00,34.1,34.2,33.6,33.9,12932200,STB
2024-10-15 07:00:00,33.95,34.2,33.6,33.7,12425100,STB
2024-10-16 07:00:00,33.65,33.75,33.15,33.6,18409100,STB
2024-10-17 07:00:00,33.7,34.6,33.25,34.6,27209600,STB
2024-10-18 07:00:00,35.1,36.45,34.7,35.55,32868800,STB
2024-10-21 07:00:00,35.65,36.1,35.25,35.25,13537800,STB
2024-10-22 07:00:00,35.25,35.9,34.9,35.0,17680700,STB
2024-10-23 07:00:00,35.1,35.8,34.65,35.8,12097200,STB
2024-10-24 07:00:00,35.8,35.8,33.4,33.4,32157700,STB
2024-10-25 07:00:00,33.65,34.0,33.3,33.45,19673700,STB
2024-10-28 07:00:00,33.3,34.1,33.3,33.75,11423600,STB
2024-10-29 07:00:00,33.85,34.3,33.8,34.05,10111000,STB
2024-10-30 07:00:00,34.2,35.2,33.95,34.8,17096800,STB
2024-10-31 07:00:00,34.8,35.7,34.6,35.2,17764700,STB
2024-11-01 07:00:00,35.0,35.25,34.95,35.0,9112000,STB
2024-11-04 07:00:00,35.0,35.35,34.65,34.9,11339100,STB
2024-11-05 07:00:00,34.85,35.3,34.85,34.85,6852800,STB
2024-11-06 07:00:00,35.0,35.5,34.8,35.5,6934000,STB
2024-11-07 07:00:00,35.6,35.8,35.4,35.6,8231800,STB
2024-11-08 07:00:00,35.85,36.0,35.0,35.5,9413400,STB
2024-11-11 07:00:00,35.4,35.55,33.4,33.8,32893000,STB
2024-11-12 07:00:00,33.8,33.9,33.25,33.55,14613800,STB
2024-11-13 07:00:00,33.5,33.5,32.4,33.4,15006400,STB
2024-11-14 07:00:00,33.55,33.55,32.5,32.5,9004900,STB
2024-11-15 07:00:00,32.4,32.85,32.2,32.4,12216400,STB
2024-11-18 07:00:00,32.55,32.7,31.9,32.6,10149900,STB
2024-11-19 07:00:00,32.6,32.6,31.75,31.95,7271700,STB
2024-11-20 07:00:00,31.7,32.75,31.3,32.4,8575900,STB
2024-11-21 07:00:00,32.4,33.05,32.25,33.05,8026600,STB
2024-11-22 07:00:00,33.0,33.15,32.6,32.65,5610500,STB
2024-11-25 07:00:00,32.7,33.15,32.65,32.85,5082200,STB
2024-11-26 07:00:00,33.0,33.35,32.95,33.2,6126800,STB
2024-11-27 07:00:00,33.1,33.3,32.8,33.2,5196000,STB
2024-11-28 07:00:00,33.2,33.6,32.95,33.15,8503500,STB
2024-11-29 07:00:00,33.05,33.3,32.8,33.3,6626200,STB
2024-12-02 07:00:00,33.4,33.4,32.85,33.1,5222300,STB
2024-12-03 07:00:00,33.15,33.15,32.6,32.6,8715400,STB
2024-12-04 07:00:00,32.55,32.6,32.15,32.4,5780600,STB
2024-12-05 07:00:00,32.35,34.0,32.25,33.95,13198900,STB
2024-12-06 07:00:00,33.9,33.95,33.6,33.8,5016000,STB
2024-12-09 07:00:00,33.7,34.1,33.6,34.0,5819800,STB
2024-12-10 07:00:00,34.05,34.2,33.5,33.5,5671300,STB
2024-12-11 07:00:00,33.8,33.9,33.5,33.65,5182000,STB
2024-12-12 07:00:00,33.65,34.1,33.65,33.8,4826000,STB
2024-12-13 07:00:00,33.8,34.2,33.55,34.0,7644600,STB
2024-12-16 07:00:00,34.0,34.1,33.85,34.1,4502700,STB
2024-12-17 07:00:00,34.1,34.2,33.85,34.1,3703800,STB
2024-12-18 07:00:00,34.1,34.2,33.85,34.2,4850900,STB
2024-12-19 07:00:00,33.8,34.0,33.55,33.9,8676200,STB
2024-12-20 07:00:00,33.75,33.95,33.5,33.85,7578900,STB
2024-12-23 07:00:00,34.15,35.0,34.1,34.5,10898800,STB
2024-12-24 07:00:00,34.55,34.75,34.35,34.7,6484800,STB
2024-12-25 07:00:00,34.8,36.5,34.75,36.25,24376900,STB
2024-12-26 07:00:00,36.45,37.4,36.35,37.1,16442000,STB
2024-12-27 07:00:00,37.2,37.4,36.9,37.4,11145700,STB
2024-12-30 07:00:00,37.35,37.85,36.8,37.85,10631900,STB
2024-12-31 07:00:00,37.55,37.55,36.9,36.9,9388400,STB
2025-01-02 07:00:00,36.95,37.2,36.6,37.0,5957100,STB
2025-01-03 07:00:00,36.95,36.95,36.1,36.1,8642600,STB
2025-01-06 07:00:00,36.1,36.6,36.05,36.25,9584000,STB
2025-01-07 07:00:00,36.45,37.05,36.35,36.9,7377300,STB
2025-01-08 07:00:00,36.7,36.9,36.5,36.7,6074100,STB
2025-01-09 07:00:00,36.8,36.9,36.4,36.4,5593400,STB
2025-01-10 07:00:00,36.4,36.55,35.2,35.2,15560200,STB
2025-01-13 07:00:00,35.0,35.35,34.7,35.3,8382600,STB
2025-01-14 07:00:00,35.3,35.4,34.9,35.4,4412700,STB
2025-01-15 07:00:00,35.4,35.45,35.1,35.1,6977700,STB
2025-01-16 07:00:00,35.4,35.8,35.05,35.45,9548300,STB
2025-01-17 07:00:00,35.4,35.8,35.15,35.75,5715900,STB
2025-01-20 07:00:00,35.85,36.35,35.75,35.95,6359200,STB
2025-01-21 07:00:00,36.45,36.45,35.9,36.05,5396100,STB
2025-01-22 07:00:00,36.2,36.65,36.15,36.35,7602200,STB
2025-01-23 07:00:00,36.65,37.55,36.45,37.0,10155400,STB
2025-01-24 07:00:00,37.3,37.35,36.9,37.0,4818200,STB
2025-02-03 07:00:00,36.8,36.9,36.3,36.55,9000500,STB
2025-02-04 07:00:00,36.7,37.8,36.65,37.3,12650000,STB
2025-02-05 07:00:00,37.45,37.5,37.0,37.25,5279300,STB
2025-02-06 07:00:00,37.5,37.85,37.3,37.35,8268500,STB
2025-02-07 07:00:00,37.35,38.1,37.2,37.45,11948300,STB
2025-02-10 07:00:00,37.4,38.85,37.2,38.45,21128100,STB
2025-02-11 07:00:00,38.4,38.7,38.15,38.5,5513100,STB
2025-02-12 07:00:00,38.5,38.85,38.3,38.65,8553900,STB
2025-02-13 07:00:00,38.5,38.8,38.4,38.8,4741600,STB
2025-02-14 07:00:00,39.3,39.3,38.25,38.25,8007000,STB
2025-02-17 07:00:00,38.25,38.5,38.1,38.3,6088300,STB
2025-02-18 07:00:00,38.3,39.15,38.15,38.65,8042000,STB
2025-02-19 07:00:00,38.65,39.1,38.5,38.75,7478000,STB
2025-02-20 07:00:00,38.9,39.05,38.55,38.75,7041600,STB
2025-02-21 07:00:00,38.75,38.95,38.3,38.85,8170200,STB
2025-02-24 07:00:00,38.85,39.6,38.7,39.4,7261100,STB
2025-02-25 07:00:00,39.5,39.7,39.25,39.25,6148600,STB
2025-02-26 07:00:00,39.25,39.35,38.55,38.55,15149500,STB
2025-02-27 07:00:00,38.55,38.65,38.1,38.3,12864400,STB
2025-02-28 07:00:00,38.25,38.7,38.25,38.25,5601900,STB
2025-03-03 07:00:00,38.35,38.85,38.35,38.85,5444600,STB
2025-03-04 07:00:00,38.65,39.4,38.5,39.2,9150800,STB
2025-03-05 07:00:00,39.3,39.7,38.8,38.8,9606400,STB
2025-03-06 07:00:00,38.85,39.55,38.75,39.5,7514100,STB
2025-03-07 07:00:00,39.65,39.9,39.4,39.75,11663800,STB
2025-03-10 07:00:00,40.0,40.3,39.2,40.0,15036900,STB
2025-03-11 07:00:00,39.4,39.9,39.4,39.9,5687100,STB
2025-03-12 07:00:00,40.0,40.05,39.3,39.75,10908500,STB
2025-03-13 07:00:00,39.65,39.7,38.95,39.0,16107200,STB
2025-03-14 07:00:00,38.8,39.05,38.35,38.85,12595200,STB
2025-03-17 07:00:00,39.0,39.2,38.5,38.85,5677600,STB
2025-03-18 07:00:00,38.95,39.1,38.4,38.4,6627800,STB
2025-03-19 07:00:00,38.4,38.6,37.9,38.4,12163700,STB
2025-03-20 07:00:00,38.4,39.0,38.1,38.9,8974900,STB
2025-03-21 07:00:00,38.95,39.0,38.35,38.65,6529400,STB
2025-03-24 07:00:00,38.7,38.7,37.9,38.6,9208700,STB
2025-03-25 07:00:00,38.75,38.8,38.35,38.65,5559800,STB
2025-03-26 07:00:00,38.65,39.2,38.45,38.6,10412200,STB
2025-03-27 07:00:00,38.4,38.6,38.15,38.25,5286900,STB
2025-03-28 07:00:00,38.25,38.7,37.95,38.25,6500900,STB
2025-03-31 07:00:00,38.0,38.75,37.95,38.3,7858700,STB
2025-04-01 07:00:00,38.65,39.7,38.3,39.7,12024400,STB
2025-04-02 07:00:00,39.65,39.75,39.25,39.25,8155200,STB
2025-04-03 07:00:00,38.1,38.5,36.55,36.55,90990400,STB
2025-04-04 07:00:00,34.1,37.5,34.1,37.4,38581000,STB
2025-04-08 07:00:00,36.0,36.9,34.8,34.8,50377200,STB
2025-04-09 07:00:00,33.0,36.0,32.4,33.1,30887500,STB
2025-04-10 07:00:00,35.4,35.4,35.4,35.4,231100,STB
2025-04-11 07:00:00,35.4,37.85,35.4,37.85,45803600,STB
2025-04-14 07:00:00,37.95,38.5,37.55,37.8,12950500,STB
2025-04-15 07:00:00,37.45,38.45,37.1,38.45,16839800,STB
2025-04-16 07:00:00,38.6,38.85,38.05,38.15,9915900,STB
2025-04-17 07:00:00,38.0,38.5,37.95,38.3,12994500,STB
2025-04-18 07:00:00,38.6,39.15,38.5,38.55,14439400,STB
2025-04-21 07:00:00,38.55,41.2,37.85,40.45,34146600,STB
2025-04-22 07:00:00,40.45,40.65,37.65,40.65,32019500,STB
2025-04-23 07:00:00,41.05,41.2,40.15,40.2,13621800,STB
2025-04-24 07:00:00,40.2,40.45,39.5,40.2,13836900,STB
2025-04-25 07:00:00,40.2,40.5,39.15,39.15,23650700,STB
2025-04-28 07:00:00,39.25,39.3,38.75,39.25,9043800,STB
2025-04-29 07:00:00,39.2,39.4,38.9,39.1,4551800,STB
2025-05-05 07:00:00,39.2,39.65,38.95,39.5,5167000,STB
2025-05-06 07:00:00,39.4,39.7,38.85,38.85,8137000,STB
2025-05-07 07:00:00,38.95,39.15,38.55,38.85,9004500,STB
2025-05-08 07:00:00,38.85,39.6,38.75,39.5,9549200,STB
2025-05-09 07:00:00,39.4,40.15,39.3,39.75,15287300,STB
2025-05-12 07:00:00,39.8,40.05,39.75,40.0,17745900,STB
2025-05-13 07:00:00,40.35,40.4,39.6,40.1,13378200,STB
2025-05-14 07:00:00,40.2,40.3,39.7,40.0,11857000,STB
2025-05-15 07:00:00,40.2,41.1,40.05,40.7,18297100,STB
2025-05-16 07:00:00,40.7,40.75,39.8,39.8,8322100,STB
2025-05-19 07:00:00,39.5,39.65,38.95,39.0,15035800,STB
2025-05-20 07:00:00,39.0,39.65,39.0,39.5,10361100,STB
2025-05-21 07:00:00,39.5,42.25,39.5,41.8,39103400,STB
2025-05-22 07:00:00,41.75,42.0,41.0,41.1,9149500,STB
2025-05-23 07:00:00,41.1,41.8,40.8,41.8,10650200,STB
2025-05-26 07:00:00,41.5,41.75,40.3,41.55,10359000,STB
2025-05-27 07:00:00,41.55,42.1,41.1,41.5,8067700,STB
2025-05-28 07:00:00,41.7,41.7,41.05,41.05,7824600,STB
2025-05-29 07:00:00,41.15,41.4,40.75,41.3,7364400,STB
2025-05-30 07:00:00,41.35,41.35,40.55,40.7,8819800,STB
2025-06-02 07:00:00,40.7,42.2,40.5,41.8,11981200,STB
2025-06-03 07:00:00,41.9,42.0,41.55,41.6,5967100,STB
2025-06-04 07:00:00,41.7,41.75,41.0,41.0,7724000,STB
2025-06-05 07:00:00,41.0,41.9,41.0,41.35,10652000,STB
2025-06-06 07:00:00,41.3,42.45,41.1,41.75,15985000,STB
2025-06-09 07:00:00,41.95,42.2,41.6,41.95,7225300,STB
2025-06-10 07:00:00,42.1,44.0,42.0,42.9,15151600,STB
2025-06-11 07:00:00,43.15,43.3,42.6,42.85,6729600,STB
2025-06-12 07:00:00,43.2,45.75,43.2,45.0,20238200,STB
2025-06-13 07:00:00,44.7,45.2,44.25,44.9,13819300,STB
2025-06-16 07:00:00,44.6,45.5,44.55,45.5,8042500,STB
2025-06-17 07:00:00,45.55,46.4,45.5,46.0,8798900,STB
2025-06-18 07:00:00,46.0,47.8,45.7,47.2,12882100,STB
2025-06-19 07:00:00,47.2,47.45,46.7,47.15,8489700,STB
2025-06-20 07:00:00,47.3,47.5,46.15,46.6,10921500,STB
2025-06-23 07:00:00,46.25,47.2,46.15,46.45,6599000,STB
2025-06-24 07:00:00,46.85,47.2,46.15,46.5,10511600,STB
2025-06-25 07:00:00,46.5,47.35,46.45,46.8,6595600,STB
2025-06-26 07:00:00,47.0,47.2,46.2,46.8,9648600,STB
2025-06-27 07:00:00,47.05,47.1,46.35,46.35,5470600,STB
2025-06-30 07:00:00,46.6,47.05,46.35,46.7,6019100,STB
2025-07-01 07:00:00,46.8,46.95,46.45,46.95,6104200,STB
2025-07-02 07:00:00,47.3,48.1,47.0,47.55,9449300,STB
2025-07-03 07:00:00,47.4,47.7,46.4,46.65,14989200,STB
2025-07-04 07:00:00,46.7,47.2,46.2,47.05,9440800,STB
2025-07-07 07:00:00,47.1,48.5,47.1,47.55,8252600,STB
2025-07-08 07:00:00,47.7,48.05,47.2,47.65,6020400,STB
2025-07-09 07:00:00,48.0,48.1,47.35,47.8,9776500,STB
2025-07-10 07:00:00,47.9,47.9,47.25,47.65,8376100,STB
2025-07-11 07:00:00,47.8,48.5,47.35,47.65,10780900,STB
2025-07-14 07:00:00,47.75,48.1,47.2,47.95,8661400,STB
2025-07-15 07:00:00,48.2,49.2,47.7,47.7,9831600,STB
2025-07-16 07:00:00,47.8,48.15,47.25,47.8,9529800,STB
2025-07-17 07:00:00,48.05,48.4,47.6,47.7,9050500,STB
2025-07-18 07:00:00,48.0,50.5,47.4,50.2,26073200,STB
2025-07-21 07:00:00,50.7,50.8,49.15,49.5,10525200,STB
2025-07-22 07:00:00,49.2,49.5,48.7,49.5,9543900,STB
2025-07-23 07:00:00,49.7,49.7,48.5,48.7,15205900,STB
2025-07-24 07:00:00,48.8,49.5,48.5,49.0,10168300,STB
2025-07-25 07:00:00,49.45,49.5,48.8,48.8,7947800,STB
2025-07-28 07:00:00,48.8,49.3,48.35,49.1,15097200,STB
2025-07-29 07:00:00,49.1,50.8,48.0,48.0,24137000,STB
2025-07-30 07:00:00,48.85,50.3,48.1,49.3,17249500,STB
2025-07-31 07:00:00,49.9,50.7,49.25,49.95,18161500,STB
2025-08-01 07:00:00,50.3,50.8,49.1,49.4,13980500,STB
2025-08-04 07:00:00,48.9,50.0,48.5,50.0,10261900,STB
2025-08-05 07:00:00,50.4,53.5,49.65,51.7,34970000,STB
2025-08-06 07:00:00,52.6,54.1,52.2,54.1,12203200,STB
2025-08-07 07:00:00,54.8,55.2,52.9,54.6,14247000,STB
2025-08-08 07:00:00,54.4,54.4,52.5,54.0,15418000,STB
2025-08-11 07:00:00,53.6,53.8,52.7,53.7,11099300,STB
2025-08-12 07:00:00,53.6,54.8,53.0,54.0,7085300,STB
2025-08-13 07:00:00,54.4,54.4,52.9,53.9,8805500,STB
2025-08-14 07:00:00,54.3,56.3,53.7,55.4,16179400,STB
2025-08-15 07:00:00,55.9,56.0,53.0,53.9,13248000,STB
2025-08-18 07:00:00,53.9,53.9,52.2,52.8,12871600,STB
2025-08-19 07:00:00,52.7,53.9,52.3,53.2,10619300,STB
2025-08-20 07:00:00,53.4,54.4,51.7,54.1,25005100,STB
2025-08-21 07:00:00,54.8,57.8,54.7,57.8,26950700,STB
2025-08-22 07:00:00,57.4,59.1,54.6,55.5,21576300,STB
2025-08-25 07:00:00,56.2,56.5,51.7,53.0,22715200,STB
2025-08-26 07:00:00,52.5,55.0,52.4,55.0,12289300,STB
2025-08-27 07:00:00,55.3,56.4,54.1,55.6,15918500,STB
2025-08-28 07:00:00,55.9,56.2,54.4,54.8,8394200,STB
2025-08-29 07:00:00,55.2,55.8,54.3,55.6,13870300,STB
2025-09-03 07:00:00,56.0,56.3,55.2,56.3,7512300,STB
2025-09-04 07:00:00,56.7,56.8,55.7,56.4,7720900,STB
2025-09-05 07:00:00,56.9,57.1,54.8,56.0,11299600,STB
2025-09-08 07:00:00,55.7,56.2,53.9,54.0,11396400,STB
2025-09-09 07:00:00,53.9,54.3,53.1,54.2,6237400,STB
2025-09-10 07:00:00,54.5,54.9,53.4,53.9,7469300,STB
2025-09-11 07:00:00,54.2,55.7,52.6,55.4,12854900,STB
2025-09-12 07:00:00,55.9,55.9,55.1,55.4,6397200,STB
2025-09-15 07:00:00,55.2,56.0,54.5,56.0,8931100,STB
2025-09-16 07:00:00,56.4,56.9,55.9,56.1,6628000,STB
2025-09-17 07:00:00,56.3,56.6,55.5,56.2,8281600,STB
2025-09-18 07:00:00,56.5,57.3,55.8,57.0,8193300,STB
2025-09-19 07:00:00,57.4,57.5,55.2,55.2,14993400,STB
2025-09-22 07:00:00,55.5,55.7,53.6,54.8,8456900,STB
2025-09-23 07:00:00,55.2,55.7,54.5,55.4,5215300,STB
2025-09-24 07:00:00,55.4,57.0,54.5,57.0,6866400,STB
2025-09-25 07:00:00,57.2,57.2,56.0,56.9,6594300,STB
2025-09-26 07:00:00,56.9,56.9,55.9,56.5,6010100,STB
2025-09-29 07:00:00,56.5,56.6,55.4,56.6,5361700,STB
2025-09-30 07:00:00,56.6,57.1,56.0,56.9,8892800,STB
2025-10-01 07:00:00,57.1,59.8,56.7,59.8,18440100,STB
2025-10-02 07:00:00,60.0,60.3,58.0,58.7,8412100,STB
2025-10-03 07:00:00,58.6,58.6,57.0,57.0,9437900,STB
2025-10-06 07:00:00,58.0,59.8,57.1,59.8,10349900,STB
2025-10-07 07:00:00,60.0,60.4,58.5,58.5,7496400,STB
2025-10-08 07:00:00,58.6,60.0,58.5,59.9,10390300,STB
2025-10-09 07:00:00,60.3,61.0,59.7,60.0,9593000,STB
2025-10-10 07:00:00,60.2,60.4,59.2,60.4,8202400,STB
2025-10-13 07:00:00,59.9,61.0,59.3,61.0,7743200,STB
2025-10-14 07:00:00,61.1,61.3,60.1,60.6,7039200,STB
2025-10-15 07:00:00,60.2,60.8,60.0,60.0,3805800,STB
2025-10-16 07:00:00,60.1,60.4,58.5,59.5,10235300,STB
2025-10-17 07:00:00,59.0,59.3,58.1,59.0,6674400,STB
2025-10-20 07:00:00,58.6,58.8,54.9,54.9,13295700,STB
2025-10-21 07:00:00,55.5,55.6,53.0,55.6,11955700,STB
2025-10-22 07:00:00,55.7,55.7,53.5,55.4,5680600,STB
2025-10-23 07:00:00,55.4,55.9,54.7,55.6,5822500,STB
2025-10-24 07:00:00,55.2,55.5,53.6,54.5,7394000,STB
2025-10-27 07:00:00,54.5,55.3,53.5,54.6,4852600,STB
2025-10-28 07:00:00,54.4,56.8,53.6,56.8,6598200,STB
2025-10-29 07:00:00,56.8,58.1,56.5,57.2,5986100,STB
2025-10-30 07:00:00,57.2,57.3,56.4,56.9,3281900,STB
2025-10-31 07:00:00,56.7,57.2,55.5,55.5,3469600,STB
2025-11-03 07:00:00,55.4,55.8,52.3,52.3,6619800,STB
2025-11-04 07:00:00,52.0,54.8,51.7,53.9,11567100,STB
2025-11-05 07:00:00,53.5,54.5,53.2,53.5,4422600,STB
2025-11-06 07:00:00,53.5,53.8,51.9,51.9,7748900,STB
2025-11-07 07:00:00,51.7,51.9,48.35,48.35,20318100,STB
2025-11-10 07:00:00,48.5,49.4,48.35,48.5,8290900,STB
2025-11-11 07:00:00,48.7,49.65,47.45,49.65,8621000,STB
2025-11-12 07:00:00,49.7,50.6,48.85,50.6,8640000,STB
2025-11-13 07:00:00,50.5,50.5,48.55,48.7,17041000,STB
2025-11-14 07:00:00,48.6,48.65,47.4,48.05,14304600,STB
2025-11-17 07:00:00,48.1,49.05,47.9,48.9,10169700,STB
2025-11-18 07:00:00,48.9,49.65,48.5,49.5,8541600,STB
2025-11-19 07:00:00,49.45,50.3,49.05,49.5,9515600,STB
2025-11-20 07:00:00,49.5,49.8,49.1,49.5,5896100,STB
2025-11-21 07:00:00,49.05,51.3,48.9,51.3,10132900,STB
2025-11-24 07:00:00,51.5,51.5,50.0,50.0,6116900,STB
2025-11-25 07:00:00,50.0,51.0,49.75,50.0,5219100,STB
2025-11-26 07:00:00,50.1,51.2,49.95,49.95,7616300,STB
2025-11-27 07:00:00,49.8,50.6,49.3,49.3,3672600,STB
2025-11-28 07:00:00,49.0,49.55,48.6,48.6,4671200,STB
2025-12-01 07:00:00,48.7,49.6,48.65,49.0,3344100,STB
2025-12-02 07:00:00,49.0,49.65,49.0,49.4,5477800,STB
2025-12-03 07:00:00,49.2,50.9,49.2,49.7,7311300,STB
2025-12-04 07:00:00,50.0,51.0,49.95,50.2,7179800,STB
2025-12-05 07:00:00,50.6,50.6,49.2,49.2,6092100,STB
2025-12-08 07:00:00,49.2,49.25,48.7,48.7,4224200,STB
2025-12-09 07:00:00,48.35,49.25,48.05,48.55,10646500,STB
2025-12-10 07:00:00,48.45,48.65,48.4,48.6,5984100,STB
2025-12-11 07:00:00,48.4,48.6,47.7,47.7,6162200,STB
2025-12-12 07:00:00,47.7,48.5,46.0,46.0,8811500,STB
2025-12-15 07:00:00,46.05,47.2,45.95,46.8,6054400,STB
2025-12-16 07:00:00,46.5,48.2,46.5,47.05,5417200,STB
2025-12-17 07:00:00,47.2,47.8,47.1,47.2,4055200,STB
2025-12-18 07:00:00,47.0,48.0,46.9,48.0,5520600,STB
2025-12-19 07:00:00,47.7,49.0,47.7,49.0,7229300,STB
2025-12-22 07:00:00,49.3,52.4,48.6,52.4,13019000,STB
2025-12-23 07:00:00,54.7,56.0,54.2,56.0,8408800,STB
2025-12-24 07:00:00,58.8,58.8,56.6,58.7,19984100,STB
2025-12-25 07:00:00,58.3,58.6,55.9,55.9,15350700,STB
2025-12-26 07:00:00,55.5,57.5,53.1,57.5,17485500,STB
2025-12-29 07:00:00,58.2,60.4,58.1,59.9,22403400,STB
2025-12-30 07:00:00,60.3,60.8,58.5,60.0,19183500,STB
2025-12-31 07:00:00,59.6,60.2,58.0,58.0,14589500,STB
2026-01-05 07:00:00,58.2,58.3,56.0,57.9,18337600,STB
2026-01-06 07:00:00,57.5,58.7,56.7,56.7,12705700,STB
2026-01-07 07:00:00,55.6,55.9,52.8,53.4,53941300,STB
2026-01-08 07:00:00,53.7,55.2,53.1,53.5,16488100,STB
2026-01-09 07:00:00,53.6,54.3,51.5,51.8,21551500,STB
2026-01-12 07:00:00,51.5,54.3,51.1,53.8,21181100,STB
2026-01-13 07:00:00,53.8,55.2,53.7,54.1,18230000,STB
2026-01-14 07:00:00,53.9,55.1,53.8,54.1,14857600,STB
2026-01-15 07:00:00,53.8,57.8,53.7,57.8,23196000,STB
2026-01-16 07:00:00,59.4,60.6,57.9,58.4,18237000,STB
2026-01-19 07:00:00,58.0,58.7,57.6,58.3,8938300,STB
2026-01-20 07:00:00,58.2,60.9,58.1,58.1,16114900,STB
2026-01-21 07:00:00,57.6,62.1,57.2,62.1,25967900,STB
2026-01-22 07:00:00,63.0,66.4,63.0,63.5,17206700,STB
2026-01-23 07:00:00,63.2,66.1,62.6,62.6,16451000,STB
2026-01-26 07:00:00,63.0,63.8,61.6,62.0,14884400,STB
2026-01-27 07:00:00,62.0,63.3,61.0,61.9,12496700,STB
2026-01-28 07:00:00,62.0,65.6,61.9,63.2,12810300,STB
2026-01-29 07:00:00,64.0,64.4,62.6,62.8,7052500,STB
2026-01-30 07:00:00,62.8,65.0,62.7,63.0,9372100,STB
2026-02-02 07:00:00,63.0,64.0,62.0,63.5,12216000,STB
2026-02-03 07:00:00,64.0,64.5,62.7,63.0,10152200,STB
2026-02-04 07:00:00,62.8,64.6,62.6,63.8,11683400,STB
2026-02-05 07:00:00,63.8,65.0,62.3,62.3,10907100,STB
2026-02-06 07:00:00,61.8,62.4,60.8,61.5,14979600,STB
2026-02-09 07:00:00,61.6,62.1,60.3,60.3,5613100,STB
2026-02-10 07:00:00,60.3,60.7,59.0,59.5,15767700,STB
2026-02-11 07:00:00,59.3,62.9,59.3,61.1,8440100,STB
2026-02-12 07:00:00,61.2,62.7,61.1,61.1,4636600,STB
2026-02-13 07:00:00,61.2,62.6,61.1,62.6,8998200,STB
2026-02-23 07:00:00,62.5,63.7,62.5,62.9,5818900,STB
2026-02-24 07:00:00,63.2,64.2,63.0,63.4,7967200,STB
2026-02-25 07:00:00,63.4,67.8,63.4,66.7,20065800,STB
2026-02-26 07:00:00,66.8,67.3,65.6,67.0,8140000,STB
2026-02-27 07:00:00,66.9,67.2,65.5,65.5,7079500,STB
2026-03-02 07:00:00,65.1,70.0,64.1,67.0,22266500,STB
2026-03-03 07:00:00,67.0,70.2,67.0,67.8,10142700,STB
2026-03-04 07:00:00,67.6,68.1,65.3,66.7,15992100,STB
2026-03-05 07:00:00,67.6,68.7,64.9,64.9,11705000,STB
2026-03-06 07:00:00,64.9,65.4,62.6,63.8,9695500,STB
2026-03-09 07:00:00,59.4,64.1,59.4,60.8,34718500,STB
2026-03-10 07:00:00,63.0,65.0,62.6,65.0,21117100,STB
2026-03-11 07:00:00,65.1,67.4,64.5,66.3,9254700,STB
2026-03-12 07:00:00,65.6,67.1,65.1,65.7,6081700,STB
2026-03-13 07:00:00,65.0,67.0,64.9,65.8,6921900,STB
2026-03-16 07:00:00,65.7,68.9,65.6,66.6,10881400,STB
2026-03-17 07:00:00,67.0,69.2,67.0,67.6,8825000,STB
2026-03-18 07:00:00,67.7,68.8,62.9,63.3,33645200,STB
2026-03-19 07:00:00,63.3,64.7,62.1,63.4,11631900,STB
2026-03-20 07:00:00,63.1,64.0,62.7,63.4,9388100,STB
2026-03-23 07:00:00,62.4,62.9,60.0,60.0,8986900,STB
2026-03-24 07:00:00,61.1,62.0,60.5,60.8,6025600,STB
2026-03-25 07:00:00,61.3,62.7,61.1,62.2,5688900,STB
2026-03-26 07:00:00,62.0,62.1,60.3,60.6,5034300,STB
2026-03-27 07:00:00,60.5,60.7,59.7,59.9,9368300,STB
2026-03-30 07:00:00,58.9,63.4,58.1,61.2,7574900,STB
2026-03-31 07:00:00,61.2,62.7,61.2,62.2,5233600,STB
2026-04-01 07:00:00,62.8,63.7,62.2,62.2,3187200,STB
2026-04-02 07:00:00,61.6,62.1,60.7,61.1,6494800,STB
2026-04-03 07:00:00,60.8,62.3,60.6,60.8,4610800,STB
2026-04-06 07:00:00,60.8,62.1,59.6,61.2,4204600,STB
2026-04-07 07:00:00,61.5,62.0,61.0,61.7,2931800,STB
2026-04-08 07:00:00,63.5,66.0,63.1,66.0,9822700,STB
2026-04-09 07:00:00,65.9,68.8,65.5,66.3,11522600,STB
2026-04-10 07:00:00,66.3,68.7,66.1,66.9,10148800,STB
2026-04-13 07:00:00,66.3,68.7,66.0,67.3,5230900,STB
2026-04-14 07:00:00,67.9,68.2,66.1,66.1,4179900,STB
2026-04-15 07:00:00,66.4,66.5,64.3,64.3,6883400,STB
2026-04-16 07:00:00,64.5,65.5,63.5,63.8,4595200,STB
2026-04-17 07:00:00,64.0,65.2,63.9,64.0,3714500,STB
2026-04-20 07:00:00,64.5,65.2,64.1,64.2,2566400,STB
2026-04-21 07:00:00,68.0,68.6,66.9,67.7,14144000,STB
2026-04-22 07:00:00,68.4,69.2,66.5,66.5,8519100,STB
2026-04-23 07:00:00,66.7,67.0,65.2,65.4,7987700,STB
2026-04-24 07:00:00,65.4,65.5,64.8,64.9,2756500,STB
2026-04-28 07:00:00,65.9,69.3,65.1,68.1,8214800,STB
2026-04-29 07:00:00,67.8,68.9,67.3,67.5,4951500,STB
2026-05-04 07:00:00,67.6,68.1,66.2,66.2,4121200,STB
2026-05-05 07:00:00,66.2,67.0,65.8,66.6,1905800,STB
2023-05-08 07:00:00,6.8,6.92,6.77,6.89,11705900,SHB
2023-05-09 07:00:00,6.95,6.95,6.86,6.89,9545300,SHB
2023-05-10 07:00:00,6.92,7.17,6.89,7.14,23806100,SHB
2023-05-11 07:00:00,7.2,7.2,7.08,7.08,12872400,SHB
2023-05-12 07:00:00,7.08,7.14,7.01,7.14,12573700,SHB
2023-05-15 07:00:00,7.2,7.26,7.08,7.08,17658500,SHB
2023-05-16 07:00:00,7.11,7.17,7.01,7.14,20975300,SHB
2023-05-17 07:00:00,7.14,7.2,6.98,7.2,30171800,SHB
2023-05-18 07:00:00,7.2,7.2,7.08,7.14,16313600,SHB
2023-05-19 07:00:00,7.14,7.29,7.04,7.26,35423200,SHB
2023-05-22 07:00:00,7.26,7.38,7.2,7.38,32463400,SHB
2023-05-23 07:00:00,7.38,7.44,7.2,7.35,23591700,SHB
2023-05-24 07:00:00,7.38,7.38,7.23,7.29,25117600,SHB
2023-05-25 07:00:00,7.26,7.26,7.08,7.23,31823800,SHB
2023-05-26 07:00:00,7.23,7.23,7.11,7.11,20266500,SHB
2023-05-29 07:00:00,7.17,7.26,7.14,7.2,18598300,SHB
2023-05-30 07:00:00,7.2,7.26,7.17,7.23,12309000,SHB
2023-05-31 07:00:00,7.26,7.29,7.2,7.23,27507000,SHB
2023-06-01 07:00:00,7.23,7.26,7.17,7.23,20001400,SHB
2023-06-02 07:00:00,7.35,7.51,7.32,7.41,46106300,SHB
2023-06-05 07:00:00,7.54,7.63,7.44,7.6,44911100,SHB
2023-06-06 07:00:00,7.51,7.69,7.51,7.69,30953000,SHB
2023-06-07 07:00:00,7.69,7.75,7.54,7.57,40764600,SHB
2023-06-08 07:00:00,7.57,7.6,7.41,7.51,45928500,SHB
2023-06-09 07:00:00,7.54,7.54,7.35,7.48,24689500,SHB
2023-06-12 07:00:00,7.54,7.57,7.41,7.51,14184100,SHB
2023-06-13 07:00:00,7.57,7.63,7.51,7.54,20571800,SHB
2023-06-14 07:00:00,7.57,7.72,7.54,7.72,49010700,SHB
2023-06-15 07:00:00,7.69,7.75,7.57,7.66,21630700,SHB
2023-06-16 07:00:00,7.69,7.88,7.63,7.75,42911900,SHB
2023-06-19 07:00:00,7.75,7.9,7.69,7.88,39105500,SHB
2023-06-20 07:00:00,7.94,7.94,7.75,7.81,18451100,SHB
2023-06-21 07:00:00,7.84,7.88,7.75,7.81,24787400,SHB
2023-06-22 07:00:00,7.84,7.9,7.81,7.81,20290400,SHB
2023-06-23 07:00:00,7.88,8.0,7.81,7.88,21561700,SHB
2023-06-26 07:00:00,7.9,7.97,7.78,7.84,22108100,SHB
2023-06-27 07:00:00,7.84,7.9,7.78,7.81,11679200,SHB
2023-06-28 07:00:00,7.84,7.94,7.81,7.9,16756900,SHB
2023-06-29 07:00:00,7.94,7.97,7.75,7.75,16040200,SHB
2023-06-30 07:00:00,7.75,7.78,7.69,7.69,11530000,SHB
2023-07-03 07:00:00,7.72,8.06,7.72,7.97,34880800,SHB
2023-07-04 07:00:00,8.06,8.21,8.0,8.15,29818700,SHB
2023-07-05 07:00:00,8.24,8.24,8.09,8.09,16471900,SHB
2023-07-06 07:00:00,8.09,8.15,7.9,8.03,26816000,SHB
2023-07-07 07:00:00,8.09,8.34,8.03,8.3,25163700,SHB
2023-07-10 07:00:00,8.37,8.4,8.28,8.3,21295600,SHB
2023-07-11 07:00:00,8.37,8.46,8.3,8.37,20698000,SHB
2023-07-12 07:00:00,8.37,8.46,8.28,8.46,20320400,SHB
2023-07-13 07:00:00,8.46,8.52,8.4,8.49,15370000,SHB
2023-07-14 07:00:00,8.55,8.55,8.3,8.43,17825300,SHB
2023-07-17 07:00:00,8.49,8.49,8.4,8.43,12225400,SHB
2023-07-18 07:00:00,8.55,8.74,8.49,8.7,24216300,SHB
2023-07-19 07:00:00,8.77,8.8,8.67,8.67,14338100,SHB
2023-07-20 07:00:00,8.67,8.89,8.64,8.83,25642800,SHB
2023-07-21 07:00:00,8.83,8.98,8.83,8.86,37116300,SHB
2023-07-24 07:00:00,9.15,9.22,9.08,9.15,23603900,SHB
2023-07-25 07:00:00,9.22,9.37,9.11,9.15,19097700,SHB
2023-07-26 07:00:00,9.19,9.19,9.08,9.15,14670100,SHB
2023-07-27 07:00:00,9.15,9.15,8.97,9.08,20487700,SHB
2023-07-28 07:00:00,9.04,9.19,8.97,9.15,15324900,SHB
2023-07-31 07:00:00,9.15,9.22,9.08,9.15,19314300,SHB
2023-08-01 07:00:00,9.15,9.26,9.11,9.11,21059400,SHB
2023-08-02 07:00:00,9.11,9.19,9.08,9.19,19386700,SHB
2023-08-03 07:00:00,9.22,9.22,9.11,9.19,15685300,SHB
2023-08-04 07:00:00,9.22,9.66,9.19,9.66,42082400,SHB
2023-08-07 07:00:00,9.66,9.88,9.66,9.77,26413300,SHB
2023-08-08 07:00:00,9.84,9.84,9.62,9.62,23779300,SHB
2023-08-09 07:00:00,9.59,9.73,9.51,9.55,18462400,SHB
2023-08-10 07:00:00,9.55,9.62,9.37,9.4,20079800,SHB
2023-08-11 07:00:00,9.4,9.51,9.22,9.4,20189600,SHB
2023-08-14 07:00:00,9.44,9.48,9.33,9.4,21803200,SHB
2023-08-15 07:00:00,9.4,9.51,9.37,9.4,14745000,SHB
2023-08-16 07:00:00,9.4,9.51,9.33,9.37,16732100,SHB
2023-08-17 07:00:00,9.4,9.44,9.33,9.33,17716400,SHB
2023-08-18 07:00:00,9.33,9.33,8.71,8.71,37958200,SHB
2023-08-21 07:00:00,8.64,8.93,8.53,8.82,26208600,SHB
2023-08-22 07:00:00,8.86,8.9,8.53,8.79,17962900,SHB
2023-08-23 07:00:00,8.86,8.9,8.64,8.71,16809600,SHB
2023-08-24 07:00:00,8.71,8.79,8.64,8.79,14319400,SHB
2023-08-25 07:00:00,8.79,8.79,8.68,8.68,13010600,SHB
2023-08-28 07:00:00,8.71,8.82,8.68,8.79,16026400,SHB
2023-08-29 07:00:00,8.82,9.0,8.79,8.9,19938200,SHB
2023-08-30 07:00:00,8.9,8.97,8.86,8.9,14692100,SHB
2023-08-31 07:00:00,8.97,9.04,8.9,9.04,18939200,SHB
2023-09-05 07:00:00,9.08,9.37,9.08,9.19,35375400,SHB
2023-09-06 07:00:00,9.19,9.3,9.15,9.19,21253400,SHB
2023-09-07 07:00:00,9.22,9.4,9.22,9.26,35277000,SHB
2023-09-08 07:00:00,9.3,9.33,9.22,9.22,20588000,SHB
2023-09-11 07:00:00,9.3,9.3,8.93,8.93,33796000,SHB
2023-09-12 07:00:00,9.0,9.11,8.86,9.11,22481000,SHB
2023-09-13 07:00:00,9.15,9.19,8.93,8.97,20550400,SHB
2023-09-14 07:00:00,9.0,9.19,8.93,8.93,28077200,SHB
2023-09-15 07:00:00,9.0,9.08,8.86,8.86,24922900,SHB
2023-09-18 07:00:00,8.9,8.97,8.75,8.79,18750500,SHB
2023-09-19 07:00:00,8.79,8.82,8.68,8.75,25801200,SHB
2023-09-20 07:00:00,8.75,8.9,8.75,8.86,15624200,SHB
2023-09-21 07:00:00,8.86,8.9,8.71,8.75,17850800,SHB
2023-09-22 07:00:00,8.64,8.68,8.35,8.57,35085800,SHB
2023-09-25 07:00:00,8.57,8.6,7.99,7.99,25602400,SHB
2023-09-26 07:00:00,7.99,8.2,7.84,7.84,21999300,SHB
2023-09-27 07:00:00,7.88,8.06,7.7,8.06,17665700,SHB
2023-09-28 07:00:00,8.06,8.1,7.88,7.95,13798000,SHB
2023-09-29 07:00:00,8.02,8.2,7.99,8.06,9411500,SHB
2023-10-02 07:00:00,8.06,8.13,7.99,8.02,9452300,SHB
2023-10-03 07:00:00,7.99,7.99,7.55,7.66,22388900,SHB
2023-10-04 07:00:00,7.59,7.81,7.55,7.73,10565200,SHB
2023-10-05 07:00:00,7.77,7.84,7.62,7.62,9199400,SHB
2023-10-06 07:00:00,7.62,7.84,7.62,7.77,10540400,SHB
2023-10-09 07:00:00,7.77,7.84,7.73,7.81,8030100,SHB
2023-10-10 07:00:00,7.84,7.99,7.84,7.88,9836600,SHB
2023-10-11 07:00:00,7.92,7.95,7.84,7.92,5611200,SHB
2023-10-12 07:00:00,7.92,8.02,7.88,7.88,9658800,SHB
2023-10-13 07:00:00,7.88,7.88,7.77,7.84,10665600,SHB
2023-10-16 07:00:00,7.81,7.88,7.7,7.7,8104700,SHB
2023-10-17 07:00:00,7.73,7.81,7.7,7.7,6011600,SHB
2023-10-18 07:00:00,7.7,7.73,7.44,7.55,16578300,SHB
2023-10-19 07:00:00,7.55,7.7,7.44,7.48,12093800,SHB
2023-10-20 07:00:00,7.48,7.62,7.37,7.59,12147300,SHB
2023-10-23 07:00:00,7.59,7.62,7.44,7.48,10820700,SHB
2023-10-24 07:00:00,7.52,7.77,7.52,7.7,12194300,SHB
2023-10-25 07:00:00,7.73,7.77,7.62,7.66,7658400,SHB
2023-10-26 07:00:00,7.55,7.59,7.25,7.3,29068200,SHB
2023-10-27 07:00:00,7.37,7.48,7.3,7.48,11621700,SHB
2023-10-30 07:00:00,7.44,7.48,7.37,7.37,5736800,SHB
2023-10-31 07:00:00,7.41,7.48,7.33,7.33,11478500,SHB
2023-11-01 07:00:00,7.41,7.55,7.33,7.52,13699300,SHB
2023-11-02 07:00:00,7.59,7.92,7.52,7.92,19000100,SHB
2023-11-03 07:00:00,7.95,7.95,7.77,7.77,14074100,SHB
2023-11-06 07:00:00,7.84,8.02,7.77,7.99,17260100,SHB
2023-11-07 07:00:00,7.99,8.02,7.88,7.88,13519700,SHB
2023-11-08 07:00:00,7.92,8.24,7.81,8.24,24198400,SHB
2023-11-09 07:00:00,8.28,8.35,8.13,8.17,20231400,SHB
2023-11-10 07:00:00,8.13,8.2,8.02,8.1,18138000,SHB
2023-11-13 07:00:00,8.1,8.2,7.95,8.02,12017700,SHB
2023-11-14 07:00:00,8.13,8.53,8.06,8.31,32216100,SHB
2023-11-15 07:00:00,8.46,8.6,8.31,8.39,31704700,SHB
2023-11-16 07:00:00,8.35,8.42,8.28,8.42,11150500,SHB
2023-11-17 07:00:00,8.42,8.5,8.06,8.13,26957600,SHB
2023-11-20 07:00:00,7.92,8.24,7.92,8.13,17133900,SHB
2023-11-21 07:00:00,8.2,8.24,8.1,8.17,8852800,SHB
2023-11-22 07:00:00,8.13,8.2,8.1,8.2,11997300,SHB
2023-11-23 07:00:00,8.2,8.28,7.95,7.95,15369400,SHB
2023-11-24 07:00:00,8.02,8.02,7.73,7.95,17194500,SHB
2023-11-27 07:00:00,7.95,7.99,7.77,7.81,11091400,SHB
2023-11-28 07:00:00,7.84,7.92,7.7,7.88,9993900,SHB
2023-11-29 07:00:00,7.92,7.95,7.84,7.88,7753300,SHB
2023-11-30 07:00:00,7.92,7.99,7.84,7.84,10150600,SHB
2023-12-01 07:00:00,7.88,7.92,7.77,7.88,8201500,SHB
2023-12-04 07:00:00,7.92,8.13,7.88,8.06,28183300,SHB
2023-12-05 07:00:00,8.1,8.13,7.95,7.95,14941800,SHB
2023-12-06 07:00:00,7.99,8.02,7.95,7.99,14120300,SHB
2023-12-07 07:00:00,8.02,8.2,7.95,8.02,35304300,SHB
2023-12-08 07:00:00,8.02,8.13,7.95,7.99,18858900,SHB
2023-12-11 07:00:00,8.02,8.13,7.99,8.1,21548500,SHB
2023-12-12 07:00:00,8.1,8.17,8.06,8.06,20437000,SHB
2023-12-13 07:00:00,8.1,8.13,7.92,7.92,20473000,SHB
2023-12-14 07:00:00,7.95,7.99,7.84,7.84,20159300,SHB
2023-12-15 07:00:00,7.88,7.95,7.81,7.84,18982500,SHB
2023-12-18 07:00:00,7.88,7.88,7.73,7.77,13536500,SHB
2023-12-19 07:00:00,7.73,7.81,7.7,7.77,14404500,SHB
2023-12-20 07:00:00,7.81,7.84,7.73,7.77,6805400,SHB
2023-12-21 07:00:00,7.73,7.81,7.73,7.73,9622900,SHB
2023-12-22 07:00:00,7.77,7.84,7.73,7.77,10060700,SHB
2023-12-25 07:00:00,7.77,7.88,7.77,7.81,8682700,SHB
2023-12-26 07:00:00,7.84,7.88,7.77,7.77,14659900,SHB
2023-12-27 07:00:00,7.81,7.84,7.77,7.81,7825600,SHB
2023-12-28 07:00:00,7.84,7.88,7.77,7.84,9635700,SHB
2023-12-29 07:00:00,7.88,7.95,7.84,7.84,11755200,SHB
2024-01-02 07:00:00,7.92,8.06,7.88,7.95,24644400,SHB
2024-01-03 07:00:00,7.95,8.17,7.95,8.17,30250300,SHB
2024-01-04 07:00:00,8.2,8.53,8.17,8.31,61540800,SHB
2024-01-05 07:00:00,8.35,8.42,8.24,8.39,39860300,SHB
2024-01-08 07:00:00,8.46,8.53,8.39,8.5,38345000,SHB
2024-01-09 07:00:00,8.5,8.53,8.39,8.5,29818900,SHB
2024-01-10 07:00:00,8.5,8.86,8.42,8.71,94309700,SHB
2024-01-11 07:00:00,8.79,9.0,8.71,8.79,46145100,SHB
2024-01-12 07:00:00,8.64,9.04,8.6,8.93,64609000,SHB
2024-01-15 07:00:00,9.0,9.08,8.82,8.82,37220600,SHB
2024-01-16 07:00:00,8.75,8.86,8.68,8.86,34299500,SHB
2024-01-17 07:00:00,8.86,8.97,8.71,8.71,37162700,SHB
2024-01-18 07:00:00,8.71,8.79,8.68,8.75,25144200,SHB
2024-01-19 07:00:00,8.82,8.86,8.75,8.82,23405300,SHB
2024-01-22 07:00:00,8.93,8.93,8.79,8.82,31809400,SHB
2024-01-23 07:00:00,8.82,8.9,8.75,8.79,31040200,SHB
2024-01-24 07:00:00,8.79,9.0,8.75,8.86,50211100,SHB
2024-01-25 07:00:00,8.9,8.97,8.86,8.9,27265300,SHB
2024-01-26 07:00:00,8.93,8.97,8.9,8.97,21716100,SHB
2024-01-29 07:00:00,9.0,9.08,8.93,8.93,21319800,SHB
2024-01-30 07:00:00,8.93,8.97,8.86,8.93,17116200,SHB
2024-01-31 07:00:00,8.86,8.9,8.35,8.42,127103200,SHB
2024-02-01 07:00:00,8.42,8.53,8.35,8.42,20166700,SHB
2024-02-02 07:00:00,8.46,8.5,8.24,8.31,37979500,SHB
2024-02-05 07:00:00,8.28,8.6,8.28,8.53,38726900,SHB
2024-02-06 07:00:00,8.6,8.6,8.39,8.39,17876400,SHB
2024-02-07 07:00:00,8.42,8.53,8.39,8.46,22741700,SHB
2024-02-15 07:00:00,8.53,8.82,8.5,8.64,44486100,SHB
2024-02-16 07:00:00,8.71,8.79,8.6,8.64,21019400,SHB
2024-02-19 07:00:00,8.71,8.79,8.6,8.71,24126700,SHB
2024-02-20 07:00:00,8.71,8.79,8.57,8.6,23238900,SHB
2024-02-21 07:00:00,8.64,8.71,8.57,8.64,21821800,SHB
2024-02-22 07:00:00,8.71,8.97,8.68,8.79,44912900,SHB
2024-02-23 07:00:00,8.79,8.93,8.6,8.6,50663100,SHB
2024-02-26 07:00:00,8.6,8.64,8.5,8.53,29265300,SHB
2024-02-27 07:00:00,8.57,8.64,8.5,8.64,26092000,SHB
2024-02-28 07:00:00,8.68,8.68,8.57,8.64,20482500,SHB
2024-02-29 07:00:00,8.71,8.75,8.53,8.57,30596500,SHB
2024-03-01 07:00:00,8.6,8.64,8.53,8.64,27245500,SHB
2024-03-04 07:00:00,8.68,8.71,8.57,8.6,24834600,SHB
2024-03-05 07:00:00,8.6,8.64,8.5,8.6,22722100,SHB
2024-03-06 07:00:00,8.57,8.75,8.53,8.57,32546300,SHB
2024-03-07 07:00:00,8.6,8.68,8.53,8.64,20274600,SHB
2024-03-08 07:00:00,8.68,8.71,8.5,8.5,26197800,SHB
2024-03-11 07:00:00,8.5,8.5,8.24,8.28,30059500,SHB
2024-03-12 07:00:00,8.24,8.31,8.17,8.2,22463200,SHB
2024-03-13 07:00:00,8.2,8.42,8.2,8.39,14856700,SHB
2024-03-14 07:00:00,8.42,8.42,8.28,8.31,17674100,SHB
2024-03-15 07:00:00,8.31,8.35,8.24,8.28,17712000,SHB
2024-03-18 07:00:00,8.28,8.35,7.99,8.1,32002900,SHB
2024-03-19 07:00:00,8.13,8.2,8.1,8.13,11493200,SHB
2024-03-20 07:00:00,8.13,8.31,8.06,8.24,23446700,SHB
2024-03-21 07:00:00,8.31,8.39,8.24,8.31,21466000,SHB
2024-03-22 07:00:00,8.39,8.5,8.31,8.39,26765800,SHB
2024-03-25 07:00:00,8.39,8.42,8.31,8.31,20815200,SHB
2024-03-26 07:00:00,8.31,8.39,8.28,8.35,15216500,SHB
2024-03-27 07:00:00,8.35,8.42,8.31,8.35,12277600,SHB
2024-03-28 07:00:00,8.39,8.46,8.35,8.42,14016400,SHB
2024-03-29 07:00:00,8.42,8.42,8.28,8.28,18015800,SHB
2024-04-01 07:00:00,8.31,8.35,8.24,8.31,13432900,SHB
2024-04-02 07:00:00,8.28,8.28,8.17,8.28,21361600,SHB
2024-04-03 07:00:00,8.28,8.28,8.13,8.17,21717300,SHB
2024-04-04 07:00:00,8.2,8.2,8.13,8.13,14842200,SHB
2024-04-05 07:00:00,8.1,8.13,8.06,8.1,13620200,SHB
2024-04-08 07:00:00,8.1,8.13,8.02,8.06,12703600,SHB
2024-04-09 07:00:00,8.1,8.17,8.02,8.13,11963700,SHB
2024-04-10 07:00:00,8.17,8.24,8.13,8.13,9097700,SHB
2024-04-11 07:00:00,8.1,8.17,8.06,8.06,12380200,SHB
2024-04-12 07:00:00,8.13,8.2,8.06,8.2,25354700,SHB
2024-04-15 07:00:00,8.31,8.75,8.17,8.24,98763600,SHB
2024-04-16 07:00:00,8.35,8.46,8.17,8.35,33215700,SHB
2024-04-17 07:00:00,8.46,8.46,8.06,8.06,32443000,SHB
2024-04-19 07:00:00,8.13,8.24,8.06,8.1,38197000,SHB
2024-04-22 07:00:00,8.2,8.28,8.1,8.17,17333300,SHB
2024-04-23 07:00:00,8.17,8.2,7.88,7.95,31267100,SHB
2024-04-24 07:00:00,8.02,8.2,8.02,8.13,15691500,SHB
2024-04-25 07:00:00,8.13,8.17,8.06,8.06,13148000,SHB
2024-04-26 07:00:00,8.1,8.42,8.1,8.31,33004200,SHB
2024-05-02 07:00:00,8.35,8.57,8.31,8.5,31406100,SHB
2024-05-03 07:00:00,8.57,8.6,8.39,8.42,21211100,SHB
2024-05-06 07:00:00,8.46,8.53,8.42,8.53,27188100,SHB
2024-05-07 07:00:00,8.57,8.57,8.42,8.46,18188200,SHB
2024-05-08 07:00:00,8.42,8.79,8.35,8.64,59796500,SHB
2024-05-09 07:00:00,8.68,8.79,8.53,8.53,24163300,SHB
2024-05-10 07:00:00,8.57,8.6,8.42,8.42,18443900,SHB
2024-05-13 07:00:00,8.46,8.53,8.42,8.46,21834800,SHB
2024-05-14 07:00:00,8.5,8.57,8.39,8.42,16888200,SHB
2024-05-15 07:00:00,8.46,8.5,8.39,8.42,21585100,SHB
2024-05-16 07:00:00,8.5,8.6,8.46,8.6,36799200,SHB
2024-05-17 07:00:00,8.64,8.93,8.6,8.71,67025200,SHB
2024-05-20 07:00:00,8.82,8.86,8.57,8.6,36329900,SHB
2024-05-21 07:00:00,8.6,8.64,8.5,8.6,36868000,SHB
2024-05-22 07:00:00,8.64,8.64,8.46,8.46,38630600,SHB
2024-05-23 07:00:00,8.46,8.53,8.39,8.53,26704200,SHB
2024-05-24 07:00:00,8.46,8.57,8.35,8.39,39082500,SHB
2024-05-27 07:00:00,8.42,8.46,8.35,8.42,12436200,SHB
2024-05-28 07:00:00,8.42,8.5,8.39,8.5,14796200,SHB
2024-05-29 07:00:00,8.5,8.53,8.35,8.39,24388500,SHB
2024-05-30 07:00:00,8.35,8.39,8.24,8.28,25838100,SHB
2024-05-31 07:00:00,8.31,8.35,8.28,8.28,14564200,SHB
2024-06-03 07:00:00,8.35,8.53,8.31,8.46,20648900,SHB
2024-06-04 07:00:00,8.5,8.5,8.39,8.39,16264000,SHB
2024-06-05 07:00:00,8.42,8.46,8.35,8.39,19415000,SHB
2024-06-06 07:00:00,8.42,8.79,8.35,8.6,69364500,SHB
2024-06-07 07:00:00,8.64,8.71,8.53,8.57,17165700,SHB
2024-06-10 07:00:00,8.64,8.68,8.46,8.53,28894500,SHB
2024-06-11 07:00:00,8.53,8.57,8.42,8.46,22669000,SHB
2024-06-12 07:00:00,8.46,8.6,8.42,8.57,19872100,SHB
2024-06-13 07:00:00,8.64,8.79,8.53,8.71,48447200,SHB
2024-06-14 07:00:00,8.79,8.79,8.5,8.5,26575500,SHB
2024-06-17 07:00:00,8.5,8.53,8.39,8.46,22364100,SHB
2024-06-18 07:00:00,8.5,8.53,8.42,8.42,13221600,SHB
2024-06-19 07:00:00,8.46,8.5,8.35,8.42,20544800,SHB
2024-06-20 07:00:00,8.46,8.5,8.35,8.42,15674900,SHB
2024-06-21 07:00:00,8.42,8.5,8.39,8.39,11762600,SHB
2024-06-24 07:00:00,8.42,8.42,8.2,8.2,37129000,SHB
2024-06-25 07:00:00,8.28,8.31,8.24,8.28,12997500,SHB
2024-06-26 07:00:00,8.28,8.31,8.2,8.24,10792500,SHB
2024-06-27 07:00:00,8.24,8.31,8.2,8.2,11461200,SHB
2024-06-28 07:00:00,8.28,8.42,8.2,8.28,19711000,SHB
2024-07-01 07:00:00,8.28,8.46,8.28,8.42,16115700,SHB
2024-07-02 07:00:00,8.5,8.64,8.5,8.53,25258500,SHB
2024-07-03 07:00:00,8.6,8.6,8.5,8.53,11765700,SHB
2024-07-04 07:00:00,8.53,8.57,8.46,8.5,10471100,SHB
2024-07-05 07:00:00,8.5,8.57,8.46,8.53,13613000,SHB
2024-07-08 07:00:00,8.57,8.57,8.46,8.5,12797400,SHB
2024-07-09 07:00:00,8.5,8.64,8.5,8.57,18636200,SHB
2024-07-10 07:00:00,8.57,8.68,8.57,8.6,18888900,SHB
2024-07-11 07:00:00,8.64,8.68,8.57,8.6,15981400,SHB
2024-07-12 07:00:00,8.57,8.68,8.57,8.6,14695100,SHB
2024-07-15 07:00:00,8.64,8.71,8.6,8.68,23875700,SHB
2024-07-16 07:00:00,8.71,8.75,8.6,8.64,24489300,SHB
2024-07-17 07:00:00,8.64,8.82,8.57,8.6,47939600,SHB
2024-07-18 07:00:00,8.72,8.72,8.57,8.68,21384300,SHB
2024-07-19 07:00:00,8.64,8.72,8.49,8.57,23862600,SHB
2024-07-22 07:00:00,8.57,8.6,8.41,8.49,21589300,SHB
2024-07-23 07:00:00,8.49,8.53,8.34,8.34,21581200,SHB
2024-07-24 07:00:00,8.38,8.41,8.3,8.41,16962200,SHB
2024-07-25 07:00:00,8.41,8.41,8.34,8.38,8500300,SHB
2024-07-26 07:00:00,8.38,8.41,8.34,8.41,8538200,SHB
2024-07-29 07:00:00,8.41,8.45,8.34,8.38,7447000,SHB
2024-07-30 07:00:00,8.34,8.53,8.34,8.41,17592400,SHB
2024-07-31 07:00:00,8.45,8.49,8.38,8.45,11129100,SHB
2024-08-01 07:00:00,8.45,8.49,8.23,8.26,28793000,SHB
2024-08-02 07:00:00,8.26,8.26,8.07,8.23,24435500,SHB
2024-08-05 07:00:00,8.15,8.15,7.77,7.81,30022700,SHB
2024-08-06 07:00:00,7.88,8.0,7.81,7.96,19137900,SHB
2024-08-07 07:00:00,8.0,8.04,7.92,7.96,9209600,SHB
2024-08-08 07:00:00,7.96,8.0,7.85,7.88,13153800,SHB
2024-08-09 07:00:00,7.92,8.0,7.88,7.96,9878000,SHB
2024-08-12 07:00:00,7.96,8.0,7.88,7.96,7976300,SHB
2024-08-13 07:00:00,7.96,8.0,7.92,7.96,6489400,SHB
2024-08-14 07:00:00,7.96,8.0,7.92,7.92,5789500,SHB
2024-08-15 07:00:00,7.92,7.96,7.81,7.88,11415400,SHB
2024-08-16 07:00:00,7.92,8.07,7.88,8.04,15104000,SHB
2024-08-19 07:00:00,8.04,8.11,8.0,8.04,12402700,SHB
2024-08-20 07:00:00,8.04,8.11,8.04,8.07,12037500,SHB
2024-08-21 07:00:00,8.07,8.15,8.04,8.11,13271900,SHB
2024-08-22 07:00:00,8.15,8.19,8.07,8.07,9821600,SHB
2024-08-23 07:00:00,8.07,8.11,8.04,8.07,9030000,SHB
2024-08-26 07:00:00,8.15,8.19,8.04,8.04,12248900,SHB
2024-08-27 07:00:00,8.07,8.07,8.0,8.04,12522200,SHB
2024-08-28 07:00:00,8.04,8.07,8.0,8.04,8457300,SHB
2024-08-29 07:00:00,8.04,8.11,8.0,8.0,14114000,SHB
2024-08-30 07:00:00,8.0,8.04,8.0,8.0,7779100,SHB
2024-09-04 07:00:00,8.0,8.0,7.85,7.88,16231000,SHB
2024-09-05 07:00:00,7.92,7.96,7.85,7.88,11360200,SHB
2024-09-06 07:00:00,7.88,7.92,7.81,7.85,12272400,SHB
2024-09-09 07:00:00,7.85,7.88,7.81,7.85,9611100,SHB
2024-09-10 07:00:00,7.88,7.92,7.77,7.81,12423700,SHB
2024-09-11 07:00:00,7.81,7.85,7.77,7.81,8874300,SHB
2024-09-12 07:00:00,7.85,7.88,7.81,7.85,5349100,SHB
2024-09-13 07:00:00,7.85,7.88,7.81,7.81,3782700,SHB
2024-09-16 07:00:00,7.81,7.85,7.77,7.77,7831800,SHB
2024-09-17 07:00:00,7.77,7.88,7.73,7.88,11334200,SHB
2024-09-18 07:00:00,7.88,7.88,7.81,7.85,9897800,SHB
2024-09-19 07:00:00,7.88,7.88,7.81,7.85,7193600,SHB
2024-09-20 07:00:00,7.88,7.96,7.85,7.92,17901400,SHB
2024-09-23 07:00:00,7.92,7.96,7.85,7.85,7551200,SHB
2024-09-24 07:00:00,7.85,7.92,7.85,7.92,9959200,SHB
2024-09-25 07:00:00,7.96,8.04,7.92,8.0,19411900,SHB
2024-09-26 07:00:00,8.0,8.26,8.0,8.15,38977600,SHB
2024-09-27 07:00:00,8.23,8.53,8.23,8.34,49209100,SHB
2024-09-30 07:00:00,8.34,8.41,8.26,8.34,24494700,SHB
2024-10-01 07:00:00,8.38,8.49,8.34,8.38,27370600,SHB
2024-10-02 07:00:00,8.34,8.34,8.23,8.26,21227700,SHB
2024-10-03 07:00:00,8.26,8.57,8.23,8.3,46181500,SHB
2024-10-04 07:00:00,8.3,8.34,8.23,8.23,16306500,SHB
2024-10-07 07:00:00,8.26,8.34,8.15,8.23,15377900,SHB
2024-10-08 07:00:00,8.19,8.26,8.11,8.15,20413100,SHB
2024-10-09 07:00:00,8.15,8.23,8.15,8.19,11119000,SHB
2024-10-10 07:00:00,8.26,8.3,8.15,8.15,12852800,SHB
2024-10-11 07:00:00,8.19,8.23,8.11,8.19,9670200,SHB
2024-10-14 07:00:00,8.23,8.26,8.15,8.19,14629400,SHB
2024-10-15 07:00:00,8.23,8.3,8.15,8.19,17904800,SHB
2024-10-16 07:00:00,8.19,8.23,8.11,8.15,9057200,SHB
2024-10-17 07:00:00,8.19,8.23,8.11,8.19,15741100,SHB
2024-10-18 07:00:00,8.26,8.3,8.23,8.23,19545400,SHB
2024-10-21 07:00:00,8.26,8.26,8.15,8.19,11402300,SHB
2024-10-22 07:00:00,8.15,8.19,8.07,8.11,19810200,SHB
2024-10-23 07:00:00,8.11,8.15,8.04,8.07,12082400,SHB
2024-10-24 07:00:00,8.07,8.15,8.0,8.0,13641400,SHB
2024-10-25 07:00:00,8.0,8.04,7.88,7.88,12071100,SHB
2024-10-28 07:00:00,7.92,7.96,7.88,7.92,6932800,SHB
2024-10-29 07:00:00,8.0,8.0,7.92,7.96,7127100,SHB
2024-10-30 07:00:00,7.96,8.0,7.92,7.96,7094200,SHB
2024-10-31 07:00:00,7.96,8.11,7.92,8.04,12638300,SHB
2024-11-01 07:00:00,8.04,8.07,7.96,8.0,6609800,SHB
2024-11-04 07:00:00,8.0,8.0,7.88,7.92,9520000,SHB
2024-11-05 07:00:00,7.92,8.0,7.88,8.0,5928500,SHB
2024-11-06 07:00:00,8.04,8.07,8.0,8.07,6772500,SHB
2024-11-07 07:00:00,8.11,8.15,8.0,8.04,9014000,SHB
2024-11-08 07:00:00,8.07,8.07,7.96,8.0,6324500,SHB
2024-11-11 07:00:00,8.0,8.0,7.88,7.96,12675100,SHB
2024-11-12 07:00:00,7.96,8.04,7.92,7.92,8800400,SHB
2024-11-13 07:00:00,7.92,7.96,7.88,7.92,7479100,SHB
2024-11-14 07:00:00,7.92,7.96,7.81,7.85,9471300,SHB
2024-11-15 07:00:00,7.81,7.85,7.73,7.73,15429400,SHB
2024-11-18 07:00:00,7.73,7.81,7.66,7.73,13042200,SHB
2024-11-19 07:00:00,7.73,7.77,7.66,7.66,8847600,SHB
2024-11-20 07:00:00,7.66,7.81,7.66,7.73,9064600,SHB
2024-11-21 07:00:00,7.77,7.77,7.7,7.77,7646300,SHB
2024-11-22 07:00:00,7.77,7.81,7.73,7.77,5395100,SHB
2024-11-25 07:00:00,7.81,7.81,7.77,7.81,6714600,SHB
2024-11-26 07:00:00,7.81,7.88,7.81,7.85,7056800,SHB
2024-11-27 07:00:00,7.85,7.88,7.81,7.81,3412500,SHB
2024-11-28 07:00:00,7.85,7.85,7.77,7.77,7444400,SHB
2024-11-29 07:00:00,7.81,7.81,7.77,7.81,4768200,SHB
2024-12-02 07:00:00,7.85,7.85,7.77,7.81,6315100,SHB
2024-12-03 07:00:00,7.81,7.85,7.73,7.81,7219700,SHB
2024-12-04 07:00:00,7.77,7.81,7.73,7.73,6399900,SHB
2024-12-05 07:00:00,7.73,7.96,7.7,7.96,14896000,SHB
2024-12-06 07:00:00,7.96,7.96,7.81,7.85,11005800,SHB
2024-12-09 07:00:00,7.85,7.88,7.81,7.85,8369000,SHB
2024-12-10 07:00:00,7.85,7.92,7.85,7.85,7616000,SHB
2024-12-11 07:00:00,7.88,8.15,7.88,8.04,31681000,SHB
2024-12-12 07:00:00,8.07,8.11,7.96,7.96,14783300,SHB
2024-12-13 07:00:00,7.92,8.0,7.88,7.88,7682100,SHB
2024-12-16 07:00:00,7.88,7.92,7.81,7.88,6695600,SHB
2024-12-17 07:00:00,7.85,7.88,7.81,7.85,5356100,SHB
2024-12-18 07:00:00,7.85,7.88,7.81,7.85,3927800,SHB
2024-12-19 07:00:00,7.81,7.85,7.7,7.73,22186000,SHB
2024-12-20 07:00:00,7.73,7.77,7.7,7.7,13996400,SHB
2024-12-23 07:00:00,7.7,7.81,7.7,7.77,6546400,SHB
2024-12-24 07:00:00,7.73,7.81,7.7,7.77,7121100,SHB
2024-12-25 07:00:00,7.77,7.92,7.73,7.81,11196700,SHB
2024-12-26 07:00:00,7.85,7.88,7.77,7.81,8690200,SHB
2024-12-27 07:00:00,7.81,7.88,7.81,7.81,8483800,SHB
2024-12-30 07:00:00,7.81,7.85,7.77,7.77,6303900,SHB
2024-12-31 07:00:00,7.77,7.81,7.73,7.77,7209300,SHB
2025-01-02 07:00:00,7.81,7.85,7.77,7.77,6487300,SHB
2025-01-03 07:00:00,7.77,7.81,7.73,7.77,11358700,SHB
2025-01-06 07:00:00,7.81,7.92,7.77,7.81,9696200,SHB
2025-01-07 07:00:00,7.81,7.85,7.77,7.77,7884900,SHB
2025-01-08 07:00:00,7.77,7.81,7.73,7.81,3780900,SHB
2025-01-09 07:00:00,7.81,7.85,7.73,7.77,6104500,SHB
2025-01-10 07:00:00,7.77,7.81,7.7,7.7,10955800,SHB
2025-01-13 07:00:00,7.7,7.73,7.62,7.7,10598200,SHB
2025-01-14 07:00:00,7.7,7.73,7.66,7.66,9053800,SHB
2025-01-15 07:00:00,7.7,7.73,7.66,7.7,5030800,SHB
2025-01-16 07:00:00,7.73,7.81,7.66,7.7,6942000,SHB
2025-01-17 07:00:00,7.7,7.77,7.7,7.73,6909000,SHB
2025-01-20 07:00:00,7.73,7.77,7.7,7.73,5468300,SHB
2025-01-21 07:00:00,7.77,7.81,7.73,7.73,9734200,SHB
2025-01-22 07:00:00,7.77,7.77,7.7,7.7,7149100,SHB
2025-01-23 07:00:00,7.73,7.85,7.7,7.77,9939100,SHB
2025-01-24 07:00:00,7.81,7.85,7.77,7.81,8913100,SHB
2025-02-03 07:00:00,7.88,8.0,7.85,7.92,18128100,SHB
2025-02-04 07:00:00,8.0,8.04,7.92,8.0,13520900,SHB
2025-02-05 07:00:00,8.04,8.07,7.92,7.92,11056600,SHB
2025-02-06 07:00:00,7.96,8.04,7.92,7.96,11598200,SHB
2025-02-07 07:00:00,8.0,8.07,7.96,8.0,13523800,SHB
2025-02-10 07:00:00,8.0,8.04,7.96,8.0,14521400,SHB
2025-02-11 07:00:00,8.0,8.26,8.0,8.15,29836400,SHB
2025-02-12 07:00:00,8.19,8.19,8.07,8.07,7492400,SHB
2025-02-13 07:00:00,8.07,8.15,8.04,8.15,12119100,SHB
2025-02-14 07:00:00,8.23,8.3,8.19,8.19,19441500,SHB
2025-02-17 07:00:00,8.23,8.41,8.19,8.34,29565000,SHB
2025-02-18 07:00:00,8.34,8.38,8.3,8.3,14557400,SHB
2025-02-19 07:00:00,8.3,8.38,8.26,8.34,12377300,SHB
2025-02-20 07:00:00,8.34,8.41,8.3,8.3,16505800,SHB
2025-02-21 07:00:00,8.34,8.41,8.3,8.34,23021300,SHB
2025-02-24 07:00:00,8.34,8.49,8.34,8.45,22491500,SHB
2025-02-25 07:00:00,8.49,8.49,8.34,8.45,30132300,SHB
2025-02-26 07:00:00,8.54,8.62,8.45,8.49,28383600,SHB
2025-02-27 07:00:00,8.49,8.54,8.4,8.45,19443100,SHB
2025-02-28 07:00:00,8.45,8.45,8.39,8.41,16586200,SHB
2025-03-03 07:00:00,8.45,8.45,8.34,8.34,23290200,SHB
2025-03-04 07:00:00,8.34,8.41,8.29,8.39,20526500,SHB
2025-03-05 07:00:00,8.4,8.49,8.39,8.4,16619800,SHB
2025-03-06 07:00:00,8.45,8.45,8.39,8.41,15899300,SHB
2025-03-07 07:00:00,8.41,8.49,8.39,8.41,18712800,SHB
2025-03-10 07:00:00,8.45,8.49,8.4,8.41,19179900,SHB
2025-03-11 07:00:00,8.36,8.41,8.34,8.4,16056800,SHB
2025-03-12 07:00:00,8.4,8.45,8.39,8.39,12846700,SHB
2025-03-13 07:00:00,8.41,8.41,8.36,8.41,22768900,SHB
2025-03-14 07:00:00,8.45,9.0,8.45,9.0,132319500,SHB
2025-03-17 07:00:00,9.21,9.59,9.17,9.46,94585500,SHB
2025-03-18 07:00:00,9.46,9.84,9.34,9.76,71982900,SHB
2025-03-19 07:00:00,9.67,9.93,9.59,9.8,68781700,SHB
2025-03-20 07:00:00,9.8,10.01,9.67,9.88,79891400,SHB
2025-03-21 07:00:00,9.97,10.14,9.8,9.88,74606600,SHB
2025-03-24 07:00:00,9.88,10.51,9.76,10.43,84692300,SHB
2025-03-25 07:00:00,10.51,10.6,10.14,10.43,77626700,SHB
2025-03-26 07:00:00,10.43,10.47,10.22,10.3,43763800,SHB
2025-03-27 07:00:00,10.3,10.72,10.3,10.68,65759600,SHB
2025-03-28 07:00:00,10.77,10.77,10.51,10.68,32388300,SHB
2025-03-31 07:00:00,10.6,10.6,10.26,10.47,56642800,SHB
2025-04-01 07:00:00,10.47,10.51,10.22,10.47,36192500,SHB
2025-04-02 07:00:00,10.51,10.68,10.43,10.56,47059100,SHB
2025-04-03 07:00:00,10.09,10.26,9.84,9.84,74320400,SHB
2025-04-04 07:00:00,9.21,10.14,9.17,10.14,138064300,SHB
2025-04-08 07:00:00,9.88,9.88,9.46,9.46,68958700,SHB
2025-04-09 07:00:00,8.92,9.63,8.92,9.21,62991200,SHB
2025-04-10 07:00:00,9.84,9.84,9.84,9.84,18928700,SHB
2025-04-11 07:00:00,10.01,10.22,9.67,10.22,103440900,SHB
2025-04-14 07:00:00,10.22,10.26,10.05,10.22,47312300,SHB
2025-04-15 07:00:00,10.14,10.18,9.84,10.01,58398700,SHB
2025-04-16 07:00:00,10.01,10.18,9.88,10.09,44580900,SHB
2025-04-17 07:00:00,9.97,10.22,9.93,10.14,45595600,SHB
2025-04-18 07:00:00,10.22,10.81,10.22,10.81,156329700,SHB
2025-04-21 07:00:00,11.02,11.14,10.81,11.1,82480800,SHB
2025-04-22 07:00:00,10.98,11.23,10.35,11.1,222722800,SHB
2025-04-23 07:00:00,11.27,11.27,10.77,10.93,101204700,SHB
2025-04-24 07:00:00,10.85,10.93,10.56,10.85,87203400,SHB
2025-04-25 07:00:00,10.85,10.89,10.56,10.77,71720900,SHB
2025-04-28 07:00:00,10.77,10.77,10.43,10.68,54229900,SHB
2025-04-29 07:00:00,10.68,10.89,10.47,10.6,53420500,SHB
2025-05-05 07:00:00,10.72,10.72,10.39,10.68,59601000,SHB
2025-05-06 07:00:00,10.68,10.81,10.51,10.51,54119300,SHB
2025-05-07 07:00:00,10.47,10.6,10.39,10.6,55814000,SHB
2025-05-08 07:00:00,10.68,11.02,10.51,10.85,89234400,SHB
2025-05-09 07:00:00,10.68,10.93,10.64,10.85,70367000,SHB
2025-05-12 07:00:00,10.85,11.06,10.72,11.06,84700800,SHB
2025-05-13 07:00:00,11.1,11.23,10.93,11.02,75244700,SHB
2025-05-14 07:00:00,10.93,11.02,10.85,10.93,52912000,SHB
2025-05-15 07:00:00,10.89,11.69,10.81,11.52,167912500,SHB
2025-05-16 07:00:00,11.36,11.48,11.23,11.31,47485100,SHB
2025-05-19 07:00:00,11.23,11.31,11.1,11.23,59670700,SHB
2025-05-20 07:00:00,11.27,11.44,11.14,11.23,90886200,SHB
2025-05-21 07:00:00,11.27,11.44,11.1,11.36,78342700,SHB
2025-05-22 07:00:00,11.36,11.44,11.14,11.31,76307600,SHB
2025-05-23 07:00:00,11.36,11.36,11.19,11.36,44765900,SHB
2025-05-26 07:00:00,11.36,11.65,11.19,11.44,91609200,SHB
2025-05-27 07:00:00,11.44,11.82,11.27,11.61,104817100,SHB
2025-05-28 07:00:00,11.61,11.61,11.4,11.61,52642000,SHB
2025-05-29 07:00:00,11.52,11.9,11.44,11.44,76820600,SHB
2025-05-30 07:00:00,11.44,11.52,11.19,11.4,87199800,SHB
2025-06-02 07:00:00,11.27,11.52,11.23,11.52,56189900,SHB
2025-06-03 07:00:00,11.52,11.82,11.44,11.69,95228600,SHB
2025-06-04 07:00:00,11.69,11.86,11.61,11.61,53770800,SHB
2025-06-05 07:00:00,11.56,11.61,11.48,11.52,33522900,SHB
2025-06-06 07:00:00,11.52,11.61,11.4,11.52,42661600,SHB
2025-06-09 07:00:00,11.52,11.57,11.26,11.39,50885100,SHB
2025-06-10 07:00:00,11.35,11.52,11.3,11.48,53433300,SHB
2025-06-11 07:00:00,11.48,11.65,11.35,11.61,49394100,SHB
2025-06-12 07:00:00,11.57,11.92,11.48,11.61,115563700,SHB
2025-06-13 07:00:00,11.48,11.48,11.17,11.26,66942100,SHB
2025-06-16 07:00:00,11.26,11.44,11.22,11.44,36540400,SHB
2025-06-17 07:00:00,11.44,11.52,11.39,11.52,38600500,SHB
2025-06-18 07:00:00,11.48,11.52,11.39,11.48,49657700,SHB
2025-06-19 07:00:00,11.44,11.65,11.35,11.35,51346200,SHB
2025-06-20 07:00:00,11.35,11.44,11.3,11.44,59502700,SHB
2025-06-23 07:00:00,11.35,11.39,11.26,11.35,42284200,SHB
2025-06-24 07:00:00,11.39,11.44,11.3,11.35,38105400,SHB
2025-06-25 07:00:00,11.35,11.39,11.22,11.39,64567200,SHB
2025-06-26 07:00:00,11.39,11.44,11.26,11.44,42889100,SHB
2025-06-27 07:00:00,11.44,11.61,11.26,11.3,88859200,SHB
2025-06-30 07:00:00,11.3,11.35,11.26,11.26,32595900,SHB
2025-07-01 07:00:00,11.26,11.3,11.13,11.22,47361400,SHB
2025-07-02 07:00:00,11.22,11.35,11.17,11.3,38438500,SHB
2025-07-03 07:00:00,11.3,11.44,11.22,11.35,52328600,SHB
2025-07-04 07:00:00,11.3,11.39,11.26,11.35,28615900,SHB
2025-07-07 07:00:00,11.35,12.13,11.35,12.13,249681700,SHB
2025-07-08 07:00:00,12.31,12.48,12.18,12.35,62936000,SHB
2025-07-09 07:00:00,12.4,12.57,12.18,12.22,111615300,SHB
2025-07-10 07:00:00,12.26,12.57,12.18,12.53,77622200,SHB
2025-07-11 07:00:00,12.57,12.57,12.31,12.4,68513300,SHB
2025-07-14 07:00:00,12.44,12.48,12.18,12.35,45614600,SHB
2025-07-15 07:00:00,12.35,12.66,12.31,12.31,77807300,SHB
2025-07-16 07:00:00,12.31,12.53,12.26,12.44,51787700,SHB
2025-07-17 07:00:00,12.48,12.61,12.35,12.48,66954100,SHB
2025-07-18 07:00:00,12.53,12.66,12.31,12.4,78343400,SHB
2025-07-21 07:00:00,12.48,12.88,12.44,12.74,101954800,SHB
2025-07-22 07:00:00,12.74,12.79,12.57,12.74,63416800,SHB
2025-07-23 07:00:00,12.83,13.01,12.66,12.79,80136000,SHB
2025-07-24 07:00:00,12.79,13.49,12.74,13.14,93426700,SHB
2025-07-25 07:00:00,13.27,13.31,13.1,13.14,59211800,SHB
2025-07-28 07:00:00,13.23,14.06,13.23,14.06,137745500,SHB
2025-07-29 07:00:00,14.4,14.54,13.14,13.14,152873400,SHB
2025-07-30 07:00:00,13.84,14.06,13.44,14.06,142533300,SHB
2025-07-31 07:00:00,14.97,15.02,14.49,15.02,181312600,SHB
2025-08-01 07:00:00,15.28,15.41,14.88,15.19,120276600,SHB
2025-08-04 07:00:00,15.19,16.24,15.19,16.24,91138400,SHB
2025-08-05 07:00:00,17.11,17.2,15.28,16.02,176220400,SHB
2025-08-06 07:00:00,16.24,16.67,16.02,16.37,92287300,SHB
2025-08-07 07:00:00,16.59,16.94,16.11,16.46,92391700,SHB
2025-08-08 07:00:00,16.59,16.89,16.15,16.28,94649800,SHB
2025-08-11 07:00:00,16.41,16.94,16.24,16.67,113985100,SHB
2025-08-12 07:00:00,16.85,16.85,16.41,16.5,66086100,SHB
2025-08-13 07:00:00,16.63,17.11,16.5,16.89,115023600,SHB
2025-08-14 07:00:00,17.07,18.03,17.02,17.81,119253100,SHB
2025-08-15 07:00:00,18.24,18.77,17.63,18.2,120150100,SHB
2025-08-18 07:00:00,19.04,19.19,18.55,18.6,103905200,SHB
2025-08-19 07:00:00,18.25,18.84,18.15,18.25,134077200,SHB
2025-08-20 07:00:00,18.15,18.25,17.26,18.05,162557300,SHB
2025-08-21 07:00:00,18.15,18.6,18.05,18.25,85261700,SHB
2025-08-22 07:00:00,18.05,18.25,17.02,17.02,166243400,SHB
2025-08-25 07:00:00,17.22,17.26,16.03,16.08,113188300,SHB
2025-08-26 07:00:00,15.98,17.17,15.98,17.17,86340400,SHB
2025-08-27 07:00:00,17.56,17.86,17.31,17.41,103800500,SHB
2025-08-28 07:00:00,17.46,18.3,17.22,18.15,152824000,SHB
2025-08-29 07:00:00,18.4,18.55,17.81,18.55,124638900,SHB
2025-09-03 07:00:00,18.7,18.84,18.25,18.79,95659800,SHB
2025-09-04 07:00:00,18.84,18.94,18.55,18.6,89129600,SHB
2025-09-05 07:00:00,18.79,18.84,17.66,17.76,131953500,SHB
2025-09-08 07:00:00,17.56,17.71,16.97,17.02,124526200,SHB
2025-09-09 07:00:00,17.07,17.46,16.97,17.36,70080800,SHB
2025-09-10 07:00:00,17.46,17.56,17.12,17.56,52450900,SHB
2025-09-11 07:00:00,17.36,17.56,16.92,17.56,88707100,SHB
2025-09-12 07:00:00,17.61,17.61,17.22,17.31,51664500,SHB
2025-09-15 07:00:00,17.31,17.71,17.07,17.56,93174400,SHB
2025-09-16 07:00:00,17.56,18.0,17.51,17.95,87193100,SHB
2025-09-17 07:00:00,17.76,17.91,17.61,17.81,64713500,SHB
2025-09-18 07:00:00,17.76,17.95,17.41,17.61,59508100,SHB
2025-09-19 07:00:00,17.61,17.71,17.36,17.51,82717900,SHB
2025-09-22 07:00:00,17.51,17.51,16.92,17.17,78597200,SHB
2025-09-23 07:00:00,17.07,17.31,16.72,16.77,142502100,SHB
2025-09-24 07:00:00,16.87,17.26,16.13,17.12,191797400,SHB
2025-09-25 07:00:00,17.12,17.22,16.67,17.12,61984100,SHB
2025-09-26 07:00:00,17.07,17.12,16.67,16.97,66856500,SHB
2025-09-29 07:00:00,16.82,17.26,16.57,16.57,78599700,SHB
2025-09-30 07:00:00,16.62,16.77,16.18,16.67,102650400,SHB
2025-10-01 07:00:00,16.67,16.87,16.52,16.72,47501700,SHB
2025-10-02 07:00:00,16.77,16.92,16.48,16.77,63664700,SHB
2025-10-03 07:00:00,16.67,16.82,16.48,16.48,64643400,SHB
2025-10-06 07:00:00,16.52,17.26,16.48,17.17,114772800,SHB
2025-10-07 07:00:00,17.22,17.22,16.82,17.02,85643500,SHB
2025-10-08 07:00:00,17.22,17.31,16.87,17.07,92523300,SHB
2025-10-09 07:00:00,17.12,18.2,17.07,17.66,189712900,SHB
2025-10-10 07:00:00,17.71,17.91,17.51,17.76,77920000,SHB
2025-10-13 07:00:00,17.46,17.95,17.41,17.86,118930300,SHB
2025-10-14 07:00:00,17.86,18.0,17.46,17.76,124387300,SHB
2025-10-15 07:00:00,17.71,18.2,17.66,17.95,135329400,SHB
2025-10-16 07:00:00,18.1,18.15,17.71,17.91,89585600,SHB
2025-10-17 07:00:00,17.91,18.0,17.51,17.86,115962400,SHB
2025-10-20 07:00:00,17.66,17.76,16.62,16.62,157036500,SHB
2025-10-21 07:00:00,16.62,17.02,15.88,16.77,144384000,SHB
2025-10-22 07:00:00,16.77,16.77,16.18,16.43,81491700,SHB
2025-10-23 07:00:00,16.43,16.77,16.38,16.48,80037000,SHB
2025-10-24 07:00:00,16.48,16.48,15.88,16.08,83830400,SHB
2025-10-27 07:00:00,16.18,16.23,15.78,15.93,95564800,SHB
2025-10-28 07:00:00,15.98,16.13,15.69,16.13,67544000,SHB
2025-10-29 07:00:00,16.08,16.82,16.03,16.57,117844300,SHB
2025-10-30 07:00:00,16.57,16.72,16.33,16.67,71843700,SHB
2025-10-31 07:00:00,16.62,16.62,16.23,16.23,47405000,SHB
2025-11-03 07:00:00,16.13,16.18,15.74,15.74,71719600,SHB
2025-11-04 07:00:00,15.69,16.18,15.14,16.08,96499600,SHB
2025-11-05 07:00:00,16.08,16.13,15.88,15.98,39403600,SHB
2025-11-06 07:00:00,15.83,16.03,15.64,15.64,54472700,SHB
2025-11-07 07:00:00,15.54,15.64,15.0,15.09,84767600,SHB
2025-11-10 07:00:00,15.04,15.39,14.9,15.09,48856900,SHB
2025-11-11 07:00:00,15.19,15.59,14.95,15.59,67711900,SHB
2025-11-12 07:00:00,15.59,16.08,15.34,16.08,83505400,SHB
2025-11-13 07:00:00,16.08,16.13,15.83,16.13,56710100,SHB
2025-11-14 07:00:00,15.98,16.13,15.88,16.13,62828700,SHB
2025-11-17 07:00:00,16.03,16.38,15.88,16.38,65266800,SHB
2025-11-18 07:00:00,16.28,16.38,16.08,16.28,44005400,SHB
2025-11-19 07:00:00,16.23,16.38,16.13,16.23,59460500,SHB
2025-11-20 07:00:00,16.18,16.43,16.03,16.43,83370900,SHB
2025-11-21 07:00:00,16.28,16.43,16.13,16.43,58408100,SHB
2025-11-24 07:00:00,16.33,16.48,16.23,16.33,50474000,SHB
2025-11-25 07:00:00,16.33,16.48,16.13,16.18,77663400,SHB
2025-11-26 07:00:00,16.13,16.52,16.13,16.48,87211400,SHB
2025-11-27 07:00:00,16.43,16.67,16.38,16.52,49403500,SHB
2025-11-28 07:00:00,16.48,16.57,16.38,16.57,56614300,SHB
2025-12-01 07:00:00,16.52,16.82,16.48,16.77,57719700,SHB
2025-12-02 07:00:00,16.67,16.77,16.57,16.77,63698600,SHB
2025-12-03 07:00:00,16.67,17.12,16.67,17.12,81797500,SHB
2025-12-04 07:00:00,17.07,17.17,16.97,17.07,48195600,SHB
2025-12-05 07:00:00,17.02,17.12,16.52,16.52,58168300,SHB
2025-12-08 07:00:00,16.52,16.62,16.33,16.38,55435100,SHB
2025-12-09 07:00:00,16.33,16.38,15.88,16.28,88519600,SHB
2025-12-10 07:00:00,16.28,16.28,16.03,16.23,38890500,SHB
2025-12-11 07:00:00,16.18,16.23,15.88,16.13,55345200,SHB
2025-12-12 07:00:00,16.03,16.08,15.78,15.78,65585600,SHB
2025-12-15 07:00:00,15.78,15.88,15.44,15.69,49057500,SHB
2025-12-16 07:00:00,15.59,16.13,15.44,15.69,56757200,SHB
2025-12-17 07:00:00,15.74,15.78,15.49,15.49,48835400,SHB
2025-12-18 07:00:00,15.64,16.03,15.44,15.88,72289300,SHB
2025-12-19 07:00:00,15.98,15.98,15.69,15.93,47537900,SHB
2025-12-22 07:00:00,15.98,16.28,15.88,16.08,66430700,SHB
2025-12-23 07:00:00,16.13,16.23,15.93,16.08,59829000,SHB
2025-12-24 07:00:00,16.08,16.92,16.08,16.67,112666600,SHB
2025-12-25 07:00:00,16.67,16.77,16.28,16.28,56912300,SHB
2025-12-26 07:00:00,16.13,16.28,15.69,16.13,108127100,SHB
2025-12-29 07:00:00,16.13,16.13,15.98,15.98,44770600,SHB
2025-12-30 07:00:00,15.93,16.18,15.93,16.13,65877000,SHB
2025-12-31 07:00:00,16.13,16.18,15.98,16.13,52638000,SHB
2026-01-05 07:00:00,16.08,16.18,15.69,15.88,64342300,SHB
2026-01-06 07:00:00,15.78,15.98,15.59,15.98,77500200,SHB
2026-01-07 07:00:00,16.03,16.33,15.98,16.28,81138200,SHB
2026-01-08 07:00:00,16.33,16.82,16.18,16.38,135955100,SHB
2026-01-09 07:00:00,16.48,16.57,16.28,16.28,68480400,SHB
2026-01-12 07:00:00,16.23,16.97,16.18,16.77,107621400,SHB
2026-01-13 07:00:00,16.97,16.97,16.43,16.48,88823200,SHB
2026-01-14 07:00:00,16.48,16.62,16.33,16.48,81592100,SHB
2026-01-15 07:00:00,16.43,16.48,16.03,16.28,83216100,SHB
2026-01-16 07:00:00,16.38,16.57,16.13,16.13,58807900,SHB
2026-01-19 07:00:00,16.18,16.43,16.08,16.28,59592800,SHB
2026-01-20 07:00:00,16.33,16.48,16.13,16.33,54106900,SHB
2026-01-21 07:00:00,16.18,16.28,16.03,16.23,65842200,SHB
2026-01-22 07:00:00,16.23,16.33,16.08,16.08,58903900,SHB
2026-01-23 07:00:00,16.13,16.18,16.03,16.08,49017900,SHB
2026-01-26 07:00:00,16.03,16.13,15.44,15.54,75374500,SHB
2026-01-27 07:00:00,15.59,15.83,15.44,15.83,51904700,SHB
2026-01-28 07:00:00,15.74,15.83,15.59,15.78,42882400,SHB
2026-01-29 07:00:00,15.69,15.78,15.59,15.74,41935000,SHB
2026-01-30 07:00:00,15.69,15.98,15.59,15.78,53345400,SHB
2026-02-02 07:00:00,15.78,15.83,15.49,15.54,49881000,SHB
2026-02-03 07:00:00,15.69,15.74,15.49,15.59,53252800,SHB
2026-02-04 07:00:00,15.59,15.69,15.44,15.59,47046700,SHB
2026-02-05 07:00:00,15.59,15.64,15.44,15.44,46304700,SHB
2026-02-06 07:00:00,15.34,15.64,15.14,15.14,62805800,SHB
2026-02-09 07:00:00,15.24,15.24,14.85,15.04,53793600,SHB
2026-02-10 07:00:00,15.0,15.19,14.75,15.04,45414500,SHB
2026-02-11 07:00:00,15.04,15.49,14.95,15.29,59290200,SHB
2026-02-12 07:00:00,15.29,15.44,15.04,15.14,37459600,SHB
2026-02-13 07:00:00,15.14,15.24,15.04,15.24,37753700,SHB
2026-02-23 07:00:00,15.34,15.59,15.19,15.59,54597400,SHB
2026-02-24 07:00:00,15.54,15.64,15.34,15.34,49627800,SHB
2026-02-25 07:00:00,15.39,15.98,15.29,15.98,106131300,SHB
2026-02-26 07:00:00,16.08,16.08,15.78,15.93,45204400,SHB
2026-02-27 07:00:00,15.93,15.93,15.64,15.74,38821900,SHB
2026-03-02 07:00:00,15.09,15.64,15.0,15.44,88122000,SHB
2026-03-03 07:00:00,15.44,15.49,15.14,15.29,53183400,SHB
2026-03-04 07:00:00,15.24,15.34,14.8,15.29,87559100,SHB
2026-03-05 07:00:00,15.44,15.49,14.95,15.04,67258100,SHB
2026-03-06 07:00:00,15.0,15.39,14.75,15.19,73881300,SHB
2026-03-09 07:00:00,14.35,14.7,14.16,14.16,123396700,SHB
2026-03-10 07:00:00,14.35,14.55,13.96,14.3,79944700,SHB
2026-03-11 07:00:00,14.35,14.65,14.21,14.55,52147100,SHB
2026-03-12 07:00:00,14.4,14.9,14.26,14.75,83295200,SHB
2026-03-13 07:00:00,14.45,14.75,14.4,14.75,57514000,SHB
2026-03-16 07:00:00,14.65,15.09,14.5,15.0,84195400,SHB
2026-03-17 07:00:00,15.04,15.09,14.85,14.85,48614400,SHB
2026-03-18 07:00:00,14.85,15.0,14.7,14.9,46241800,SHB
2026-03-19 07:00:00,14.75,14.95,14.55,14.8,65431900,SHB
2026-03-20 07:00:00,14.7,14.9,14.6,14.7,35688500,SHB
2026-03-23 07:00:00,14.55,14.6,14.11,14.21,85660000,SHB
2026-03-24 07:00:00,14.5,14.55,14.21,14.26,34929600,SHB
2026-03-25 07:00:00,14.4,14.8,14.3,14.8,76541900,SHB
2026-03-26 07:00:00,14.75,15.04,14.55,14.95,67867100,SHB
2026-03-27 07:00:00,14.95,15.24,14.85,15.19,69844300,SHB
2026-03-30 07:00:00,15.0,15.24,14.8,15.24,85561300,SHB
2026-03-31 07:00:00,15.09,15.34,15.04,15.34,96443300,SHB
2026-04-01 07:00:00,15.39,15.44,15.0,15.0,79845400,SHB
2026-04-02 07:00:00,14.95,14.95,14.55,14.65,110127300,SHB
2026-04-03 07:00:00,14.85,14.9,14.4,14.9,52368000,SHB
2026-04-06 07:00:00,14.8,14.8,14.5,14.5,35893400,SHB
2026-04-07 07:00:00,14.7,14.7,14.45,14.7,51817400,SHB
2026-04-08 07:00:00,15.0,15.35,14.85,15.3,80529600,SHB
2026-04-09 07:00:00,15.2,15.5,15.05,15.5,85696800,SHB
2026-04-10 07:00:00,15.55,15.55,15.2,15.4,105591400,SHB
2026-04-13 07:00:00,15.2,15.25,14.95,15.0,115190900,SHB
2026-04-14 07:00:00,15.1,15.15,14.8,15.1,98761800,SHB
2026-04-15 07:00:00,15.1,15.4,14.95,15.4,71780700,SHB
2026-04-16 07:00:00,15.15,15.55,15.1,15.55,137811200,SHB
2026-04-17 07:00:00,15.4,15.5,15.25,15.3,65583800,SHB
2026-04-20 07:00:00,15.2,15.3,15.15,15.3,47390400,SHB
2026-04-21 07:00:00,15.3,15.4,15.15,15.15,48986600,SHB
2026-04-22 07:00:00,15.15,15.25,15.05,15.2,47506900,SHB
2026-04-23 07:00:00,15.15,15.2,14.8,14.8,97117400,SHB
2026-04-24 07:00:00,14.8,14.85,14.6,14.75,44854800,SHB
2026-04-28 07:00:00,14.75,14.75,14.45,14.45,51564900,SHB
2026-04-29 07:00:00,14.55,14.6,14.35,14.55,41650500,SHB
2026-05-04 07:00:00,14.65,14.65,14.35,14.35,62363300,SHB
2026-05-05 07:00:00,14.4,14.4,14.05,14.05,26734500,SHB
2023-05-08 07:00:00,10.87,10.98,10.84,10.95,4571100,VIB
2023-05-09 07:00:00,11.0,11.0,10.87,10.9,1754500,VIB
2023-05-10 07:00:00,10.92,11.14,10.87,11.11,6172700,VIB
2023-05-11 07:00:00,11.14,11.22,11.03,11.06,3478400,VIB
2023-05-12 07:00:00,11.11,11.14,10.98,11.03,4439100,VIB
2023-05-15 07:00:00,11.08,11.38,11.06,11.22,10348900,VIB
2023-05-16 07:00:00,11.27,11.38,11.16,11.25,6169600,VIB
2023-05-17 07:00:00,11.19,11.3,11.19,11.19,5670400,VIB
2023-05-18 07:00:00,11.19,11.65,11.16,11.54,10803300,VIB
2023-05-19 07:00:00,11.57,11.6,11.43,11.52,4445400,VIB
2023-05-22 07:00:00,11.6,11.68,11.52,11.62,4761800,VIB
2023-05-23 07:00:00,11.62,11.68,11.38,11.46,5636500,VIB
2023-05-24 07:00:00,11.54,11.54,11.3,11.3,5366900,VIB
2023-05-25 07:00:00,11.27,11.33,11.22,11.25,3309900,VIB
2023-05-26 07:00:00,11.27,11.35,11.22,11.33,2404300,VIB
2023-05-29 07:00:00,11.41,11.46,11.3,11.46,3875800,VIB
2023-05-30 07:00:00,11.49,11.52,11.41,11.46,3850400,VIB
2023-05-31 07:00:00,11.46,11.7,11.46,11.52,6502900,VIB
2023-06-01 07:00:00,11.52,11.62,11.46,11.6,4251200,VIB
2023-06-02 07:00:00,11.78,12.4,11.78,12.4,21473100,VIB
2023-06-05 07:00:00,12.7,12.7,12.38,12.48,8326700,VIB
2023-06-06 07:00:00,12.48,12.7,12.43,12.7,9666600,VIB
2023-06-07 07:00:00,12.7,12.73,12.54,12.7,7241900,VIB
2023-06-08 07:00:00,12.7,12.73,12.3,12.3,14234800,VIB
2023-06-09 07:00:00,12.35,12.7,12.24,12.59,11068900,VIB
2023-06-12 07:00:00,12.62,12.73,12.32,12.64,5712200,VIB
2023-06-13 07:00:00,12.64,12.7,12.48,12.59,5855200,VIB
2023-06-14 07:00:00,12.64,12.94,12.54,12.54,10432000,VIB
2023-06-15 07:00:00,12.54,12.59,12.43,12.46,6601200,VIB
2023-06-16 07:00:00,12.48,12.7,12.43,12.43,9142000,VIB
2023-06-19 07:00:00,12.43,12.51,12.38,12.43,4677500,VIB
2023-06-20 07:00:00,12.43,12.59,12.43,12.54,5205900,VIB
2023-06-21 07:00:00,12.59,12.59,12.51,12.54,8393200,VIB
2023-06-22 07:00:00,12.8,12.92,12.76,12.76,8928600,VIB
2023-06-23 07:00:00,12.8,13.05,12.8,12.89,5935300,VIB
2023-06-26 07:00:00,12.99,12.99,12.67,12.89,6614000,VIB
2023-06-27 07:00:00,12.92,12.92,12.7,12.8,4437400,VIB
2023-06-28 07:00:00,12.8,12.92,12.7,12.83,4521100,VIB
2023-06-29 07:00:00,12.86,12.89,12.73,12.76,5794700,VIB
2023-06-30 07:00:00,12.76,12.8,12.7,12.7,3321000,VIB
2023-07-03 07:00:00,12.7,12.76,12.63,12.7,2700100,VIB
2023-07-04 07:00:00,12.63,12.7,12.6,12.7,2871700,VIB
2023-07-05 07:00:00,12.7,12.96,12.7,12.86,7419400,VIB
2023-07-06 07:00:00,12.8,12.89,12.63,12.67,4085800,VIB
2023-07-07 07:00:00,12.63,12.8,12.6,12.8,2523100,VIB
2023-07-10 07:00:00,12.86,13.18,12.8,13.12,11490000,VIB
2023-07-11 07:00:00,13.18,13.34,13.05,13.12,5398000,VIB
2023-07-12 07:00:00,13.12,13.18,12.89,12.99,5051900,VIB
2023-07-13 07:00:00,13.05,13.05,12.92,13.05,4163700,VIB
2023-07-14 07:00:00,13.09,13.15,12.92,13.09,4546300,VIB
2023-07-17 07:00:00,13.09,13.22,13.09,13.18,4294800,VIB
2023-07-18 07:00:00,13.18,13.44,13.09,13.28,4950300,VIB
2023-07-19 07:00:00,13.38,13.41,13.25,13.28,5286700,VIB
2023-07-20 07:00:00,13.28,13.31,13.15,13.25,2845000,VIB
2023-07-21 07:00:00,13.22,13.28,13.12,13.28,3178000,VIB
2023-07-24 07:00:00,13.31,13.76,13.22,13.57,7571200,VIB
2023-07-25 07:00:00,13.57,13.76,13.54,13.54,5603600,VIB
2023-07-26 07:00:00,13.51,13.6,13.41,13.44,2564500,VIB
2023-07-27 07:00:00,13.44,13.51,13.25,13.34,4282400,VIB
2023-07-28 07:00:00,13.31,13.41,13.25,13.41,2700100,VIB
2023-07-31 07:00:00,13.47,13.67,13.44,13.44,3765500,VIB
2023-08-01 07:00:00,13.47,13.7,13.31,13.34,6111700,VIB
2023-08-02 07:00:00,13.28,13.47,13.25,13.38,5556600,VIB
2023-08-03 07:00:00,13.38,13.51,13.31,13.34,4021900,VIB
2023-08-04 07:00:00,13.41,13.57,13.31,13.57,5848700,VIB
2023-08-07 07:00:00,13.6,14.02,13.57,13.83,8288500,VIB
2023-08-08 07:00:00,13.96,13.99,13.67,13.7,4112600,VIB
2023-08-09 07:00:00,13.7,13.73,13.47,13.54,5295000,VIB
2023-08-10 07:00:00,13.51,13.57,13.25,13.34,5056400,VIB
2023-08-11 07:00:00,13.47,13.47,13.15,13.28,4837400,VIB
2023-08-14 07:00:00,13.34,13.44,13.25,13.38,4448000,VIB
2023-08-15 07:00:00,13.38,13.41,13.28,13.31,2716400,VIB
2023-08-16 07:00:00,13.31,13.47,13.22,13.34,3716200,VIB
2023-08-17 07:00:00,13.38,13.54,13.28,13.38,4211300,VIB
2023-08-18 07:00:00,13.31,13.34,12.6,12.63,8892200,VIB
2023-08-21 07:00:00,12.7,12.86,12.54,12.83,5020000,VIB
2023-08-22 07:00:00,12.83,12.86,12.31,12.83,5541300,VIB
2023-08-23 07:00:00,12.89,12.92,12.6,12.76,3218000,VIB
2023-08-24 07:00:00,12.73,12.83,12.67,12.76,3456700,VIB
2023-08-25 07:00:00,12.76,12.76,12.63,12.67,2583600,VIB
2023-08-28 07:00:00,12.67,12.83,12.67,12.8,2432100,VIB
2023-08-29 07:00:00,12.8,12.89,12.73,12.8,3821700,VIB
2023-08-30 07:00:00,12.86,12.99,12.8,12.92,3306400,VIB
2023-08-31 07:00:00,12.92,13.18,12.92,13.15,3262600,VIB
2023-09-05 07:00:00,13.28,13.44,13.25,13.31,4459300,VIB
2023-09-06 07:00:00,13.31,13.34,13.22,13.34,4318700,VIB
2023-09-07 07:00:00,13.44,13.57,13.31,13.38,6195400,VIB
2023-09-08 07:00:00,13.31,13.38,13.28,13.31,3898100,VIB
2023-09-11 07:00:00,13.44,13.44,13.05,13.05,5297000,VIB
2023-09-12 07:00:00,13.05,13.25,12.99,13.18,3756000,VIB
2023-09-13 07:00:00,13.25,13.57,13.18,13.57,11135200,VIB
2023-09-14 07:00:00,13.76,14.22,13.73,14.02,21459100,VIB
2023-09-15 07:00:00,13.96,14.12,13.8,13.93,12877300,VIB
2023-09-18 07:00:00,13.76,13.86,13.44,13.54,11720000,VIB
2023-09-19 07:00:00,13.54,13.6,13.31,13.38,7625100,VIB
2023-09-20 07:00:00,13.38,13.57,13.34,13.57,5587700,VIB
2023-09-21 07:00:00,13.6,13.67,13.31,13.34,8837800,VIB
2023-09-22 07:00:00,13.18,13.22,12.92,13.12,10630500,VIB
2023-09-25 07:00:00,13.12,13.15,12.31,12.31,7549000,VIB
2023-09-26 07:00:00,12.6,12.73,12.38,12.44,5082700,VIB
2023-09-27 07:00:00,12.44,12.67,12.25,12.63,4434900,VIB
2023-09-28 07:00:00,12.73,12.73,12.38,12.5,4040600,VIB
2023-09-29 07:00:00,12.6,12.73,12.47,12.5,2514400,VIB
2023-10-02 07:00:00,12.5,12.67,12.47,12.57,2044700,VIB
2023-10-03 07:00:00,12.44,12.5,12.08,12.15,6560300,VIB
2023-10-04 07:00:00,12.08,12.38,12.02,12.21,2222100,VIB
2023-10-05 07:00:00,12.34,12.34,11.96,11.96,3397500,VIB
2023-10-06 07:00:00,11.99,12.21,11.89,12.08,3185400,VIB
2023-10-09 07:00:00,12.08,12.25,11.99,12.25,3435600,VIB
2023-10-10 07:00:00,12.34,12.6,12.28,12.54,4137800,VIB
2023-10-11 07:00:00,12.54,12.67,12.44,12.67,2056200,VIB
2023-10-12 07:00:00,12.67,12.76,12.63,12.7,2660900,VIB
2023-10-13 07:00:00,12.34,12.6,12.34,12.5,2006100,VIB
2023-10-16 07:00:00,12.47,12.47,12.18,12.18,3519200,VIB
2023-10-17 07:00:00,12.28,12.34,12.05,12.05,2708000,VIB
2023-10-18 07:00:00,12.08,12.15,11.83,11.92,3454800,VIB
2023-10-19 07:00:00,11.89,11.92,11.63,11.79,4219200,VIB
2023-10-20 07:00:00,11.76,11.96,11.7,11.86,4006400,VIB
2023-10-23 07:00:00,11.86,11.92,11.66,11.66,2705800,VIB
2023-10-24 07:00:00,11.73,12.05,11.73,11.96,2062700,VIB
2023-10-25 07:00:00,11.96,12.05,11.83,11.83,2265100,VIB
2023-10-26 07:00:00,11.7,11.7,11.18,11.21,6121400,VIB
2023-10-27 07:00:00,11.5,11.7,11.31,11.7,2493400,VIB
2023-10-30 07:00:00,11.7,11.76,11.37,11.37,1744300,VIB
2023-10-31 07:00:00,11.37,11.63,11.34,11.57,3627700,VIB
2023-11-01 07:00:00,11.57,11.63,11.37,11.63,2414700,VIB
2023-11-02 07:00:00,11.73,12.02,11.63,11.99,3078900,VIB
2023-11-03 07:00:00,12.21,12.21,11.99,12.02,3335500,VIB
2023-11-06 07:00:00,12.25,12.25,12.08,12.21,2530600,VIB
2023-11-07 07:00:00,12.28,12.28,11.99,12.08,2331500,VIB
2023-11-08 07:00:00,12.08,12.54,12.05,12.54,3581400,VIB
2023-11-09 07:00:00,12.6,12.63,12.41,12.47,3009100,VIB
2023-11-10 07:00:00,12.28,12.5,12.25,12.28,3971200,VIB
2023-11-13 07:00:00,12.41,12.5,12.21,12.41,2970600,VIB
2023-11-14 07:00:00,12.44,12.73,12.41,12.67,6810100,VIB
2023-11-15 07:00:00,12.89,12.92,12.67,12.7,5371600,VIB
2023-11-16 07:00:00,12.63,12.7,12.54,12.67,2604300,VIB
2023-11-17 07:00:00,12.67,12.73,12.34,12.38,4530700,VIB
2023-11-20 07:00:00,12.31,12.38,12.12,12.28,3187300,VIB
2023-11-21 07:00:00,12.34,12.5,12.31,12.31,2033600,VIB
2023-11-22 07:00:00,12.34,12.44,12.18,12.41,2344400,VIB
2023-11-23 07:00:00,12.47,12.5,12.15,12.15,2602800,VIB
2023-11-24 07:00:00,12.15,12.21,11.99,12.15,2657900,VIB
2023-11-27 07:00:00,12.15,12.15,11.92,11.92,2539000,VIB
2023-11-28 07:00:00,11.92,12.08,11.83,12.08,1617000,VIB
2023-11-29 07:00:00,12.15,12.21,12.05,12.15,1756500,VIB
2023-11-30 07:00:00,12.15,12.25,12.02,12.08,1306800,VIB
2023-12-01 07:00:00,12.15,12.28,12.05,12.25,1735200,VIB
2023-12-04 07:00:00,12.38,12.41,12.28,12.38,8280100,VIB
2023-12-05 07:00:00,12.41,12.41,12.28,12.38,2569200,VIB
2023-12-06 07:00:00,12.41,12.47,12.34,12.41,4686400,VIB
2023-12-07 07:00:00,12.47,12.6,12.34,12.47,7027400,VIB
2023-12-08 07:00:00,12.47,12.57,12.44,12.5,4536500,VIB
2023-12-11 07:00:00,12.54,12.54,12.34,12.41,2208600,VIB
2023-12-12 07:00:00,12.47,12.47,12.31,12.41,2262600,VIB
2023-12-13 07:00:00,12.41,12.54,12.31,12.31,3331000,VIB
2023-12-14 07:00:00,12.41,12.41,12.21,12.21,3053400,VIB
2023-12-15 07:00:00,12.18,12.31,12.15,12.15,1780700,VIB
2023-12-18 07:00:00,12.15,12.18,11.96,11.99,3752800,VIB
2023-12-19 07:00:00,11.89,12.05,11.89,12.05,2102000,VIB
2023-12-20 07:00:00,12.15,12.15,12.02,12.08,1709400,VIB
2023-12-21 07:00:00,12.05,12.15,12.02,12.12,1390100,VIB
2023-12-22 07:00:00,12.15,12.21,12.02,12.12,1881200,VIB
2023-12-25 07:00:00,12.15,12.38,12.12,12.31,1528200,VIB
2023-12-26 07:00:00,12.31,12.38,12.28,12.38,1730300,VIB
2023-12-27 07:00:00,12.34,12.44,12.34,12.41,1900200,VIB
2023-12-28 07:00:00,12.44,12.7,12.41,12.7,5151100,VIB
2023-12-29 07:00:00,12.73,12.86,12.67,12.67,8957600,VIB
2024-01-02 07:00:00,12.7,12.86,12.7,12.8,4383500,VIB
2024-01-03 07:00:00,12.8,12.99,12.73,12.99,4469800,VIB
2024-01-04 07:00:00,13.05,13.51,12.96,13.18,10162800,VIB
2024-01-05 07:00:00,13.18,13.38,13.18,13.38,4437400,VIB
2024-01-08 07:00:00,13.51,13.57,13.38,13.51,6160100,VIB
2024-01-09 07:00:00,13.57,13.57,13.44,13.54,3891800,VIB
2024-01-10 07:00:00,13.51,13.67,13.44,13.6,4782400,VIB
2024-01-11 07:00:00,13.6,13.76,13.54,13.67,6946300,VIB
2024-01-12 07:00:00,13.54,13.7,13.44,13.6,9658800,VIB
2024-01-15 07:00:00,13.64,13.93,13.64,13.7,6440900,VIB
2024-01-16 07:00:00,13.64,13.89,13.6,13.89,4248700,VIB
2024-01-17 07:00:00,13.89,13.99,13.83,13.83,4946800,VIB
2024-01-18 07:00:00,13.83,13.86,13.7,13.83,3619100,VIB
2024-01-19 07:00:00,13.96,14.06,13.9,14.03,3577600,VIB
2024-01-22 07:00:00,14.06,14.16,13.9,14.03,4194100,VIB
2024-01-23 07:00:00,14.03,14.13,13.9,13.93,4130800,VIB
2024-01-24 07:00:00,13.93,14.0,13.83,13.86,2284400,VIB
2024-01-25 07:00:00,13.9,13.9,13.66,13.7,3843700,VIB
2024-01-26 07:00:00,13.73,13.86,13.73,13.83,2172300,VIB
2024-01-29 07:00:00,13.86,13.9,13.76,13.83,2175900,VIB
2024-01-30 07:00:00,13.86,13.9,13.7,13.9,3594500,VIB
2024-01-31 07:00:00,13.96,14.0,13.66,13.8,5757300,VIB
2024-02-01 07:00:00,13.8,13.83,13.6,13.73,4250600,VIB
2024-02-02 07:00:00,13.7,13.73,13.46,13.46,7524000,VIB
2024-02-05 07:00:00,13.53,14.16,13.5,14.1,10209500,VIB
2024-02-06 07:00:00,14.3,14.56,14.16,14.23,7384500,VIB
2024-02-07 07:00:00,14.36,14.43,14.23,14.43,11240800,VIB
2024-02-15 07:00:00,14.63,14.86,14.56,14.69,14543100,VIB
2024-02-16 07:00:00,14.83,14.83,14.53,14.69,5228100,VIB
2024-02-19 07:00:00,14.76,14.76,14.46,14.63,7475000,VIB
2024-02-20 07:00:00,14.66,14.99,14.56,14.76,6739600,VIB
2024-02-21 07:00:00,14.96,14.99,14.76,14.83,5639800,VIB
2024-02-22 07:00:00,14.89,14.96,14.76,14.96,4236200,VIB
2024-02-23 07:00:00,14.96,15.13,14.56,14.63,14808300,VIB
2024-02-26 07:00:00,14.56,14.63,14.4,14.59,4287500,VIB
2024-02-27 07:00:00,14.63,14.63,14.46,14.59,4719200,VIB
2024-02-28 07:00:00,14.66,14.73,14.53,14.69,4676300,VIB
2024-02-29 07:00:00,14.89,14.89,14.5,14.56,6362400,VIB
2024-03-01 07:00:00,14.53,14.56,14.33,14.56,4829300,VIB
2024-03-04 07:00:00,14.63,14.73,14.36,14.63,7382500,VIB
2024-03-05 07:00:00,14.63,14.69,14.5,14.69,3307100,VIB
2024-03-06 07:00:00,14.76,14.86,14.53,14.56,5293800,VIB
2024-03-07 07:00:00,14.59,14.59,14.46,14.53,5706900,VIB
2024-03-08 07:00:00,14.59,14.63,14.33,14.33,7431000,VIB
2024-03-11 07:00:00,14.33,14.4,14.16,14.16,3386600,VIB
2024-03-12 07:00:00,14.23,14.23,14.1,14.16,3515100,VIB
2024-03-13 07:00:00,14.3,14.69,14.13,14.66,4027500,VIB
2024-03-14 07:00:00,14.73,14.73,14.36,14.43,3858900,VIB
2024-03-15 07:00:00,14.53,15.03,14.43,14.96,8526000,VIB
2024-03-18 07:00:00,15.13,15.13,14.46,14.79,6283000,VIB
2024-03-19 07:00:00,14.79,14.86,14.56,14.69,3974500,VIB
2024-03-20 07:00:00,14.86,15.69,14.63,15.69,27152800,VIB
2024-03-21 07:00:00,15.89,16.22,15.72,16.16,9922100,VIB
2024-03-22 07:00:00,16.16,16.39,15.82,16.09,9227100,VIB
2024-03-25 07:00:00,16.06,16.46,15.72,15.92,7515000,VIB
2024-03-26 07:00:00,15.89,16.22,15.86,16.19,5056100,VIB
2024-03-27 07:00:00,16.19,16.19,15.92,16.09,5550600,VIB
2024-03-28 07:00:00,16.29,16.46,15.92,16.12,8013000,VIB
2024-03-29 07:00:00,16.12,16.62,15.96,16.36,6179900,VIB
2024-04-01 07:00:00,16.22,16.36,15.92,16.16,5853200,VIB
2024-04-02 07:00:00,15.99,16.16,15.66,16.02,11610200,VIB
2024-04-03 07:00:00,16.02,16.02,15.62,15.66,8770800,VIB
2024-04-04 07:00:00,15.66,15.76,15.42,15.42,7718000,VIB
2024-04-05 07:00:00,15.23,15.33,15.03,15.09,7370900,VIB
2024-04-08 07:00:00,15.09,15.19,14.99,15.09,8400200,VIB
2024-04-09 07:00:00,15.09,15.36,15.06,15.33,5832900,VIB
2024-04-10 07:00:00,15.46,15.46,15.23,15.23,6594200,VIB
2024-04-11 07:00:00,15.16,15.23,15.03,15.23,4585700,VIB
2024-04-12 07:00:00,15.36,15.69,15.19,15.69,9057600,VIB
2024-04-15 07:00:00,15.69,15.82,14.93,14.96,11379800,VIB
2024-04-16 07:00:00,15.03,15.29,14.63,14.99,9408200,VIB
2024-04-17 07:00:00,15.27,15.3,14.72,14.72,7517500,VIB
2024-04-19 07:00:00,14.38,14.72,14.34,14.45,8950600,VIB
2024-04-22 07:00:00,14.48,14.65,14.45,14.51,5869800,VIB
2024-04-23 07:00:00,14.51,14.75,14.24,14.38,6476700,VIB
2024-04-24 07:00:00,14.45,14.79,14.45,14.65,4443600,VIB
2024-04-25 07:00:00,14.65,14.72,14.41,14.48,3793100,VIB
2024-04-26 07:00:00,14.31,14.58,14.31,14.45,2906500,VIB
2024-05-02 07:00:00,14.41,14.68,14.38,14.65,3169100,VIB
2024-05-03 07:00:00,14.72,14.89,14.51,14.51,5626600,VIB
2024-05-06 07:00:00,14.65,14.89,14.62,14.86,4440600,VIB
2024-05-07 07:00:00,14.96,14.99,14.75,14.86,2608500,VIB
2024-05-08 07:00:00,14.72,14.82,14.62,14.75,4433900,VIB
2024-05-09 07:00:00,14.79,14.89,14.65,14.79,3079500,VIB
2024-05-10 07:00:00,14.79,14.79,14.68,14.75,2714000,VIB
2024-05-13 07:00:00,14.75,14.82,14.58,14.62,3635100,VIB
2024-05-14 07:00:00,14.79,15.2,14.65,14.89,6938100,VIB
2024-05-15 07:00:00,15.1,15.1,14.89,14.96,3361300,VIB
2024-05-16 07:00:00,15.2,15.3,15.13,15.27,9175800,VIB
2024-05-17 07:00:00,15.27,15.34,15.2,15.27,4327200,VIB
2024-05-20 07:00:00,15.47,15.51,15.34,15.4,7439300,VIB
2024-05-21 07:00:00,15.51,15.51,15.2,15.47,7287600,VIB
2024-05-22 07:00:00,15.47,15.58,15.2,15.2,6625300,VIB
2024-05-23 07:00:00,15.13,15.23,15.06,15.23,3620300,VIB
2024-05-24 07:00:00,15.06,15.54,14.92,15.06,14934200,VIB
2024-05-27 07:00:00,15.1,15.16,14.96,15.06,3449500,VIB
2024-05-28 07:00:00,15.27,15.27,15.06,15.27,4019500,VIB
2024-05-29 07:00:00,15.3,15.37,14.99,14.99,5539200,VIB
2024-05-30 07:00:00,14.96,15.06,14.79,15.06,5831900,VIB
2024-05-31 07:00:00,15.06,15.06,14.89,14.89,3128800,VIB
2024-06-03 07:00:00,14.96,15.37,14.96,15.27,4751200,VIB
2024-06-04 07:00:00,15.34,15.4,15.23,15.34,3476400,VIB
2024-06-05 07:00:00,15.4,15.61,15.34,15.34,7851800,VIB
2024-06-06 07:00:00,15.47,15.47,15.27,15.34,3668300,VIB
2024-06-07 07:00:00,15.47,15.51,15.27,15.34,2831200,VIB
2024-06-10 07:00:00,15.34,15.44,15.2,15.44,5269600,VIB
2024-06-11 07:00:00,15.47,15.85,15.47,15.68,8505900,VIB
2024-06-12 07:00:00,15.64,15.75,15.51,15.71,5256100,VIB
2024-06-13 07:00:00,15.75,15.82,15.61,15.68,7715200,VIB
2024-06-14 07:00:00,15.78,15.78,15.4,15.4,6670000,VIB
2024-06-17 07:00:00,15.34,15.4,15.1,15.1,7547600,VIB
2024-06-18 07:00:00,15.16,15.27,15.1,15.1,3475900,VIB
2024-06-19 07:00:00,15.23,15.23,14.99,15.06,4359900,VIB
2024-06-20 07:00:00,15.06,15.13,14.96,15.06,3562700,VIB
2024-06-21 07:00:00,15.06,15.06,14.92,14.92,3604200,VIB
2024-06-24 07:00:00,14.86,14.92,14.58,14.58,7871800,VIB
2024-06-25 07:00:00,14.72,14.72,14.48,14.58,3238000,VIB
2024-06-26 07:00:00,14.62,14.68,14.48,14.55,2587600,VIB
2024-06-27 07:00:00,14.51,14.62,14.45,14.48,3009100,VIB
2024-06-28 07:00:00,14.55,14.55,14.38,14.38,2780600,VIB
2024-07-01 07:00:00,14.31,14.51,14.31,14.51,2130300,VIB
2024-07-02 07:00:00,14.51,14.72,14.51,14.65,2316500,VIB
2024-07-03 07:00:00,14.68,14.72,14.58,14.62,2533700,VIB
2024-07-04 07:00:00,14.58,14.72,14.48,14.55,2950500,VIB
2024-07-05 07:00:00,14.55,14.55,14.38,14.51,2937800,VIB
2024-07-08 07:00:00,14.51,14.65,14.48,14.58,2197500,VIB
2024-07-09 07:00:00,14.62,14.72,14.55,14.65,4017200,VIB
2024-07-10 07:00:00,14.68,14.82,14.62,14.62,3291800,VIB
2024-07-11 07:00:00,14.72,14.75,14.58,14.58,2654700,VIB
2024-07-12 07:00:00,14.58,14.68,14.55,14.58,1453100,VIB
2024-07-15 07:00:00,14.62,14.68,14.51,14.58,1465100,VIB
2024-07-16 07:00:00,14.58,14.82,14.58,14.58,3172800,VIB
2024-07-17 07:00:00,14.68,15.2,14.65,14.79,8679900,VIB
2024-07-18 07:00:00,14.82,14.96,14.68,14.75,3563500,VIB
2024-07-19 07:00:00,14.75,14.96,14.65,14.68,4828200,VIB
2024-07-22 07:00:00,14.68,14.92,14.55,14.62,5098600,VIB
2024-07-23 07:00:00,14.68,14.72,14.45,14.45,3948000,VIB
2024-07-24 07:00:00,14.45,14.51,14.27,14.38,3426700,VIB
2024-07-25 07:00:00,14.38,14.41,14.24,14.24,2790100,VIB
2024-07-26 07:00:00,14.31,14.38,14.24,14.31,1464000,VIB
2024-07-29 07:00:00,14.38,14.45,14.31,14.31,1868900,VIB
2024-07-30 07:00:00,14.34,14.34,14.04,14.1,3730100,VIB
2024-07-31 07:00:00,14.1,14.51,14.07,14.51,5398700,VIB
2024-08-01 07:00:00,14.58,14.62,14.14,14.17,4218000,VIB
2024-08-02 07:00:00,14.1,14.45,14.0,14.45,4311300,VIB
2024-08-05 07:00:00,14.17,14.31,13.83,13.86,6979100,VIB
2024-08-06 07:00:00,14.07,14.24,13.93,14.24,2711600,VIB
2024-08-07 07:00:00,14.31,14.31,14.04,14.14,1515700,VIB
2024-08-08 07:00:00,14.07,14.38,14.07,14.14,2588800,VIB
2024-08-09 07:00:00,14.27,14.31,14.17,14.31,2128400,VIB
2024-08-12 07:00:00,14.27,14.31,14.14,14.24,2392000,VIB
2024-08-13 07:00:00,14.17,14.38,14.07,14.07,4890000,VIB
2024-08-14 07:00:00,14.14,14.21,14.1,14.1,1546700,VIB
2024-08-15 07:00:00,14.14,14.24,14.1,14.24,2118100,VIB
2024-08-16 07:00:00,14.21,14.51,14.21,14.48,4174800,VIB
2024-08-19 07:00:00,14.51,14.82,14.51,14.72,4641600,VIB
2024-08-20 07:00:00,14.72,14.75,14.58,14.65,4033700,VIB
2024-08-21 07:00:00,14.65,14.68,14.51,14.62,7067100,VIB
2024-08-22 07:00:00,14.94,14.98,14.74,14.74,8297900,VIB
2024-08-23 07:00:00,14.74,14.78,14.66,14.74,4067700,VIB
2024-08-26 07:00:00,14.82,14.82,14.7,14.7,3186300,VIB
2024-08-27 07:00:00,14.74,14.74,14.66,14.66,3446700,VIB
2024-08-28 07:00:00,14.66,14.74,14.58,14.66,2300900,VIB
2024-08-29 07:00:00,14.7,14.78,14.66,14.66,3745600,VIB
2024-08-30 07:00:00,14.66,14.74,14.66,14.7,2398100,VIB
2024-09-04 07:00:00,14.58,14.62,14.42,14.58,2123900,VIB
2024-09-05 07:00:00,14.62,14.74,14.54,14.54,3844600,VIB
2024-09-06 07:00:00,14.58,14.62,14.5,14.5,2085200,VIB
2024-09-09 07:00:00,14.5,14.5,14.3,14.34,2840800,VIB
2024-09-10 07:00:00,14.42,14.5,14.3,14.34,1429800,VIB
2024-09-11 07:00:00,14.34,14.38,14.26,14.3,2198200,VIB
2024-09-12 07:00:00,14.34,14.54,14.34,14.54,1778300,VIB
2024-09-13 07:00:00,14.5,14.54,14.42,14.42,1621000,VIB
2024-09-16 07:00:00,14.42,14.5,14.34,14.42,1832900,VIB
2024-09-17 07:00:00,14.46,14.54,14.34,14.54,1548000,VIB
2024-09-18 07:00:00,14.54,14.66,14.5,14.62,2956000,VIB
2024-09-19 07:00:00,14.66,14.7,14.62,14.66,2095400,VIB
2024-09-20 07:00:00,14.74,14.9,14.7,14.78,6346100,VIB
2024-09-23 07:00:00,14.82,14.94,14.78,14.82,3124100,VIB
2024-09-24 07:00:00,14.82,15.3,14.62,15.3,19066000,VIB
2024-09-25 07:00:00,15.3,15.58,15.18,15.58,15476000,VIB
2024-09-26 07:00:00,15.58,15.74,15.42,15.54,19828500,VIB
2024-09-27 07:00:00,15.58,15.66,15.38,15.5,17254200,VIB
2024-09-30 07:00:00,15.5,15.58,15.38,15.46,9580700,VIB
2024-10-01 07:00:00,15.5,16.02,15.42,15.86,33157700,VIB
2024-10-02 07:00:00,15.82,15.82,15.66,15.66,8365600,VIB
2024-10-03 07:00:00,15.7,15.98,15.42,15.42,25247700,VIB
2024-10-04 07:00:00,15.42,15.54,15.34,15.42,10344200,VIB
2024-10-07 07:00:00,15.54,15.58,15.38,15.38,6663900,VIB
2024-10-08 07:00:00,15.42,15.62,15.38,15.38,10322100,VIB
2024-10-09 07:00:00,15.42,15.5,15.34,15.38,12384900,VIB
2024-10-10 07:00:00,15.46,15.58,15.3,15.3,17525800,VIB
2024-10-11 07:00:00,15.3,15.38,15.22,15.3,6388200,VIB
2024-10-14 07:00:00,15.38,15.42,15.22,15.26,7510100,VIB
2024-10-15 07:00:00,15.26,15.5,15.26,15.38,10964300,VIB
2024-10-16 07:00:00,15.34,15.42,15.26,15.34,6300300,VIB
2024-10-17 07:00:00,15.34,15.54,15.18,15.5,13633600,VIB
2024-10-18 07:00:00,15.58,15.9,15.54,15.62,29939000,VIB
2024-10-21 07:00:00,15.54,15.62,15.34,15.38,11022700,VIB
2024-10-22 07:00:00,15.38,15.38,14.9,15.02,25443600,VIB
2024-10-23 07:00:00,15.02,15.14,14.74,14.98,24225600,VIB
2024-10-24 07:00:00,15.02,15.14,14.82,14.82,10839900,VIB
2024-10-25 07:00:00,14.94,14.98,14.62,14.62,18185000,VIB
2024-10-28 07:00:00,14.7,14.82,14.58,14.62,14480800,VIB
2024-10-29 07:00:00,14.66,15.02,14.66,15.02,28752200,VIB
2024-10-30 07:00:00,15.14,15.34,15.06,15.22,21736400,VIB
2024-10-31 07:00:00,15.22,15.22,15.06,15.18,6463700,VIB
2024-11-01 07:00:00,15.14,15.18,14.98,15.1,8279000,VIB
2024-11-04 07:00:00,15.02,15.02,14.78,14.82,9164500,VIB
2024-11-05 07:00:00,14.82,14.94,14.78,14.82,4577800,VIB
2024-11-06 07:00:00,14.9,14.98,14.86,14.9,6074600,VIB
2024-11-07 07:00:00,14.98,14.98,14.82,14.82,4892500,VIB
2024-11-08 07:00:00,14.9,14.9,14.62,14.66,9534100,VIB
2024-11-11 07:00:00,14.66,14.74,14.46,14.58,15262800,VIB
2024-11-12 07:00:00,14.66,14.74,14.54,14.7,8404500,VIB
2024-11-13 07:00:00,14.66,14.7,14.54,14.66,6297800,VIB
2024-11-14 07:00:00,14.7,14.7,14.5,14.58,8002200,VIB
2024-11-15 07:00:00,14.5,14.62,14.5,14.54,14090000,VIB
2024-11-18 07:00:00,14.54,14.7,14.38,14.58,7499600,VIB
2024-11-19 07:00:00,14.58,14.66,14.46,14.46,3613400,VIB
2024-11-20 07:00:00,14.42,14.62,14.42,14.54,4479200,VIB
2024-11-21 07:00:00,14.54,14.66,14.5,14.66,3701900,VIB
2024-11-22 07:00:00,14.7,14.74,14.58,14.58,4951100,VIB
2024-11-25 07:00:00,14.62,14.9,14.58,14.82,11233500,VIB
2024-11-26 07:00:00,14.86,14.98,14.82,14.86,6879500,VIB
2024-11-27 07:00:00,14.86,14.94,14.78,14.82,5210400,VIB
2024-11-28 07:00:00,14.9,15.22,14.86,15.14,13648200,VIB
2024-11-29 07:00:00,15.06,15.22,15.02,15.22,8485700,VIB
2024-12-02 07:00:00,15.22,15.26,15.1,15.1,5234500,VIB
2024-12-03 07:00:00,15.1,15.26,14.98,15.06,9894400,VIB
2024-12-04 07:00:00,15.06,15.22,15.02,15.1,7111800,VIB
2024-12-05 07:00:00,15.06,15.5,15.06,15.5,11423500,VIB
2024-12-06 07:00:00,15.42,15.54,15.38,15.42,7405900,VIB
2024-12-09 07:00:00,15.46,15.5,15.38,15.46,5693400,VIB
2024-12-10 07:00:00,15.46,15.5,15.42,15.46,4789100,VIB
2024-12-11 07:00:00,15.5,15.54,15.3,15.34,5651400,VIB
2024-12-12 07:00:00,15.38,15.42,15.3,15.3,5848600,VIB
2024-12-13 07:00:00,15.3,15.42,15.26,15.42,5249600,VIB
2024-12-16 07:00:00,15.42,15.5,15.38,15.46,5088900,VIB
2024-12-17 07:00:00,15.5,15.5,15.38,15.38,3377700,VIB
2024-12-18 07:00:00,15.38,15.42,15.26,15.34,5668900,VIB
2024-12-19 07:00:00,15.26,15.3,15.14,15.14,12871900,VIB
2024-12-20 07:00:00,15.1,15.22,15.1,15.18,3273300,VIB
2024-12-23 07:00:00,15.22,15.3,15.14,15.18,3862800,VIB
2024-12-24 07:00:00,15.18,15.26,15.1,15.26,6079700,VIB
2024-12-25 07:00:00,15.22,15.7,15.22,15.38,15320100,VIB
2024-12-26 07:00:00,15.5,15.86,15.46,15.82,21867900,VIB
2024-12-27 07:00:00,15.86,16.22,15.82,16.06,22848400,VIB
2024-12-30 07:00:00,16.06,16.14,15.82,15.82,7629400,VIB
2024-12-31 07:00:00,15.86,15.9,15.78,15.78,6423000,VIB
2025-01-02 07:00:00,15.78,15.98,15.7,15.78,6755900,VIB
2025-01-03 07:00:00,15.78,15.78,15.34,15.34,7458700,VIB
2025-01-06 07:00:00,15.34,15.42,15.26,15.34,7984400,VIB
2025-01-07 07:00:00,15.38,15.58,15.3,15.5,7023600,VIB
2025-01-08 07:00:00,15.5,15.62,15.38,15.58,4983100,VIB
2025-01-09 07:00:00,15.58,15.66,15.54,15.58,4807900,VIB
2025-01-10 07:00:00,15.62,15.7,15.46,15.46,10223500,VIB
2025-01-13 07:00:00,15.42,15.54,15.34,15.54,5688700,VIB
2025-01-14 07:00:00,15.54,15.62,15.46,15.54,3487800,VIB
2025-01-15 07:00:00,15.62,15.86,15.54,15.74,6065800,VIB
2025-01-16 07:00:00,15.86,15.86,15.7,15.78,5915600,VIB
2025-01-17 07:00:00,15.82,15.9,15.74,15.9,5072400,VIB
2025-01-20 07:00:00,15.9,16.18,15.9,16.1,9721800,VIB
2025-01-21 07:00:00,16.18,16.22,15.98,16.1,5162700,VIB
2025-01-22 07:00:00,16.14,16.14,15.94,15.98,6919300,VIB
2025-01-23 07:00:00,15.98,16.42,15.98,16.38,11908500,VIB
2025-01-24 07:00:00,16.42,16.66,16.3,16.54,8968000,VIB
2025-02-03 07:00:00,16.38,16.38,15.42,16.1,9829300,VIB
2025-02-04 07:00:00,16.14,16.42,16.14,16.3,5988800,VIB
2025-02-05 07:00:00,16.3,16.38,16.26,16.34,3887800,VIB
2025-02-06 07:00:00,16.5,16.66,16.34,16.38,3973800,VIB
2025-02-07 07:00:00,16.26,16.62,16.22,16.42,6636000,VIB
2025-02-10 07:00:00,16.3,16.82,16.22,16.42,11654400,VIB
2025-02-11 07:00:00,16.62,16.74,16.42,16.54,4937200,VIB
2025-02-12 07:00:00,16.54,16.58,16.34,16.42,6346400,VIB
2025-02-13 07:00:00,16.34,16.42,16.3,16.38,6620600,VIB
2025-02-14 07:00:00,16.54,16.58,16.34,16.38,5230800,VIB
2025-02-17 07:00:00,16.34,16.46,16.3,16.3,4421300,VIB
2025-02-18 07:00:00,16.34,16.5,16.3,16.34,6055800,VIB
2025-02-19 07:00:00,16.34,16.62,16.34,16.46,8313900,VIB
2025-02-20 07:00:00,16.54,16.54,16.46,16.46,6876300,VIB
2025-02-21 07:00:00,16.46,16.58,16.42,16.5,7675800,VIB
2025-02-24 07:00:00,16.5,16.94,16.42,16.66,17450900,VIB
2025-02-25 07:00:00,16.7,16.82,16.58,16.62,12544600,VIB
2025-02-26 07:00:00,16.62,16.66,16.5,16.5,8022900,VIB
2025-02-27 07:00:00,16.46,16.54,16.38,16.54,7516800,VIB
2025-02-28 07:00:00,16.46,16.74,16.38,16.62,12878600,VIB
2025-03-03 07:00:00,16.66,16.94,16.66,16.82,18497900,VIB
2025-03-04 07:00:00,16.74,16.98,16.7,16.9,13951200,VIB
2025-03-05 07:00:00,17.02,17.14,16.82,16.82,20974600,VIB
2025-03-06 07:00:00,16.82,16.82,16.54,16.78,13191200,VIB
2025-03-07 07:00:00,16.74,16.98,16.66,16.78,12613000,VIB
2025-03-10 07:00:00,16.9,16.98,16.74,16.78,15164400,VIB
2025-03-11 07:00:00,16.7,16.74,16.58,16.66,8864900,VIB
2025-03-12 07:00:00,16.82,16.82,16.42,16.42,12810900,VIB
2025-03-13 07:00:00,16.42,16.5,16.14,16.26,15737100,VIB
2025-03-14 07:00:00,16.26,16.34,16.18,16.3,5330300,VIB
2025-03-17 07:00:00,16.42,16.62,16.3,16.42,7723000,VIB
2025-03-18 07:00:00,16.58,16.58,16.3,16.34,4846400,VIB
2025-03-19 07:00:00,16.3,16.5,16.26,16.42,9843300,VIB
2025-03-20 07:00:00,16.54,16.54,16.3,16.34,7555000,VIB
2025-03-21 07:00:00,16.38,16.42,16.26,16.26,4425000,VIB
2025-03-24 07:00:00,16.26,16.3,15.66,15.98,25176100,VIB
2025-03-25 07:00:00,16.06,16.3,15.94,16.06,14167500,VIB
2025-03-26 07:00:00,16.14,16.18,15.98,15.98,8916600,VIB
2025-03-27 07:00:00,15.98,16.1,15.94,16.02,4549900,VIB
2025-03-28 07:00:00,16.02,16.02,15.82,15.86,6620500,VIB
2025-03-31 07:00:00,15.78,15.9,15.7,15.9,5209000,VIB
2025-04-01 07:00:00,16.02,16.06,15.9,16.02,5841100,VIB
2025-04-02 07:00:00,16.1,16.18,15.98,15.98,9671100,VIB
2025-04-03 07:00:00,15.46,15.66,14.9,14.9,31989100,VIB
2025-04-04 07:00:00,14.3,14.98,13.94,14.98,21898700,VIB
2025-04-08 07:00:00,14.42,14.46,13.94,13.94,10872000,VIB
2025-04-09 07:00:00,13.06,14.5,13.06,13.58,12080700,VIB
2025-04-10 07:00:00,14.5,14.5,14.5,14.5,645500,VIB
2025-04-11 07:00:00,15.06,15.06,14.58,14.94,16422400,VIB
2025-04-14 07:00:00,14.94,15.06,14.86,15.02,5914500,VIB
2025-04-15 07:00:00,14.86,15.02,14.7,14.78,7080200,VIB
2025-04-16 07:00:00,14.78,14.86,14.58,14.58,5114600,VIB
2025-04-17 07:00:00,14.58,14.74,14.34,14.42,8916400,VIB
2025-04-18 07:00:00,14.54,14.78,14.54,14.66,4870700,VIB
2025-04-21 07:00:00,14.7,14.82,14.66,14.7,5756800,VIB
2025-04-22 07:00:00,14.57,14.82,13.82,14.57,6132300,VIB
2025-04-23 07:00:00,14.74,14.82,14.7,14.7,3559200,VIB
2025-04-24 07:00:00,14.66,14.82,14.61,14.7,2372500,VIB
2025-04-25 07:00:00,14.66,14.7,14.4,14.45,8744900,VIB
2025-04-28 07:00:00,14.61,14.66,14.45,14.45,2032800,VIB
2025-04-29 07:00:00,14.61,14.61,14.45,14.45,1984300,VIB
2025-05-05 07:00:00,14.61,14.61,14.45,14.61,3035500,VIB
2025-05-06 07:00:00,14.61,14.7,14.57,14.57,4157200,VIB
2025-05-07 07:00:00,14.53,14.57,14.45,14.53,2845000,VIB
2025-05-08 07:00:00,14.53,14.7,14.4,14.66,5038300,VIB
2025-05-09 07:00:00,14.61,14.66,14.49,14.61,3020700,VIB
2025-05-12 07:00:00,14.61,14.99,14.61,14.99,7467800,VIB
2025-05-13 07:00:00,15.07,15.07,14.86,15.03,4120000,VIB
2025-05-14 07:00:00,15.03,15.32,14.99,15.28,6583900,VIB
2025-05-15 07:00:00,15.36,15.61,15.24,15.61,9440300,VIB
2025-05-16 07:00:00,15.45,15.53,15.16,15.24,6048800,VIB
2025-05-19 07:00:00,15.24,15.32,14.99,14.99,5940200,VIB
2025-05-20 07:00:00,14.99,15.24,14.99,15.16,4492200,VIB
2025-05-21 07:00:00,15.32,15.32,15.11,15.16,5509900,VIB
2025-05-22 07:00:00,15.16,15.28,15.07,15.11,5517400,VIB
2025-05-23 07:00:00,15.11,15.24,15.11,15.16,3961600,VIB
2025-05-26 07:00:00,15.2,15.24,14.9,15.2,4408000,VIB
2025-05-27 07:00:00,15.24,15.61,15.24,15.53,12313900,VIB
2025-05-28 07:00:00,15.53,15.65,15.32,15.36,4094900,VIB
2025-05-29 07:00:00,15.4,15.45,15.24,15.24,3602200,VIB
2025-05-30 07:00:00,15.2,15.32,14.9,14.9,7601600,VIB
2025-06-02 07:00:00,14.9,15.07,14.82,15.03,3053000,VIB
2025-06-03 07:00:00,15.11,15.16,14.99,15.07,4975200,VIB
2025-06-04 07:00:00,15.11,15.16,15.03,15.07,4554400,VIB
2025-06-05 07:00:00,15.03,15.16,14.99,14.99,3911900,VIB
2025-06-06 07:00:00,14.95,15.03,14.86,14.86,3309100,VIB
2025-06-09 07:00:00,14.86,14.95,14.82,14.86,2080300,VIB
2025-06-10 07:00:00,14.99,15.03,14.86,14.86,2178800,VIB
2025-06-11 07:00:00,14.86,14.95,14.78,14.82,2217400,VIB
2025-06-12 07:00:00,14.95,14.99,14.86,14.99,3503800,VIB
2025-06-13 07:00:00,14.95,15.2,14.86,14.9,6509300,VIB
2025-06-16 07:00:00,14.9,15.24,14.9,15.24,6364700,VIB
2025-06-17 07:00:00,15.32,15.32,15.07,15.16,4254900,VIB
2025-06-18 07:00:00,15.24,15.28,14.99,15.03,7535900,VIB
2025-06-19 07:00:00,15.03,15.07,14.95,14.99,4906600,VIB
2025-06-20 07:00:00,15.03,15.2,14.95,15.07,5662000,VIB
2025-06-23 07:00:00,14.99,15.07,14.95,14.99,3759300,VIB
2025-06-24 07:00:00,15.07,15.2,15.03,15.11,7118000,VIB
2025-06-25 07:00:00,15.16,15.32,15.11,15.16,7116200,VIB
2025-06-26 07:00:00,15.24,15.24,15.03,15.07,2279300,VIB
2025-06-27 07:00:00,15.2,15.2,15.03,15.07,2950300,VIB
2025-06-30 07:00:00,15.11,15.28,15.07,15.24,7141400,VIB
2025-07-01 07:00:00,15.28,15.32,15.16,15.24,4002500,VIB
2025-07-02 07:00:00,15.28,15.28,15.16,15.24,4359600,VIB
2025-07-03 07:00:00,15.28,15.49,15.24,15.28,9117100,VIB
2025-07-04 07:00:00,15.36,15.36,15.24,15.32,4322900,VIB
2025-07-07 07:00:00,15.45,15.65,15.36,15.57,10376000,VIB
2025-07-08 07:00:00,15.7,15.74,15.57,15.65,6768800,VIB
2025-07-09 07:00:00,15.74,16.03,15.7,15.95,13804900,VIB
2025-07-10 07:00:00,16.03,16.03,15.82,15.9,5474600,VIB
2025-07-11 07:00:00,15.95,16.2,15.86,16.11,12525100,VIB
2025-07-14 07:00:00,16.15,16.28,15.86,16.15,7762300,VIB
2025-07-15 07:00:00,16.15,16.28,16.11,16.11,15577100,VIB
2025-07-16 07:00:00,16.11,16.15,16.03,16.07,14330500,VIB
2025-07-17 07:00:00,16.26,16.36,16.12,16.17,11966900,VIB
2025-07-18 07:00:00,16.17,16.36,16.12,16.21,11826800,VIB
2025-07-21 07:00:00,16.31,16.59,16.17,16.45,16028100,VIB
2025-07-22 07:00:00,16.45,16.55,16.36,16.5,14387100,VIB
2025-07-23 07:00:00,16.64,16.92,16.5,16.88,21078000,VIB
2025-07-24 07:00:00,17.07,17.59,17.02,17.4,25845800,VIB
2025-07-25 07:00:00,17.49,17.59,17.26,17.45,20586700,VIB
2025-07-28 07:00:00,17.54,17.92,17.54,17.87,30401200,VIB
2025-07-29 07:00:00,18.06,18.54,17.54,17.59,43173600,VIB
2025-07-30 07:00:00,17.73,18.49,17.68,18.35,34138600,VIB
2025-07-31 07:00:00,18.49,18.68,18.25,18.39,21196600,VIB
2025-08-01 07:00:00,18.54,18.58,17.45,18.01,30980000,VIB
2025-08-04 07:00:00,18.01,18.35,17.78,18.35,11488000,VIB
2025-08-05 07:00:00,18.54,19.06,17.07,18.3,28673600,VIB
2025-08-06 07:00:00,18.49,18.58,18.3,18.49,11127400,VIB
2025-08-07 07:00:00,18.58,18.58,18.25,18.54,18677500,VIB
2025-08-08 07:00:00,18.73,19.44,18.73,19.2,26053500,VIB
2025-08-11 07:00:00,19.39,19.77,19.2,19.25,15128200,VIB
2025-08-12 07:00:00,19.44,19.44,18.73,18.87,16544800,VIB
2025-08-13 07:00:00,19.01,19.06,18.54,18.92,19014200,VIB
2025-08-14 07:00:00,19.2,19.58,18.92,19.39,23970800,VIB
2025-08-15 07:00:00,19.58,19.77,19.06,19.29,20235500,VIB
2025-08-18 07:00:00,19.44,19.44,18.96,19.06,10069200,VIB
2025-08-19 07:00:00,19.06,19.53,19.06,19.44,18158700,VIB
2025-08-20 07:00:00,19.72,20.76,19.29,20.76,70277500,VIB
2025-08-21 07:00:00,22.19,22.19,21.95,22.19,20555600,VIB
2025-08-22 07:00:00,23.23,23.51,20.91,22.38,62489500,VIB
2025-08-25 07:00:00,22.61,23.04,20.81,20.81,42070300,VIB
2025-08-26 07:00:00,20.86,21.57,20.53,21.57,24671600,VIB
2025-08-27 07:00:00,21.57,22.09,21.19,21.19,21032900,VIB
2025-08-28 07:00:00,21.24,21.28,20.81,21.0,16460200,VIB
2025-08-29 07:00:00,21.28,21.81,21.0,21.43,19811100,VIB
2025-09-03 07:00:00,21.43,21.52,20.95,21.48,12394400,VIB
2025-09-04 07:00:00,21.57,22.23,21.57,21.76,18316700,VIB
2025-09-05 07:00:00,22.0,22.04,21.1,21.1,17327300,VIB
2025-09-08 07:00:00,20.76,20.95,19.91,19.91,23175400,VIB
2025-09-09 07:00:00,19.86,20.05,19.53,19.96,10440300,VIB
2025-09-10 07:00:00,20.0,20.1,19.63,19.82,8739800,VIB
2025-09-11 07:00:00,19.82,19.96,19.06,19.91,11136500,VIB
2025-09-12 07:00:00,20.0,20.24,19.82,20.15,8413100,VIB
2025-09-15 07:00:00,20.29,20.53,20.0,20.34,11200700,VIB
2025-09-16 07:00:00,20.43,20.57,19.91,19.96,24492400,VIB
2025-09-17 07:00:00,19.96,20.1,19.53,19.58,11156500,VIB
2025-09-18 07:00:00,19.72,19.77,19.2,19.48,7856600,VIB
2025-09-19 07:00:00,19.53,19.53,19.06,19.25,8375000,VIB
2025-09-22 07:00:00,19.1,19.25,18.49,18.73,16044300,VIB
2025-09-23 07:00:00,18.87,19.01,18.68,18.82,7486300,VIB
2025-09-24 07:00:00,18.82,19.44,18.49,19.44,11269200,VIB
2025-09-25 07:00:00,19.44,19.58,18.96,19.06,13576600,VIB
2025-09-26 07:00:00,19.06,19.1,18.73,18.77,7454500,VIB
2025-09-29 07:00:00,18.73,18.92,18.63,18.73,7070500,VIB
2025-09-30 07:00:00,18.73,18.96,18.58,18.87,9290700,VIB
2025-10-01 07:00:00,18.87,19.29,18.87,19.06,8350500,VIB
2025-10-02 07:00:00,19.1,19.29,18.68,18.68,10580000,VIB
2025-10-03 07:00:00,18.68,18.82,18.63,18.73,6748900,VIB
2025-10-06 07:00:00,18.96,19.53,18.92,19.48,11256400,VIB
2025-10-07 07:00:00,19.63,19.63,19.1,19.15,8787300,VIB
2025-10-08 07:00:00,19.34,19.39,19.01,19.01,10243600,VIB
2025-10-09 07:00:00,19.01,19.34,19.01,19.34,9640500,VIB
2025-10-10 07:00:00,19.44,19.53,19.25,19.29,10320200,VIB
2025-10-13 07:00:00,18.96,19.25,18.92,19.1,10706900,VIB
2025-10-14 07:00:00,19.29,19.34,18.96,18.96,13677400,VIB
2025-10-15 07:00:00,18.87,19.34,18.87,19.2,11054400,VIB
2025-10-16 07:00:00,19.2,19.2,18.96,18.96,8456300,VIB
2025-10-17 07:00:00,18.96,19.1,18.68,18.68,12630200,VIB
2025-10-20 07:00:00,18.68,18.77,17.4,17.4,21189400,VIB
2025-10-21 07:00:00,17.45,17.97,17.26,17.68,14706300,VIB
2025-10-22 07:00:00,17.78,17.92,17.45,17.68,6234500,VIB
2025-10-23 07:00:00,17.68,17.97,17.54,17.54,4168400,VIB
2025-10-24 07:00:00,17.64,17.78,17.35,17.54,6173400,VIB
2025-10-27 07:00:00,17.73,17.78,17.49,17.49,4156200,VIB
2025-10-28 07:00:00,17.49,18.2,17.45,18.2,7382400,VIB
2025-10-29 07:00:00,18.16,18.35,18.01,18.01,5094800,VIB
2025-10-30 07:00:00,18.06,18.25,17.78,17.78,5619500,VIB
2025-10-31 07:00:00,17.78,17.82,17.59,17.59,4603100,VIB
2025-11-03 07:00:00,17.64,17.82,17.4,17.4,4410400,VIB
2025-11-04 07:00:00,17.4,18.11,17.16,17.97,8138900,VIB
2025-11-05 07:00:00,17.87,17.97,17.73,17.78,2500200,VIB
2025-11-06 07:00:00,17.87,17.87,17.59,17.59,2832100,VIB
2025-11-07 07:00:00,17.54,17.64,17.26,17.35,3709000,VIB
2025-11-10 07:00:00,17.54,17.54,17.3,17.3,2847900,VIB
2025-11-11 07:00:00,17.35,17.54,17.26,17.26,2568700,VIB
2025-11-12 07:00:00,17.3,17.68,17.3,17.68,3802300,VIB
2025-11-13 07:00:00,17.68,17.78,17.59,17.59,2901200,VIB
2025-11-14 07:00:00,17.54,17.68,17.49,17.54,2465600,VIB
2025-11-17 07:00:00,17.64,17.73,17.45,17.73,4358700,VIB
2025-11-18 07:00:00,17.78,17.82,17.64,17.73,5488600,VIB
2025-11-19 07:00:00,17.73,18.11,17.68,17.73,8736500,VIB
2025-11-20 07:00:00,17.73,17.92,17.68,17.73,6409100,VIB
2025-11-21 07:00:00,17.59,17.82,17.49,17.59,3446600,VIB
2025-11-24 07:00:00,17.59,17.73,17.54,17.54,3465800,VIB
2025-11-25 07:00:00,17.54,17.59,17.35,17.35,3125400,VIB
2025-11-26 07:00:00,17.35,17.64,17.35,17.49,3263900,VIB
2025-11-27 07:00:00,17.64,17.97,17.59,17.68,7202400,VIB
2025-11-28 07:00:00,17.73,17.82,17.49,17.54,2383800,VIB
2025-12-01 07:00:00,17.54,17.59,17.4,17.4,2887300,VIB
2025-12-02 07:00:00,17.45,17.54,17.3,17.49,3006800,VIB
2025-12-03 07:00:00,17.49,17.92,17.49,17.82,9732300,VIB
2025-12-04 07:00:00,17.87,18.01,17.82,17.92,7043300,VIB
2025-12-05 07:00:00,18.01,18.01,17.64,17.68,4212200,VIB
2025-12-08 07:00:00,17.64,17.73,17.4,17.4,4454200,VIB
2025-12-09 07:00:00,17.45,17.45,17.21,17.21,7271300,VIB
2025-12-10 07:00:00,17.21,17.4,17.21,17.26,3302800,VIB
2025-12-11 07:00:00,17.3,17.4,17.16,17.16,4969000,VIB
2025-12-12 07:00:00,17.21,17.26,16.4,16.4,9410500,VIB
2025-12-15 07:00:00,16.59,16.64,16.26,16.26,7099200,VIB
2025-12-16 07:00:00,16.45,16.78,16.12,16.64,5297300,VIB
2025-12-17 07:00:00,16.73,16.78,16.59,16.69,4091200,VIB
2025-12-18 07:00:00,16.69,16.73,16.55,16.59,2812400,VIB
2025-12-19 07:00:00,16.69,16.78,16.59,16.69,3079700,VIB
2025-12-22 07:00:00,16.78,17.02,16.69,16.83,10668800,VIB
2025-12-23 07:00:00,16.97,17.26,16.78,16.83,6967600,VIB
2025-12-24 07:00:00,16.83,17.26,16.69,16.97,6457000,VIB
2025-12-25 07:00:00,17.02,17.21,16.88,16.88,4069000,VIB
2025-12-26 07:00:00,16.73,16.92,16.31,16.69,8329800,VIB
2025-12-29 07:00:00,16.69,16.83,16.64,16.69,3557400,VIB
2025-12-30 07:00:00,16.69,16.88,16.69,16.78,3401200,VIB
2025-12-31 07:00:00,16.88,17.02,16.78,16.83,6584200,VIB
2026-01-05 07:00:00,16.83,16.97,16.64,16.78,4191700,VIB
2026-01-06 07:00:00,16.73,16.88,16.5,16.83,5413100,VIB
2026-01-07 07:00:00,16.88,17.21,16.88,17.11,8724700,VIB
2026-01-08 07:00:00,17.16,17.26,16.97,17.07,12735300,VIB
2026-01-09 07:00:00,17.16,17.21,16.92,17.02,10177300,VIB
2026-01-12 07:00:00,17.02,17.78,16.92,17.59,16079000,VIB
2026-01-13 07:00:00,17.73,17.78,17.49,17.59,9889600,VIB
2026-01-14 07:00:00,17.64,17.68,17.11,17.21,18442000,VIB
2026-01-15 07:00:00,17.35,17.49,17.26,17.45,6546900,VIB
2026-01-16 07:00:00,17.49,17.49,17.21,17.26,8113200,VIB
2026-01-19 07:00:00,17.26,17.35,17.21,17.21,5557600,VIB
2026-01-20 07:00:00,17.3,17.45,17.11,17.11,6538100,VIB
2026-01-21 07:00:00,17.07,17.11,16.78,16.88,10586400,VIB
2026-01-22 07:00:00,16.88,17.07,16.88,16.92,4862400,VIB
2026-01-23 07:00:00,17.02,17.02,16.83,16.88,4259400,VIB
2026-01-26 07:00:00,16.88,16.97,16.45,16.55,6874300,VIB
2026-01-27 07:00:00,16.55,16.64,16.45,16.5,3499100,VIB
2026-01-28 07:00:00,16.5,16.73,16.45,16.55,4773000,VIB
2026-01-29 07:00:00,16.55,16.69,16.5,16.59,4241000,VIB
2026-01-30 07:00:00,16.59,16.88,16.55,16.88,6710600,VIB
2026-02-02 07:00:00,16.78,16.78,16.5,16.59,5277000,VIB
2026-02-03 07:00:00,16.64,16.78,16.45,16.55,6343400,VIB
2026-02-04 07:00:00,16.55,16.59,16.4,16.5,5060900,VIB
2026-02-05 07:00:00,16.55,16.59,16.26,16.26,3831400,VIB
2026-02-06 07:00:00,16.21,16.26,15.83,15.83,8313900,VIB
2026-02-09 07:00:00,16.02,16.12,15.83,15.83,4919800,VIB
2026-02-10 07:00:00,15.98,16.12,15.64,15.64,4862900,VIB
2026-02-11 07:00:00,15.83,16.21,15.79,16.07,4861700,VIB
2026-02-12 07:00:00,16.21,16.26,16.07,16.21,3196300,VIB
2026-02-13 07:00:00,16.21,16.5,16.17,16.36,6435200,VIB
2026-02-23 07:00:00,16.45,16.59,16.4,16.5,3091100,VIB
2026-02-24 07:00:00,16.55,16.59,16.36,16.4,5645600,VIB
2026-02-25 07:00:00,16.5,16.69,16.31,16.5,7253200,VIB
2026-02-26 07:00:00,16.5,16.69,16.45,16.5,3401000,VIB
2026-02-27 07:00:00,16.5,16.55,16.4,16.4,2778500,VIB
2026-03-02 07:00:00,15.93,16.21,15.93,16.02,8297600,VIB
2026-03-03 07:00:00,16.12,16.17,15.83,15.83,6602200,VIB
2026-03-04 07:00:00,15.83,15.98,15.6,15.98,6618900,VIB
2026-03-05 07:00:00,16.12,16.17,15.93,15.98,4074200,VIB
2026-03-06 07:00:00,15.98,16.02,15.83,15.83,2831000,VIB
2026-03-09 07:00:00,14.89,15.08,14.74,14.84,25152500,VIB
2026-03-10 07:00:00,15.45,15.55,15.12,15.26,9851800,VIB
2026-03-11 07:00:00,15.41,16.31,15.36,16.17,11598900,VIB
2026-03-12 07:00:00,16.12,16.12,15.74,15.79,3945300,VIB
2026-03-13 07:00:00,15.79,16.12,15.69,16.02,4482400,VIB
2026-03-16 07:00:00,16.02,16.12,15.88,16.12,2941300,VIB
2026-03-17 07:00:00,16.21,16.36,16.12,16.12,8879700,VIB
2026-03-18 07:00:00,16.31,16.36,15.98,16.21,4526100,VIB
2026-03-19 07:00:00,16.07,16.12,15.74,15.93,6027800,VIB
2026-03-20 07:00:00,15.88,16.02,15.83,15.93,3343200,VIB
2026-03-23 07:00:00,15.79,15.88,15.36,15.45,5663500,VIB
2026-03-24 07:00:00,15.64,16.02,15.55,15.83,4879400,VIB
2026-03-25 07:00:00,15.93,16.36,15.83,16.36,8611500,VIB
2026-03-26 07:00:00,16.36,16.36,16.02,16.07,3021400,VIB
2026-03-27 07:00:00,15.98,16.31,15.98,16.12,6298900,VIB
2026-03-30 07:00:00,15.93,16.21,15.93,16.02,3507600,VIB
2026-03-31 07:00:00,16.17,16.31,16.02,16.07,4166800,VIB
2026-04-01 07:00:00,16.26,16.5,16.21,16.31,5681800,VIB
2026-04-02 07:00:00,16.26,16.26,15.98,16.02,4091500,VIB
2026-04-03 07:00:00,16.07,16.12,15.79,15.79,4380800,VIB
2026-04-06 07:00:00,15.79,15.98,15.69,15.79,3636500,VIB
2026-04-07 07:00:00,15.83,15.93,15.69,15.83,2726400,VIB
2026-04-08 07:00:00,16.17,16.55,16.02,16.45,11248400,VIB
2026-04-09 07:00:00,16.5,16.5,16.17,16.26,4937800,VIB
2026-04-10 07:00:00,16.36,16.64,16.31,16.55,10411800,VIB
2026-04-13 07:00:00,16.45,17.11,16.4,16.83,17728900,VIB
2026-04-14 07:00:00,16.92,16.97,16.69,16.69,6829000,VIB
2026-04-15 07:00:00,16.83,16.83,16.45,16.45,7675300,VIB
2026-04-16 07:00:00,16.5,16.5,16.21,16.26,6846200,VIB
2026-04-17 07:00:00,16.36,16.55,16.21,16.45,5665400,VIB
2026-04-20 07:00:00,16.55,16.59,16.4,16.59,4624000,VIB
2026-04-21 07:00:00,16.59,16.64,16.31,16.31,5919100,VIB
2026-04-22 07:00:00,16.36,16.45,16.26,16.4,4426300,VIB
2026-04-23 07:00:00,16.45,16.64,16.21,16.31,10932100,VIB
2026-04-24 07:00:00,16.31,16.4,16.26,16.36,3303900,VIB
2026-04-28 07:00:00,16.5,16.59,16.4,16.45,5270400,VIB
2026-04-29 07:00:00,16.5,16.55,16.3,16.3,5111400,VIB
2026-05-04 07:00:00,16.45,16.45,16.15,16.15,4132700,VIB
2026-05-05 07:00:00,16.1,16.15,15.85,15.9,3002400,VIB
2023-05-08 07:00:00,12.08,12.21,11.95,12.05,2833900,TPB
2023-05-09 07:00:00,12.05,12.29,12.05,12.21,3221000,TPB
2023-05-10 07:00:00,12.23,12.39,12.08,12.31,4225700,TPB
2023-05-11 07:00:00,12.34,12.36,12.13,12.23,1383100,TPB
2023-05-12 07:00:00,12.26,12.26,12.11,12.21,1785000,TPB
2023-05-15 07:00:00,12.23,12.55,12.18,12.39,10104400,TPB
2023-05-16 07:00:00,12.39,12.42,12.23,12.36,1726700,TPB
2023-05-17 07:00:00,12.39,12.42,12.05,12.05,1959500,TPB
2023-05-18 07:00:00,12.08,12.29,12.08,12.13,1265800,TPB
2023-05-19 07:00:00,12.23,12.23,12.03,12.16,1117100,TPB
2023-05-22 07:00:00,12.36,12.44,12.18,12.34,4990900,TPB
2023-05-23 07:00:00,12.29,12.49,12.29,12.29,4100800,TPB
2023-05-24 07:00:00,12.39,12.42,12.18,12.18,1902400,TPB
2023-05-25 07:00:00,12.23,12.29,12.08,12.13,987500,TPB
2023-05-26 07:00:00,12.29,12.29,12.13,12.26,1359200,TPB
2023-05-29 07:00:00,12.42,12.68,12.29,12.6,6814100,TPB
2023-05-30 07:00:00,12.73,12.73,12.39,12.49,2890900,TPB
2023-05-31 07:00:00,12.68,13.06,12.57,12.96,11085500,TPB
2023-06-01 07:00:00,13.12,13.56,12.96,13.56,13565100,TPB
2023-06-02 07:00:00,13.35,13.92,13.35,13.63,12079200,TPB
2023-06-05 07:00:00,14.26,14.26,13.48,13.53,9601600,TPB
2023-06-06 07:00:00,13.53,13.66,13.25,13.38,10016600,TPB
2023-06-07 07:00:00,13.48,13.66,13.35,13.61,9305100,TPB
2023-06-08 07:00:00,13.66,13.66,13.27,13.27,7731800,TPB
2023-06-09 07:00:00,13.49,13.7,13.34,13.45,7729200,TPB
2023-06-12 07:00:00,13.52,13.52,13.16,13.27,2665800,TPB
2023-06-13 07:00:00,13.34,13.34,13.09,13.09,3059200,TPB
2023-06-14 07:00:00,13.13,13.31,13.09,13.09,3719300,TPB
2023-06-15 07:00:00,13.13,13.13,13.02,13.09,2761300,TPB
2023-06-16 07:00:00,13.09,13.27,13.09,13.13,4859900,TPB
2023-06-19 07:00:00,13.16,13.2,13.06,13.2,1542700,TPB
2023-06-20 07:00:00,13.2,13.24,13.09,13.16,2285700,TPB
2023-06-21 07:00:00,13.2,13.27,13.16,13.27,4232500,TPB
2023-06-22 07:00:00,13.42,13.52,13.27,13.27,5292600,TPB
2023-06-23 07:00:00,13.31,13.45,13.24,13.34,6148700,TPB
2023-06-26 07:00:00,13.38,13.45,13.16,13.31,3352300,TPB
2023-06-27 07:00:00,13.31,13.34,13.16,13.27,2754100,TPB
2023-06-28 07:00:00,13.27,13.31,13.2,13.31,3332900,TPB
2023-06-29 07:00:00,13.34,13.34,13.06,13.06,3935500,TPB
2023-06-30 07:00:00,13.06,13.09,12.98,12.98,2644200,TPB
2023-07-03 07:00:00,13.16,13.16,13.02,13.09,2903600,TPB
2023-07-04 07:00:00,13.13,13.16,13.06,13.09,1808300,TPB
2023-07-05 07:00:00,13.13,13.16,13.06,13.06,3935100,TPB
2023-07-06 07:00:00,13.06,13.13,12.98,13.13,4455200,TPB
2023-07-07 07:00:00,13.02,13.13,12.95,13.02,4757800,TPB
2023-07-10 07:00:00,13.06,13.16,12.98,13.13,5894900,TPB
2023-07-11 07:00:00,13.2,13.42,13.13,13.2,8860800,TPB
2023-07-12 07:00:00,13.27,13.27,13.09,13.09,3904900,TPB
2023-07-13 07:00:00,13.13,13.2,13.06,13.16,4690600,TPB
2023-07-14 07:00:00,13.16,13.2,13.02,13.09,3857600,TPB
2023-07-17 07:00:00,13.09,13.16,13.06,13.16,4226300,TPB
2023-07-18 07:00:00,13.16,13.67,13.13,13.67,24802600,TPB
2023-07-19 07:00:00,13.7,13.78,13.45,13.49,9348200,TPB
2023-07-20 07:00:00,13.49,13.56,13.27,13.56,11167500,TPB
2023-07-21 07:00:00,13.49,13.67,13.42,13.52,9105000,TPB
2023-07-24 07:00:00,13.49,13.56,13.31,13.45,7040500,TPB
2023-07-25 07:00:00,13.45,13.88,13.42,13.7,13353600,TPB
2023-07-26 07:00:00,13.7,13.7,13.49,13.56,6632400,TPB
2023-07-27 07:00:00,13.56,13.6,13.27,13.38,6659700,TPB
2023-07-28 07:00:00,13.34,13.56,13.31,13.49,7177700,TPB
2023-07-31 07:00:00,13.45,13.6,13.42,13.52,5197200,TPB
2023-08-01 07:00:00,13.56,13.88,13.52,13.56,14475300,TPB
2023-08-02 07:00:00,13.52,13.7,13.49,13.63,6633500,TPB
2023-08-03 07:00:00,13.63,13.7,13.27,13.31,6907200,TPB
2023-08-04 07:00:00,13.42,13.7,13.31,13.67,12267000,TPB
2023-08-07 07:00:00,13.7,14.03,13.67,13.92,17746100,TPB
2023-08-08 07:00:00,13.99,13.99,13.67,13.7,6314100,TPB
2023-08-09 07:00:00,13.74,13.78,13.52,13.6,5495600,TPB
2023-08-10 07:00:00,13.6,13.63,13.31,13.34,5798400,TPB
2023-08-11 07:00:00,13.38,13.45,13.16,13.45,5338000,TPB
2023-08-14 07:00:00,13.45,13.49,13.34,13.45,5485400,TPB
2023-08-15 07:00:00,13.49,13.81,13.38,13.7,12072000,TPB
2023-08-16 07:00:00,13.7,13.81,13.56,13.78,8494700,TPB
2023-08-17 07:00:00,13.78,13.81,13.56,13.6,5848800,TPB
2023-08-18 07:00:00,13.52,13.56,12.98,13.06,11563300,TPB
2023-08-21 07:00:00,13.2,13.42,13.02,13.34,8195100,TPB
2023-08-22 07:00:00,13.27,13.42,13.13,13.38,4103300,TPB
2023-08-23 07:00:00,13.45,13.45,13.24,13.34,5560400,TPB
2023-08-24 07:00:00,13.34,13.63,13.24,13.56,10067900,TPB
2023-08-25 07:00:00,13.49,13.6,13.42,13.6,3737000,TPB
2023-08-28 07:00:00,13.67,13.74,13.56,13.7,7206500,TPB
2023-08-29 07:00:00,13.7,13.78,13.6,13.7,6935300,TPB
2023-08-30 07:00:00,13.7,14.1,13.7,14.1,21992900,TPB
2023-08-31 07:00:00,14.17,14.21,13.96,14.14,5939500,TPB
2023-09-05 07:00:00,14.21,14.32,14.14,14.17,9227200,TPB
2023-09-06 07:00:00,14.17,14.25,13.81,14.25,11948100,TPB
2023-09-07 07:00:00,14.28,14.5,14.1,14.17,16379000,TPB
2023-09-08 07:00:00,14.17,14.21,13.99,13.99,6024300,TPB
2023-09-11 07:00:00,14.07,14.14,13.63,13.67,10189800,TPB
2023-09-12 07:00:00,13.67,13.85,13.56,13.85,9025800,TPB
2023-09-13 07:00:00,13.88,13.96,13.67,13.88,5524300,TPB
2023-09-14 07:00:00,13.88,14.07,13.7,13.7,5652300,TPB
2023-09-15 07:00:00,13.85,13.92,13.74,13.85,4832500,TPB
2023-09-18 07:00:00,13.85,13.85,13.56,13.67,5313200,TPB
2023-09-19 07:00:00,13.56,13.78,13.52,13.74,6063000,TPB
2023-09-20 07:00:00,13.67,14.14,13.6,14.07,14284100,TPB
2023-09-21 07:00:00,14.07,14.1,13.74,13.74,5544300,TPB
2023-09-22 07:00:00,13.6,13.67,13.24,13.38,8917400,TPB
2023-09-25 07:00:00,13.38,13.49,12.98,12.98,6148800,TPB
2023-09-26 07:00:00,12.98,13.16,12.77,12.77,7202100,TPB
2023-09-27 07:00:00,12.77,12.88,12.55,12.84,5750800,TPB
2023-09-28 07:00:00,12.84,13.06,12.44,13.02,6388200,TPB
2023-09-29 07:00:00,13.02,13.06,12.84,12.88,3984200,TPB
2023-10-02 07:00:00,12.88,12.91,12.62,12.62,4168100,TPB
2023-10-03 07:00:00,12.55,12.55,12.05,12.05,7810600,TPB
2023-10-04 07:00:00,11.9,12.26,11.9,11.97,3541500,TPB
2023-10-05 07:00:00,12.19,12.19,11.9,11.94,3336200,TPB
2023-10-06 07:00:00,11.94,12.15,11.9,12.12,4441500,TPB
2023-10-09 07:00:00,12.12,12.3,12.05,12.15,4907100,TPB
2023-10-10 07:00:00,12.26,12.26,12.08,12.08,4293100,TPB
2023-10-11 07:00:00,12.12,12.15,12.01,12.08,3217900,TPB
2023-10-12 07:00:00,12.15,12.41,12.08,12.41,5222800,TPB
2023-10-13 07:00:00,12.26,12.51,12.23,12.44,7508500,TPB
2023-10-16 07:00:00,12.41,12.41,12.08,12.12,4724900,TPB
2023-10-17 07:00:00,12.12,12.23,11.9,11.9,3429200,TPB
2023-10-18 07:00:00,11.94,11.97,11.5,11.72,5437800,TPB
2023-10-19 07:00:00,11.72,11.76,11.58,11.65,2472900,TPB
2023-10-20 07:00:00,11.61,11.94,11.61,11.9,2685900,TPB
2023-10-23 07:00:00,11.9,12.08,11.79,11.87,4555200,TPB
2023-10-24 07:00:00,11.9,12.15,11.87,12.12,4260800,TPB
2023-10-25 07:00:00,12.12,12.19,11.97,12.08,4184700,TPB
2023-10-26 07:00:00,11.83,11.97,11.29,11.54,6938900,TPB
2023-10-27 07:00:00,11.54,11.76,11.47,11.68,2254000,TPB
2023-10-30 07:00:00,11.68,11.79,11.54,11.54,4288500,TPB
2023-10-31 07:00:00,11.61,11.61,11.4,11.4,2935200,TPB
2023-11-01 07:00:00,11.5,11.5,11.25,11.4,3183400,TPB
2023-11-02 07:00:00,11.58,12.05,11.58,11.83,7603800,TPB
2023-11-03 07:00:00,11.97,12.01,11.58,11.58,5735600,TPB
2023-11-06 07:00:00,11.87,12.08,11.68,11.97,4380500,TPB
2023-11-07 07:00:00,11.9,12.08,11.87,11.94,3707700,TPB
2023-11-08 07:00:00,11.94,12.62,11.9,12.44,8610200,TPB
2023-11-09 07:00:00,12.51,12.59,12.3,12.33,5483600,TPB
2023-11-10 07:00:00,12.26,12.48,12.19,12.26,5916200,TPB
2023-11-13 07:00:00,12.26,12.44,12.19,12.44,4233300,TPB
2023-11-14 07:00:00,12.62,12.88,12.44,12.55,12503700,TPB
2023-11-15 07:00:00,12.59,12.91,12.55,12.77,9714000,TPB
2023-11-16 07:00:00,12.69,12.69,12.44,12.62,5219100,TPB
2023-11-17 07:00:00,12.62,12.73,12.19,12.26,7432100,TPB
2023-11-20 07:00:00,12.05,12.55,12.01,12.41,4721200,TPB
2023-11-21 07:00:00,12.41,12.55,12.26,12.3,2615500,TPB
2023-11-22 07:00:00,12.3,12.41,12.26,12.33,2304200,TPB
2023-11-23 07:00:00,12.41,12.55,12.26,12.26,6954700,TPB
2023-11-24 07:00:00,12.3,12.3,12.08,12.26,3548100,TPB
2023-11-27 07:00:00,12.23,12.26,12.01,12.01,3113700,TPB
2023-11-28 07:00:00,12.01,12.15,11.9,12.08,2505600,TPB
2023-11-29 07:00:00,12.08,12.23,12.05,12.15,2466900,TPB
2023-11-30 07:00:00,12.08,12.33,12.08,12.26,8676600,TPB
2023-12-01 07:00:00,12.3,12.37,12.15,12.33,9186800,TPB
2023-12-04 07:00:00,12.37,12.59,12.33,12.41,11159100,TPB
2023-12-05 07:00:00,12.44,12.44,12.3,12.3,4489600,TPB
2023-12-06 07:00:00,12.33,12.69,12.3,12.59,14002600,TPB
2023-12-07 07:00:00,12.62,12.69,12.44,12.66,15077100,TPB
2023-12-08 07:00:00,12.62,12.77,12.55,12.59,4736000,TPB
2023-12-11 07:00:00,12.59,12.66,12.51,12.51,4330200,TPB
2023-12-12 07:00:00,12.55,12.59,12.44,12.51,2415200,TPB
2023-12-13 07:00:00,12.55,12.55,12.26,12.26,3334000,TPB
2023-12-14 07:00:00,12.33,12.41,12.15,12.19,3328300,TPB
2023-12-15 07:00:00,12.26,12.3,12.15,12.23,3379900,TPB
2023-12-18 07:00:00,12.19,12.26,12.08,12.19,3076300,TPB
2023-12-19 07:00:00,12.12,12.26,12.08,12.26,2428400,TPB
2023-12-20 07:00:00,12.19,12.26,12.15,12.19,2824600,TPB
2023-12-21 07:00:00,12.19,12.19,12.05,12.19,2096800,TPB
2023-12-22 07:00:00,12.19,12.23,12.08,12.19,2372900,TPB
2023-12-25 07:00:00,12.19,12.33,12.19,12.3,2546800,TPB
2023-12-26 07:00:00,12.33,12.33,12.23,12.26,2029300,TPB
2023-12-27 07:00:00,12.26,12.51,12.26,12.51,5355700,TPB
2023-12-28 07:00:00,12.48,12.51,12.37,12.48,3898200,TPB
2023-12-29 07:00:00,12.55,12.59,12.44,12.55,3046800,TPB
2024-01-02 07:00:00,12.59,12.62,12.44,12.48,6970700,TPB
2024-01-03 07:00:00,12.44,12.59,12.33,12.59,7154500,TPB
2024-01-04 07:00:00,12.62,13.13,12.55,12.91,30598000,TPB
2024-01-05 07:00:00,12.91,13.09,12.8,12.98,11024500,TPB
2024-01-08 07:00:00,13.13,13.13,12.84,12.95,10132200,TPB
2024-01-09 07:00:00,12.98,13.02,12.77,12.8,10503800,TPB
2024-01-10 07:00:00,12.84,13.42,12.8,13.34,24216600,TPB
2024-01-11 07:00:00,13.34,13.7,13.24,13.34,18114600,TPB
2024-01-12 07:00:00,13.24,13.56,13.09,13.38,18899600,TPB
2024-01-15 07:00:00,13.52,13.56,13.2,13.2,6963100,TPB
2024-01-16 07:00:00,13.13,13.42,13.13,13.42,9333300,TPB
2024-01-17 07:00:00,13.38,13.49,13.24,13.24,7453000,TPB
2024-01-18 07:00:00,13.24,13.31,13.13,13.31,5369000,TPB
2024-01-19 07:00:00,13.31,13.45,13.27,13.42,5649500,TPB
2024-01-22 07:00:00,13.42,13.49,13.31,13.45,8796900,TPB
2024-01-23 07:00:00,13.45,13.56,13.34,13.42,9420200,TPB
2024-01-24 07:00:00,13.38,13.38,13.16,13.2,9177000,TPB
2024-01-25 07:00:00,13.2,13.2,13.09,13.09,5630100,TPB
2024-01-26 07:00:00,13.13,13.34,13.09,13.2,3898400,TPB
2024-01-29 07:00:00,13.2,13.27,13.09,13.09,2947500,TPB
2024-01-30 07:00:00,13.09,13.31,13.09,13.2,7021600,TPB
2024-01-31 07:00:00,13.31,13.31,12.84,12.88,8855600,TPB
2024-02-01 07:00:00,12.88,13.02,12.84,12.88,5055900,TPB
2024-02-02 07:00:00,12.91,12.95,12.62,12.62,9172100,TPB
2024-02-05 07:00:00,12.62,13.16,12.62,13.09,18712100,TPB
2024-02-06 07:00:00,13.16,13.24,13.06,13.06,9956100,TPB
2024-02-07 07:00:00,13.06,13.42,13.06,13.34,14675200,TPB
2024-02-15 07:00:00,13.45,13.81,13.42,13.6,25897300,TPB
2024-02-16 07:00:00,13.63,13.74,13.56,13.63,14361000,TPB
2024-02-19 07:00:00,13.63,13.67,13.45,13.56,8778700,TPB
2024-02-20 07:00:00,13.52,13.6,13.45,13.52,9312600,TPB
2024-02-21 07:00:00,13.52,14.07,13.38,14.07,31792400,TPB
2024-02-22 07:00:00,14.07,14.25,13.85,14.1,15643700,TPB
2024-02-23 07:00:00,14.14,14.5,13.78,13.78,43600000,TPB
2024-02-26 07:00:00,13.74,13.92,13.67,13.81,8201000,TPB
2024-02-27 07:00:00,13.81,13.92,13.6,13.81,15268600,TPB
2024-02-28 07:00:00,13.88,14.43,13.78,14.43,25599800,TPB
2024-02-29 07:00:00,14.43,14.61,14.21,14.32,30155900,TPB
2024-03-01 07:00:00,14.32,14.39,14.1,14.32,14281200,TPB
2024-03-04 07:00:00,14.35,14.39,14.07,14.14,15039300,TPB
2024-03-05 07:00:00,14.14,14.14,13.92,13.99,12293300,TPB
2024-03-06 07:00:00,13.99,14.17,13.78,13.85,10014300,TPB
2024-03-07 07:00:00,13.96,13.96,13.81,13.88,9134900,TPB
2024-03-08 07:00:00,13.88,13.92,13.42,13.42,22061000,TPB
2024-03-11 07:00:00,13.38,13.56,13.27,13.34,11033100,TPB
2024-03-12 07:00:00,13.34,13.49,13.31,13.34,7979800,TPB
2024-03-13 07:00:00,13.34,13.7,13.31,13.7,7641800,TPB
2024-03-14 07:00:00,13.7,13.74,13.42,13.52,7674300,TPB
2024-03-15 07:00:00,13.49,13.7,13.31,13.56,8997700,TPB
2024-03-18 07:00:00,13.7,13.7,12.77,13.2,13698800,TPB
2024-03-19 07:00:00,13.2,13.27,13.13,13.13,4381200,TPB
2024-03-20 07:00:00,13.13,13.52,12.95,13.42,15977100,TPB
2024-03-21 07:00:00,13.56,13.6,13.34,13.52,9181400,TPB
2024-03-22 07:00:00,13.56,13.88,13.45,13.52,17965600,TPB
2024-03-25 07:00:00,13.56,13.88,13.49,13.7,17580600,TPB
2024-03-26 07:00:00,13.7,13.85,13.63,13.81,10841600,TPB
2024-03-27 07:00:00,13.85,13.88,13.7,13.85,6029000,TPB
2024-03-28 07:00:00,13.99,14.07,13.7,13.78,10132800,TPB
2024-03-29 07:00:00,13.85,13.85,13.7,13.78,5775400,TPB
2024-04-01 07:00:00,13.7,13.74,13.45,13.52,10017500,TPB
2024-04-02 07:00:00,13.45,13.6,13.2,13.6,10357500,TPB
2024-04-03 07:00:00,13.56,13.56,13.31,13.34,8201800,TPB
2024-04-04 07:00:00,13.34,13.38,13.2,13.27,11405700,TPB
2024-04-05 07:00:00,13.13,13.24,13.06,13.13,9629700,TPB
2024-04-08 07:00:00,13.13,13.42,13.06,13.16,11665800,TPB
2024-04-09 07:00:00,13.24,13.42,13.09,13.42,4445600,TPB
2024-04-10 07:00:00,13.45,13.45,13.24,13.24,4267500,TPB
2024-04-11 07:00:00,13.06,13.24,13.06,13.24,6870000,TPB
2024-04-12 07:00:00,13.24,13.49,13.16,13.49,10980100,TPB
2024-04-15 07:00:00,13.31,13.45,12.62,12.62,12288000,TPB
2024-04-16 07:00:00,12.62,12.8,12.26,12.69,16793400,TPB
2024-04-17 07:00:00,12.77,12.77,12.26,12.26,6196500,TPB
2024-04-19 07:00:00,12.23,12.33,11.83,11.97,8460400,TPB
2024-04-22 07:00:00,12.26,12.66,12.12,12.62,12634100,TPB
2024-04-23 07:00:00,12.55,12.69,12.37,12.44,6323700,TPB
2024-04-24 07:00:00,12.66,12.98,12.62,12.98,11888100,TPB
2024-04-25 07:00:00,12.95,12.98,12.77,12.95,4944200,TPB
2024-04-26 07:00:00,12.73,12.95,12.73,12.91,3090800,TPB
2024-05-02 07:00:00,12.91,12.95,12.73,12.73,1667000,TPB
2024-05-03 07:00:00,12.8,12.91,12.62,12.62,7855100,TPB
2024-05-06 07:00:00,12.77,12.91,12.69,12.84,4036600,TPB
2024-05-07 07:00:00,12.88,12.88,12.69,12.8,2573500,TPB
2024-05-08 07:00:00,12.77,12.84,12.66,12.8,4167200,TPB
2024-05-09 07:00:00,12.84,13.27,12.77,13.09,15535600,TPB
2024-05-10 07:00:00,13.13,13.2,12.98,13.06,8319000,TPB
2024-05-13 07:00:00,13.06,13.24,12.91,12.98,5842600,TPB
2024-05-14 07:00:00,13.02,13.13,12.91,12.98,4385800,TPB
2024-05-15 07:00:00,13.13,13.13,12.91,12.95,9486200,TPB
2024-05-16 07:00:00,13.13,13.27,12.98,13.24,9637600,TPB
2024-05-17 07:00:00,13.27,13.45,13.16,13.27,12133500,TPB
2024-05-20 07:00:00,13.27,13.42,13.27,13.31,13761500,TPB
2024-05-21 07:00:00,13.34,13.34,13.13,13.24,4448700,TPB
2024-05-22 07:00:00,13.27,13.31,13.06,13.09,6154000,TPB
2024-05-23 07:00:00,13.09,13.2,13.02,13.2,5060500,TPB
2024-05-24 07:00:00,12.98,13.24,12.69,12.8,15598300,TPB
2024-05-27 07:00:00,12.8,12.91,12.66,12.77,5790100,TPB
2024-05-28 07:00:00,12.84,12.91,12.77,12.88,4456600,TPB
2024-05-29 07:00:00,12.91,12.91,12.77,12.77,4679700,TPB
2024-05-30 07:00:00,12.77,12.8,12.62,12.77,6358400,TPB
2024-05-31 07:00:00,12.77,12.84,12.66,12.73,3886000,TPB
2024-06-03 07:00:00,12.8,13.24,12.77,13.02,12042300,TPB
2024-06-04 07:00:00,13.09,13.13,12.98,13.02,4463400,TPB
2024-06-05 07:00:00,13.02,13.09,12.95,12.98,4055200,TPB
2024-06-06 07:00:00,12.98,13.24,12.95,13.16,8347800,TPB
2024-06-07 07:00:00,13.2,13.27,13.06,13.06,3479300,TPB
2024-06-10 07:00:00,13.16,13.42,13.13,13.24,13096800,TPB
2024-06-11 07:00:00,13.27,13.34,13.09,13.13,4545700,TPB
2024-06-12 07:00:00,13.13,13.34,13.09,13.31,6745500,TPB
2024-06-13 07:00:00,13.34,13.78,13.31,13.7,43999800,TPB
2024-06-14 07:00:00,13.7,13.78,13.45,13.45,11910200,TPB
2024-06-17 07:00:00,13.49,13.49,13.27,13.38,9223000,TPB
2024-06-18 07:00:00,13.52,13.52,13.34,13.42,7922300,TPB
2024-06-19 07:00:00,13.49,13.52,13.27,13.38,8452000,TPB
2024-06-20 07:00:00,13.57,13.57,13.34,13.53,8930200,TPB
2024-06-21 07:00:00,13.45,13.6,13.38,13.42,7475400,TPB
2024-06-24 07:00:00,13.38,13.42,12.9,12.9,9992600,TPB
2024-06-25 07:00:00,13.01,13.05,12.9,13.01,4193100,TPB
2024-06-26 07:00:00,12.97,13.01,12.82,13.01,4412700,TPB
2024-06-27 07:00:00,12.94,13.01,12.86,12.94,2868300,TPB
2024-06-28 07:00:00,12.79,12.97,12.68,12.75,5434800,TPB
2024-07-01 07:00:00,12.75,12.86,12.71,12.86,2303000,TPB
2024-07-02 07:00:00,12.86,13.05,12.86,12.94,2731300,TPB
2024-07-03 07:00:00,12.97,13.12,12.94,13.01,3468300,TPB
2024-07-04 07:00:00,13.05,13.19,13.01,13.08,4743500,TPB
2024-07-05 07:00:00,13.08,13.12,12.94,13.12,2531700,TPB
2024-07-08 07:00:00,13.12,13.38,13.12,13.16,12782900,TPB
2024-07-09 07:00:00,13.16,13.34,13.12,13.27,7756600,TPB
2024-07-10 07:00:00,13.34,13.34,13.05,13.23,4927400,TPB
2024-07-11 07:00:00,13.27,13.38,13.16,13.27,9295200,TPB
2024-07-12 07:00:00,13.27,13.34,13.19,13.31,4261300,TPB
2024-07-15 07:00:00,13.31,13.34,13.05,13.08,2938500,TPB
2024-07-16 07:00:00,13.12,13.38,13.12,13.23,4740200,TPB
2024-07-17 07:00:00,13.23,13.57,13.12,13.23,10965700,TPB
2024-07-18 07:00:00,13.31,13.34,13.12,13.34,3672200,TPB
2024-07-19 07:00:00,13.34,13.75,13.27,13.64,42887000,TPB
2024-07-22 07:00:00,13.64,14.01,13.57,13.79,32697700,TPB
2024-07-23 07:00:00,13.82,13.86,12.82,13.16,14187900,TPB
2024-07-24 07:00:00,13.08,13.42,12.97,13.31,16209200,TPB
2024-07-25 07:00:00,13.12,13.34,13.12,13.19,7531000,TPB
2024-07-26 07:00:00,13.27,13.34,13.19,13.23,5556100,TPB
2024-07-29 07:00:00,13.34,13.57,13.31,13.42,13236200,TPB
2024-07-30 07:00:00,13.42,13.49,13.19,13.34,5119100,TPB
2024-07-31 07:00:00,13.38,13.75,13.34,13.45,21618000,TPB
2024-08-01 07:00:00,13.49,13.53,12.97,13.12,14226800,TPB
2024-08-02 07:00:00,12.97,13.16,12.86,13.16,12007100,TPB
2024-08-05 07:00:00,12.82,13.01,12.45,12.45,17824900,TPB
2024-08-06 07:00:00,12.64,12.97,12.49,12.86,9812700,TPB
2024-08-07 07:00:00,12.86,13.05,12.6,12.64,13938700,TPB
2024-08-08 07:00:00,12.64,12.75,12.49,12.53,6124700,TPB
2024-08-09 07:00:00,12.75,12.86,12.6,12.68,13229000,TPB
2024-08-12 07:00:00,12.68,12.82,12.6,12.79,4131100,TPB
2024-08-13 07:00:00,12.79,12.97,12.71,12.79,7202000,TPB
2024-08-14 07:00:00,12.86,12.86,12.75,12.75,2720100,TPB
2024-08-15 07:00:00,12.75,12.82,12.68,12.68,3772100,TPB
2024-08-16 07:00:00,12.71,13.01,12.71,12.97,8172700,TPB
2024-08-19 07:00:00,12.97,13.08,12.86,12.97,8330100,TPB
2024-08-20 07:00:00,12.97,13.12,12.97,13.01,8885500,TPB
2024-08-21 07:00:00,13.01,13.27,12.97,13.27,16727200,TPB
2024-08-22 07:00:00,13.34,13.49,13.27,13.34,7985000,TPB
2024-08-23 07:00:00,13.34,13.34,13.12,13.27,8048000,TPB
2024-08-26 07:00:00,13.27,13.49,13.19,13.19,11809400,TPB
2024-08-27 07:00:00,13.19,13.27,13.12,13.16,4463800,TPB
2024-08-28 07:00:00,13.19,13.34,13.12,13.16,8033600,TPB
2024-08-29 07:00:00,13.16,13.38,13.16,13.23,7339300,TPB
2024-08-30 07:00:00,13.23,13.34,13.19,13.27,6996800,TPB
2024-09-04 07:00:00,13.05,13.16,12.97,13.08,7585400,TPB
2024-09-05 07:00:00,13.16,13.19,13.01,13.05,4864500,TPB
2024-09-06 07:00:00,13.08,13.27,13.01,13.12,7407100,TPB
2024-09-09 07:00:00,13.08,13.16,13.01,13.05,3032800,TPB
2024-09-10 07:00:00,13.12,13.38,13.12,13.19,16886000,TPB
2024-09-11 07:00:00,13.27,13.31,13.12,13.23,3935400,TPB
2024-09-12 07:00:00,13.34,13.6,13.27,13.45,28878900,TPB
2024-09-13 07:00:00,13.49,13.53,13.38,13.45,6112700,TPB
2024-09-16 07:00:00,13.45,13.6,13.27,13.34,14297700,TPB
2024-09-17 07:00:00,13.34,13.45,13.27,13.45,4889100,TPB
2024-09-18 07:00:00,13.53,13.64,13.38,13.53,15982800,TPB
2024-09-19 07:00:00,13.57,13.71,13.53,13.53,15194500,TPB
2024-09-20 07:00:00,13.6,13.71,13.38,13.42,24874500,TPB
2024-09-23 07:00:00,13.59,13.86,13.55,13.55,11929900,TPB
2024-09-24 07:00:00,13.59,13.68,13.46,13.68,5340600,TPB
2024-09-25 07:00:00,13.77,13.91,13.73,13.86,11738000,TPB
2024-09-26 07:00:00,13.95,14.79,13.82,14.79,60820600,TPB
2024-09-27 07:00:00,15.11,15.28,14.75,15.02,60281900,TPB
2024-09-30 07:00:00,15.02,15.51,14.97,15.28,37862000,TPB
2024-10-01 07:00:00,15.28,15.46,15.06,15.19,30044700,TPB
2024-10-02 07:00:00,15.33,15.64,15.15,15.55,33118600,TPB
2024-10-03 07:00:00,15.64,16.08,15.42,15.55,51532500,TPB
2024-10-04 07:00:00,15.73,15.73,15.28,15.33,20462400,TPB
2024-10-07 07:00:00,15.51,15.64,15.33,15.55,16722300,TPB
2024-10-08 07:00:00,15.73,16.08,15.59,15.59,32029800,TPB
2024-10-09 07:00:00,15.64,15.73,15.46,15.64,15086300,TPB
2024-10-10 07:00:00,15.82,16.04,15.46,15.51,34471200,TPB
2024-10-11 07:00:00,15.51,15.55,15.33,15.55,13142400,TPB
2024-10-14 07:00:00,15.64,15.73,15.42,15.51,13859900,TPB
2024-10-15 07:00:00,15.64,15.82,15.46,15.51,14881000,TPB
2024-10-16 07:00:00,15.46,15.59,15.42,15.55,8606300,TPB
2024-10-17 07:00:00,15.59,15.95,15.37,15.9,22478600,TPB
2024-10-18 07:00:00,15.99,16.08,15.77,15.82,29518000,TPB
2024-10-21 07:00:00,15.68,15.82,15.55,15.55,12873600,TPB
2024-10-22 07:00:00,15.46,15.82,15.24,15.37,31041200,TPB
2024-10-23 07:00:00,15.42,15.77,15.28,15.68,18002200,TPB
2024-10-24 07:00:00,15.77,15.86,15.15,15.15,18317600,TPB
2024-10-25 07:00:00,15.24,15.37,15.11,15.15,16901500,TPB
2024-10-28 07:00:00,15.15,15.28,15.15,15.28,7919600,TPB
2024-10-29 07:00:00,15.33,15.42,15.19,15.19,9762400,TPB
2024-10-30 07:00:00,15.24,15.33,15.11,15.33,11117800,TPB
2024-10-31 07:00:00,15.24,15.59,15.15,15.37,19905800,TPB
2024-11-01 07:00:00,15.28,15.37,15.15,15.15,13064000,TPB
2024-11-04 07:00:00,15.15,15.19,14.66,14.71,27011700,TPB
2024-11-05 07:00:00,14.71,14.84,14.66,14.71,9258300,TPB
2024-11-06 07:00:00,14.84,15.15,14.71,15.06,12037400,TPB
2024-11-07 07:00:00,15.15,15.15,14.88,14.93,6837000,TPB
2024-11-08 07:00:00,15.02,15.02,14.71,14.79,8665200,TPB
2024-11-11 07:00:00,14.75,14.79,14.22,14.39,30694100,TPB
2024-11-12 07:00:00,14.48,14.48,14.26,14.31,9278100,TPB
2024-11-13 07:00:00,14.26,14.39,13.95,14.35,17328900,TPB
2024-11-14 07:00:00,14.26,14.48,13.99,13.99,10651400,TPB
2024-11-15 07:00:00,13.86,13.99,13.77,13.86,16220400,TPB
2024-11-18 07:00:00,13.86,14.31,13.82,14.22,16208300,TPB
2024-11-19 07:00:00,14.17,14.26,14.04,14.04,9959400,TPB
2024-11-20 07:00:00,13.95,14.53,13.95,14.26,11375300,TPB
2024-11-21 07:00:00,14.35,14.44,14.26,14.44,6027200,TPB
2024-11-22 07:00:00,14.39,14.48,14.31,14.31,6826400,TPB
2024-11-25 07:00:00,14.35,14.44,14.26,14.35,5428500,TPB
2024-11-26 07:00:00,14.35,14.57,14.35,14.35,7393100,TPB
2024-11-27 07:00:00,14.35,14.48,14.31,14.35,4886900,TPB
2024-11-28 07:00:00,14.44,14.66,14.39,14.44,11221300,TPB
2024-11-29 07:00:00,14.44,14.53,14.39,14.39,4912000,TPB
2024-12-02 07:00:00,14.53,14.62,14.31,14.31,6793000,TPB
2024-12-03 07:00:00,14.35,14.39,14.22,14.22,6553700,TPB
2024-12-04 07:00:00,14.26,14.26,14.04,14.04,8010900,TPB
2024-12-05 07:00:00,14.08,14.62,13.99,14.62,11737500,TPB
2024-12-06 07:00:00,14.66,14.66,14.44,14.44,9727100,TPB
2024-12-09 07:00:00,14.53,14.66,14.44,14.57,8418500,TPB
2024-12-10 07:00:00,14.57,14.66,14.53,14.53,4978800,TPB
2024-12-11 07:00:00,14.57,14.66,14.39,14.48,6312900,TPB
2024-12-12 07:00:00,14.53,14.79,14.44,14.53,17357400,TPB
2024-12-13 07:00:00,14.53,14.62,14.44,14.44,4585600,TPB
2024-12-16 07:00:00,14.44,14.57,14.35,14.39,9848600,TPB
2024-12-17 07:00:00,14.39,14.48,14.35,14.39,4265400,TPB
2024-12-18 07:00:00,14.39,14.48,14.31,14.44,5405700,TPB
2024-12-19 07:00:00,14.26,14.35,14.17,14.22,10785400,TPB
2024-12-20 07:00:00,14.26,14.26,14.13,14.13,5572800,TPB
2024-12-23 07:00:00,14.35,14.39,14.22,14.26,6272100,TPB
2024-12-24 07:00:00,14.26,14.35,14.22,14.26,5949200,TPB
2024-12-25 07:00:00,14.31,14.97,14.26,14.57,14525600,TPB
2024-12-26 07:00:00,14.53,14.75,14.53,14.71,6862500,TPB
2024-12-27 07:00:00,14.75,15.15,14.71,14.88,27796400,TPB
2024-12-30 07:00:00,14.93,15.02,14.66,14.79,6732600,TPB
2024-12-31 07:00:00,14.79,14.93,14.66,14.79,7930000,TPB
2025-01-02 07:00:00,14.84,14.84,14.57,14.71,5149600,TPB
2025-01-03 07:00:00,14.66,14.71,14.39,14.39,9674200,TPB
2025-01-06 07:00:00,14.39,14.48,14.22,14.26,7769800,TPB
2025-01-07 07:00:00,14.31,14.44,14.26,14.31,5751500,TPB
2025-01-08 07:00:00,14.44,14.53,14.35,14.39,4606600,TPB
2025-01-09 07:00:00,14.48,14.48,14.26,14.31,4448700,TPB
2025-01-10 07:00:00,14.31,14.44,14.08,14.13,8367400,TPB
2025-01-13 07:00:00,14.04,14.26,13.95,14.13,6936800,TPB
2025-01-14 07:00:00,14.13,14.26,14.08,14.13,3547500,TPB
2025-01-15 07:00:00,14.22,14.31,14.13,14.22,5695500,TPB
2025-01-16 07:00:00,14.31,14.39,14.22,14.26,6277100,TPB
2025-01-17 07:00:00,14.26,14.39,14.22,14.35,4337800,TPB
2025-01-20 07:00:00,14.44,14.62,14.39,14.57,6756100,TPB
2025-01-21 07:00:00,14.66,14.66,14.39,14.39,5404500,TPB
2025-01-22 07:00:00,14.48,14.48,14.31,14.31,5141700,TPB
2025-01-23 07:00:00,14.44,14.57,14.31,14.53,6159900,TPB
2025-01-24 07:00:00,14.48,14.66,14.48,14.62,8382700,TPB
2025-02-03 07:00:00,14.57,14.57,14.31,14.35,8872100,TPB
2025-02-04 07:00:00,14.44,14.75,14.35,14.71,10936200,TPB
2025-02-05 07:00:00,14.75,14.84,14.62,14.75,8947000,TPB
2025-02-06 07:00:00,14.84,15.02,14.66,14.71,8814900,TPB
2025-02-07 07:00:00,14.79,14.93,14.62,14.71,10057900,TPB
2025-02-10 07:00:00,14.66,14.97,14.53,14.88,17700200,TPB
2025-02-11 07:00:00,14.88,15.28,14.88,15.11,42514000,TPB
2025-02-12 07:00:00,15.19,15.19,14.93,14.97,7638400,TPB
2025-02-13 07:00:00,14.97,15.06,14.88,15.02,7949000,TPB
2025-02-14 07:00:00,15.11,15.24,15.02,15.02,9816600,TPB
2025-02-17 07:00:00,15.02,15.11,14.93,14.97,8521000,TPB
2025-02-18 07:00:00,14.97,15.15,14.93,15.02,9227100,TPB
2025-02-19 07:00:00,15.06,15.11,14.97,15.11,8589200,TPB
2025-02-20 07:00:00,15.11,15.33,15.06,15.19,17107500,TPB
2025-02-21 07:00:00,15.24,15.24,15.02,15.11,9998800,TPB
2025-02-24 07:00:00,15.11,15.24,15.02,15.15,12868200,TPB
2025-02-25 07:00:00,15.24,15.24,15.02,15.06,15150600,TPB
2025-02-26 07:00:00,15.19,15.19,15.02,15.06,12927200,TPB
2025-02-27 07:00:00,15.11,15.15,14.93,15.02,18061000,TPB
2025-02-28 07:00:00,14.97,15.02,14.84,14.84,20436100,TPB
2025-03-03 07:00:00,14.57,14.62,14.31,14.39,61853300,TPB
2025-03-04 07:00:00,14.39,14.53,14.31,14.39,20875800,TPB
2025-03-05 07:00:00,14.44,14.57,14.31,14.31,15091100,TPB
2025-03-06 07:00:00,14.31,14.44,14.26,14.39,17481600,TPB
2025-03-07 07:00:00,14.39,14.62,14.39,14.53,18976100,TPB
2025-03-10 07:00:00,14.53,14.62,14.39,14.39,12081100,TPB
2025-03-11 07:00:00,14.31,14.44,14.26,14.44,9436300,TPB
2025-03-12 07:00:00,14.44,14.48,14.31,14.35,8865400,TPB
2025-03-13 07:00:00,14.35,14.39,14.26,14.26,9950000,TPB
2025-03-14 07:00:00,14.26,14.35,14.22,14.31,10218600,TPB
2025-03-17 07:00:00,14.35,14.62,14.26,14.53,14569500,TPB
2025-03-18 07:00:00,14.57,14.57,14.39,14.44,5575000,TPB
2025-03-19 07:00:00,14.44,14.48,14.22,14.26,17889400,TPB
2025-03-20 07:00:00,14.26,14.31,13.33,13.51,80976700,TPB
2025-03-21 07:00:00,13.33,13.51,12.97,13.11,38265700,TPB
2025-03-24 07:00:00,13.06,13.28,12.84,12.88,29368600,TPB
2025-03-25 07:00:00,12.93,13.33,12.93,13.15,18398200,TPB
2025-03-26 07:00:00,13.15,13.19,12.84,12.88,18645400,TPB
2025-03-27 07:00:00,12.88,12.97,12.62,12.71,19566700,TPB
2025-03-28 07:00:00,12.75,12.8,12.62,12.62,9629500,TPB
2025-03-31 07:00:00,12.62,12.88,12.62,12.71,12035800,TPB
2025-04-01 07:00:00,12.8,12.84,12.66,12.71,7873900,TPB
2025-04-02 07:00:00,12.71,12.8,12.62,12.66,11850800,TPB
2025-04-03 07:00:00,11.91,12.44,11.82,11.82,52438800,TPB
2025-04-04 07:00:00,11.02,11.51,11.02,11.33,42676000,TPB
2025-04-08 07:00:00,11.02,11.11,10.57,10.57,30397700,TPB
2025-04-09 07:00:00,9.86,11.06,9.86,10.4,30873400,TPB
2025-04-10 07:00:00,11.11,11.11,11.11,11.11,1277800,TPB
2025-04-11 07:00:00,11.86,11.86,11.33,11.73,26108300,TPB
2025-04-14 07:00:00,11.77,11.82,11.51,11.6,13386500,TPB
2025-04-15 07:00:00,11.6,11.64,11.33,11.37,11188200,TPB
2025-04-16 07:00:00,11.33,11.55,11.33,11.51,8419500,TPB
2025-04-17 07:00:00,11.46,11.64,11.42,11.64,9430300,TPB
2025-04-18 07:00:00,11.64,11.86,11.64,11.73,12414900,TPB
2025-04-21 07:00:00,12.0,12.22,11.91,12.04,15956100,TPB
2025-04-22 07:00:00,11.91,12.04,11.55,11.91,24165100,TPB
2025-04-23 07:00:00,12.17,12.17,11.95,12.0,8547800,TPB
2025-04-24 07:00:00,12.04,12.08,11.86,11.95,6904700,TPB
2025-04-25 07:00:00,12.04,12.08,11.91,11.91,14038800,TPB
2025-04-28 07:00:00,12.08,12.08,11.91,12.0,8453300,TPB
2025-04-29 07:00:00,12.04,12.13,12.0,12.08,7014500,TPB
2025-05-05 07:00:00,12.17,12.22,12.04,12.08,4493800,TPB
2025-05-06 07:00:00,12.0,12.4,12.0,12.26,14692900,TPB
2025-05-07 07:00:00,12.44,12.44,12.26,12.35,12153500,TPB
2025-05-08 07:00:00,12.44,12.57,12.4,12.48,17146100,TPB
2025-05-09 07:00:00,12.62,12.62,12.44,12.48,17752400,TPB
2025-05-12 07:00:00,12.57,13.15,12.53,13.11,34278300,TPB
2025-05-13 07:00:00,13.3,13.3,12.87,12.96,18602700,TPB
2025-05-14 07:00:00,13.01,13.15,12.96,13.15,14763500,TPB
2025-05-15 07:00:00,13.15,13.25,12.92,13.11,14236200,TPB
2025-05-16 07:00:00,13.06,13.11,12.92,12.96,8585600,TPB
2025-05-19 07:00:00,12.87,12.92,12.77,12.82,8525600,TPB
2025-05-20 07:00:00,12.82,12.92,12.72,12.87,10472800,TPB
2025-05-21 07:00:00,12.87,13.11,12.82,12.87,15401200,TPB
2025-05-22 07:00:00,12.82,12.87,12.63,12.68,15410500,TPB
2025-05-23 07:00:00,12.68,12.72,12.53,12.63,9575500,TPB
2025-05-26 07:00:00,12.68,12.77,12.39,12.72,9088300,TPB
2025-05-27 07:00:00,12.72,12.82,12.39,12.72,11170500,TPB
2025-05-28 07:00:00,12.77,12.87,12.68,12.72,8508800,TPB
2025-05-29 07:00:00,12.77,12.82,12.72,12.77,7026200,TPB
2025-05-30 07:00:00,12.77,12.82,12.58,12.63,7899800,TPB
2025-06-02 07:00:00,12.3,12.53,12.15,12.49,21637900,TPB
2025-06-03 07:00:00,12.53,12.68,12.53,12.63,7560600,TPB
2025-06-04 07:00:00,12.63,12.68,12.49,12.49,8553600,TPB
2025-06-05 07:00:00,12.58,12.58,12.49,12.53,4778700,TPB
2025-06-06 07:00:00,12.53,12.58,12.44,12.49,6755000,TPB
2025-06-09 07:00:00,12.49,12.53,12.39,12.44,5645200,TPB
2025-06-10 07:00:00,12.44,12.53,12.39,12.44,4591700,TPB
2025-06-11 07:00:00,12.49,12.72,12.44,12.63,9199300,TPB
2025-06-12 07:00:00,12.63,12.72,12.58,12.68,7342100,TPB
2025-06-13 07:00:00,12.58,12.68,12.49,12.58,15361500,TPB
2025-06-16 07:00:00,12.58,12.72,12.53,12.68,8624300,TPB
2025-06-17 07:00:00,12.77,13.06,12.72,12.87,15758100,TPB
2025-06-18 07:00:00,12.92,12.92,12.72,12.77,5248200,TPB
2025-06-19 07:00:00,12.77,12.87,12.72,12.77,4779800,TPB
2025-06-20 07:00:00,12.72,12.87,12.68,12.72,6952300,TPB
2025-06-23 07:00:00,12.58,12.68,12.53,12.68,6859100,TPB
2025-06-24 07:00:00,12.77,12.77,12.63,12.63,6089300,TPB
2025-06-25 07:00:00,12.68,12.87,12.63,12.77,11605600,TPB
2025-06-26 07:00:00,12.77,12.82,12.68,12.72,4858000,TPB
2025-06-27 07:00:00,12.77,12.82,12.68,12.77,8293800,TPB
2025-06-30 07:00:00,12.82,12.92,12.77,12.82,12750800,TPB
2025-07-01 07:00:00,12.92,12.96,12.82,12.92,13097300,TPB
2025-07-02 07:00:00,12.92,13.01,12.87,12.96,9756200,TPB
2025-07-03 07:00:00,13.01,13.3,12.92,13.11,27252400,TPB
2025-07-04 07:00:00,13.15,13.25,13.11,13.11,10473100,TPB
2025-07-07 07:00:00,13.11,13.53,13.11,13.49,26250600,TPB
2025-07-08 07:00:00,13.3,13.49,13.25,13.34,32540400,TPB
2025-07-09 07:00:00,13.44,14.25,13.39,14.2,62035800,TPB
2025-07-10 07:00:00,14.3,14.35,14.01,14.15,17093800,TPB
2025-07-11 07:00:00,14.15,14.44,14.06,14.15,26321200,TPB
2025-07-14 07:00:00,14.15,14.2,13.87,14.2,20660000,TPB
2025-07-15 07:00:00,14.25,14.39,14.06,14.06,19482400,TPB
2025-07-16 07:00:00,14.01,14.2,14.01,14.2,15927900,TPB
2025-07-17 07:00:00,14.3,14.44,14.11,14.2,19292100,TPB
2025-07-18 07:00:00,14.25,14.63,14.15,14.39,26879600,TPB
2025-07-21 07:00:00,14.54,14.58,14.35,14.39,21259300,TPB
2025-07-22 07:00:00,14.35,14.73,14.15,14.58,28514100,TPB
2025-07-23 07:00:00,14.73,14.82,14.54,14.68,27098100,TPB
2025-07-24 07:00:00,14.68,15.16,14.68,14.87,28826900,TPB
2025-07-25 07:00:00,15.01,15.06,14.77,14.87,23916200,TPB
2025-07-28 07:00:00,14.92,15.73,14.87,15.68,42094400,TPB
2025-07-29 07:00:00,15.82,15.82,14.58,14.58,48783300,TPB
2025-07-30 07:00:00,14.68,15.25,14.58,15.16,28359900,TPB
2025-07-31 07:00:00,15.3,15.35,14.73,14.96,19584200,TPB
2025-08-01 07:00:00,14.96,15.01,14.63,14.96,20589500,TPB
2025-08-04 07:00:00,14.77,15.97,14.77,15.97,58130500,TPB
2025-08-05 07:00:00,16.63,17.06,16.06,16.78,95593800,TPB
2025-08-06 07:00:00,17.25,17.92,16.97,17.35,52729600,TPB
2025-08-07 07:00:00,17.49,18.54,17.16,18.54,73654600,TPB
2025-08-08 07:00:00,18.83,19.16,18.21,18.44,43594800,TPB
2025-08-11 07:00:00,18.49,18.78,17.97,18.63,60916300,TPB
2025-08-12 07:00:00,18.78,18.87,18.06,18.3,41379400,TPB
2025-08-13 07:00:00,18.3,18.59,17.68,18.25,43125300,TPB
2025-08-14 07:00:00,18.25,19.4,18.25,18.87,71645800,TPB
2025-08-15 07:00:00,19.11,19.11,18.3,18.59,44703500,TPB
2025-08-18 07:00:00,18.59,19.64,18.35,19.21,50412200,TPB
2025-08-19 07:00:00,19.35,20.25,19.21,20.25,70595800,TPB
2025-08-20 07:00:00,20.49,20.54,18.87,19.68,55892900,TPB
2025-08-21 07:00:00,20.02,21.02,19.68,21.02,114491700,TPB
2025-08-22 07:00:00,20.97,21.73,19.59,20.59,80694300,TPB
2025-08-25 07:00:00,20.59,20.78,19.16,19.16,59487200,TPB
2025-08-26 07:00:00,18.59,20.06,18.4,19.97,49478800,TPB
2025-08-27 07:00:00,20.3,20.64,19.11,19.25,54262500,TPB
2025-08-28 07:00:00,19.54,20.02,19.21,19.83,38282600,TPB
2025-08-29 07:00:00,20.02,20.4,19.68,19.92,47735900,TPB
2025-09-03 07:00:00,19.97,20.16,19.73,20.06,27320500,TPB
2025-09-04 07:00:00,20.35,20.68,20.06,20.49,37882800,TPB
2025-09-05 07:00:00,20.59,20.83,19.64,19.64,47070000,TPB
2025-09-08 07:00:00,19.25,19.59,18.44,18.44,54200200,TPB
2025-09-09 07:00:00,18.54,18.68,18.16,18.54,21852800,TPB
2025-09-10 07:00:00,18.63,18.83,18.21,18.3,20204200,TPB
2025-09-11 07:00:00,18.25,18.78,17.54,18.73,33078100,TPB
2025-09-12 07:00:00,18.87,18.87,18.44,18.59,13552300,TPB
2025-09-15 07:00:00,18.63,18.97,18.54,18.87,13096000,TPB
2025-09-16 07:00:00,19.02,19.11,18.59,18.73,14881100,TPB
2025-09-17 07:00:00,18.73,18.78,18.4,18.4,10738100,TPB
2025-09-18 07:00:00,18.4,18.54,17.82,17.97,18506300,TPB
2025-09-19 07:00:00,18.01,18.25,17.73,17.73,12254000,TPB
2025-09-22 07:00:00,17.82,18.11,17.35,18.11,20761200,TPB
2025-09-23 07:00:00,18.06,18.3,17.87,18.3,12062800,TPB
2025-09-24 07:00:00,18.25,18.73,17.78,18.73,29866300,TPB
2025-09-25 07:00:00,18.73,18.78,18.44,18.49,9188700,TPB
2025-09-26 07:00:00,18.44,18.54,17.92,17.92,10599500,TPB
2025-09-29 07:00:00,17.92,18.21,17.78,17.97,7329400,TPB
2025-09-30 07:00:00,18.01,18.11,17.54,17.97,11734600,TPB
2025-10-01 07:00:00,17.97,18.63,17.92,18.4,19780100,TPB
2025-10-02 07:00:00,18.4,18.63,17.92,17.92,11176400,TPB
2025-10-03 07:00:00,17.82,18.01,17.68,17.82,9148300,TPB
2025-10-06 07:00:00,18.16,19.02,17.92,18.92,25592500,TPB
2025-10-07 07:00:00,19.02,19.02,18.44,18.44,12560200,TPB
2025-10-08 07:00:00,18.78,18.78,18.21,18.54,21253800,TPB
2025-10-09 07:00:00,18.63,19.11,18.49,19.06,42825400,TPB
2025-10-10 07:00:00,19.16,19.21,18.63,18.68,23788700,TPB
2025-10-13 07:00:00,18.4,18.63,18.35,18.54,18298800,TPB
2025-10-14 07:00:00,18.59,18.87,18.16,18.3,41097900,TPB
2025-10-15 07:00:00,18.3,18.92,18.3,18.78,28525100,TPB
2025-10-16 07:00:00,18.92,18.92,18.59,18.83,17126800,TPB
2025-10-17 07:00:00,18.83,18.87,18.3,18.35,18700200,TPB
2025-10-20 07:00:00,18.35,18.35,17.11,17.11,26339100,TPB
2025-10-21 07:00:00,16.97,17.54,16.2,17.35,23292000,TPB
2025-10-22 07:00:00,17.49,17.54,16.73,17.3,8153400,TPB
2025-10-23 07:00:00,17.35,17.4,16.97,16.97,9146100,TPB
2025-10-24 07:00:00,17.01,17.11,16.63,17.06,10405100,TPB
2025-10-27 07:00:00,17.16,17.2,16.73,16.73,7149400,TPB
2025-10-28 07:00:00,16.68,17.11,16.63,17.11,8875800,TPB
2025-10-29 07:00:00,17.16,17.54,17.06,17.3,10934100,TPB
2025-10-30 07:00:00,17.5,17.5,17.15,17.15,5633500,TPB
2025-10-31 07:00:00,17.1,17.3,16.65,16.65,8998600,TPB
2025-11-03 07:00:00,16.8,17.3,16.65,16.65,20592700,TPB
2025-11-04 07:00:00,16.65,17.45,16.55,17.25,16470600,TPB
2025-11-05 07:00:00,17.2,17.25,16.85,16.9,4660000,TPB
2025-11-06 07:00:00,16.9,17.15,16.75,16.9,4174700,TPB
2025-11-07 07:00:00,16.8,16.95,16.35,16.5,8560700,TPB
2025-11-10 07:00:00,16.5,16.8,16.45,16.5,5423200,TPB
2025-11-11 07:00:00,16.55,16.9,16.45,16.9,4332600,TPB
2025-11-12 07:00:00,16.9,17.3,16.75,17.3,10048700,TPB
2025-11-13 07:00:00,17.2,17.25,16.95,16.95,4498500,TPB
2025-11-14 07:00:00,16.95,17.0,16.8,16.95,4315300,TPB
2025-11-17 07:00:00,17.0,17.2,16.9,17.15,4670500,TPB
2025-11-18 07:00:00,17.15,17.6,17.1,17.6,13307100,TPB
2025-11-19 07:00:00,17.6,17.6,17.15,17.15,4219000,TPB
2025-11-20 07:00:00,17.2,17.3,17.0,17.25,4211000,TPB
2025-11-21 07:00:00,17.05,17.25,16.85,17.25,5447600,TPB
2025-11-24 07:00:00,17.25,17.3,17.0,17.25,6498000,TPB
2025-11-25 07:00:00,17.1,17.25,16.85,16.95,5087000,TPB
2025-11-26 07:00:00,16.9,17.45,16.9,17.4,6895100,TPB
2025-11-27 07:00:00,17.4,17.8,17.3,17.35,8297800,TPB
2025-11-28 07:00:00,17.35,17.4,17.0,17.3,3772500,TPB
2025-12-01 07:00:00,17.2,17.25,17.0,17.0,4157400,TPB
2025-12-02 07:00:00,17.0,17.15,16.85,17.1,6543900,TPB
2025-12-03 07:00:00,17.15,17.65,17.15,17.35,17159000,TPB
2025-12-04 07:00:00,17.35,17.65,17.35,17.6,16127000,TPB
2025-12-05 07:00:00,17.7,17.75,17.25,17.4,7624600,TPB
2025-12-08 07:00:00,17.35,17.45,17.15,17.2,4425100,TPB
2025-12-09 07:00:00,17.15,17.25,16.7,16.9,16834200,TPB
2025-12-10 07:00:00,16.9,17.1,16.9,16.9,2980100,TPB
2025-12-11 07:00:00,16.95,17.05,16.75,16.8,6528300,TPB
2025-12-12 07:00:00,16.8,16.9,16.35,16.35,9135900,TPB
2025-12-15 07:00:00,16.3,16.5,16.25,16.35,7333700,TPB
2025-12-16 07:00:00,16.35,16.8,15.9,16.8,10785400,TPB
2025-12-17 07:00:00,16.7,16.9,16.5,16.5,4972400,TPB
2025-12-18 07:00:00,16.5,16.7,16.45,16.7,3417100,TPB
2025-12-19 07:00:00,16.75,16.85,16.65,16.85,3947500,TPB
2025-12-22 07:00:00,16.95,17.4,16.8,17.3,12313500,TPB
2025-12-23 07:00:00,17.4,17.65,16.95,17.35,11798600,TPB
2025-12-24 07:00:00,17.35,17.6,17.1,17.4,5933400,TPB
2025-12-25 07:00:00,17.45,17.55,17.0,17.0,6278500,TPB
2025-12-26 07:00:00,16.9,17.15,16.6,16.95,7454900,TPB
2025-12-29 07:00:00,17.0,17.15,16.9,16.9,4987800,TPB
2025-12-30 07:00:00,17.0,17.3,16.95,17.15,9182200,TPB
2025-12-31 07:00:00,17.25,17.25,17.1,17.1,4734200,TPB
2026-01-05 07:00:00,17.15,17.2,16.55,16.6,9746200,TPB
2026-01-06 07:00:00,16.75,17.15,16.55,17.05,9984600,TPB
2026-01-07 07:00:00,17.2,17.65,17.1,17.45,24298100,TPB
2026-01-08 07:00:00,17.5,18.15,17.3,17.65,28555100,TPB
2026-01-09 07:00:00,17.9,18.0,17.5,17.6,23633700,TPB
2026-01-12 07:00:00,17.6,18.4,17.55,18.2,31613600,TPB
2026-01-13 07:00:00,18.3,18.5,17.85,17.9,25027900,TPB
2026-01-14 07:00:00,17.95,17.95,17.5,17.5,16879600,TPB
2026-01-15 07:00:00,17.5,17.65,17.3,17.4,9922700,TPB
2026-01-16 07:00:00,17.65,17.7,17.35,17.4,8678500,TPB
2026-01-19 07:00:00,17.4,17.5,17.3,17.35,5048400,TPB
2026-01-20 07:00:00,17.4,17.8,17.4,17.45,19291000,TPB
2026-01-21 07:00:00,17.3,17.45,17.1,17.2,7502100,TPB
2026-01-22 07:00:00,17.2,17.6,17.2,17.4,7320300,TPB
2026-01-23 07:00:00,17.4,17.5,17.2,17.25,6045100,TPB
2026-01-26 07:00:00,17.15,17.25,16.8,17.1,9056800,TPB
2026-01-27 07:00:00,17.05,17.25,17.0,17.2,7435400,TPB
2026-01-28 07:00:00,17.25,17.25,16.85,16.9,6350500,TPB
2026-01-29 07:00:00,16.9,17.1,16.7,16.7,5243000,TPB
2026-01-30 07:00:00,16.8,17.2,16.65,17.2,6437600,TPB
2026-02-02 07:00:00,17.2,17.35,17.0,17.0,7436300,TPB
2026-02-03 07:00:00,17.2,17.35,16.95,17.15,8592700,TPB
2026-02-04 07:00:00,17.15,17.45,17.1,17.4,8474000,TPB
2026-02-05 07:00:00,17.4,17.55,17.1,17.1,5380800,TPB
2026-02-06 07:00:00,17.05,17.1,16.75,16.8,8877300,TPB
2026-02-09 07:00:00,16.9,17.0,16.75,16.8,4925200,TPB
2026-02-10 07:00:00,16.7,17.0,16.65,16.8,4365300,TPB
2026-02-11 07:00:00,16.8,17.35,16.8,17.35,9392200,TPB
2026-02-12 07:00:00,17.45,17.5,17.15,17.15,4649600,TPB
2026-02-13 07:00:00,17.15,17.5,17.1,17.5,5366800,TPB
2026-02-23 07:00:00,17.6,18.05,17.4,18.0,34774400,TPB
2026-02-24 07:00:00,18.0,18.35,17.65,18.05,34910600,TPB
2026-02-25 07:00:00,18.25,18.7,18.05,18.65,50381300,TPB
2026-02-26 07:00:00,18.8,18.8,18.15,18.35,20461500,TPB
2026-02-27 07:00:00,18.45,18.7,18.25,18.4,17459800,TPB
2026-03-02 07:00:00,17.9,18.45,17.8,17.8,38690700,TPB
2026-03-03 07:00:00,17.85,18.2,17.55,17.6,24818800,TPB
2026-03-04 07:00:00,17.55,17.8,16.6,17.3,30118900,TPB
2026-03-05 07:00:00,17.5,17.7,17.05,17.05,18616900,TPB
2026-03-06 07:00:00,17.0,17.25,16.85,16.85,14312800,TPB
2026-03-09 07:00:00,15.8,16.5,15.7,15.7,28431800,TPB
2026-03-10 07:00:00,16.1,16.35,15.7,16.0,22268300,TPB
2026-03-11 07:00:00,16.05,16.7,16.0,16.45,21018900,TPB
2026-03-12 07:00:00,16.2,16.45,15.95,16.05,13103500,TPB
2026-03-13 07:00:00,16.1,16.2,15.85,16.0,11262700,TPB
2026-03-16 07:00:00,16.1,16.2,15.95,16.0,6987300,TPB
2026-03-17 07:00:00,16.15,16.35,16.1,16.1,6385100,TPB
2026-03-18 07:00:00,16.2,16.35,15.9,16.05,8612200,TPB
2026-03-19 07:00:00,15.85,16.1,15.75,16.0,11842100,TPB
2026-03-20 07:00:00,15.9,16.0,15.8,15.8,4820600,TPB
2026-03-23 07:00:00,15.6,15.75,15.1,15.1,11931000,TPB
2026-03-24 07:00:00,15.5,15.95,15.35,15.8,11898000,TPB
2026-03-25 07:00:00,15.85,16.2,15.8,16.15,11989200,TPB
2026-03-26 07:00:00,16.15,16.15,15.9,15.9,6802600,TPB
2026-03-27 07:00:00,15.9,16.3,15.9,16.25,9247800,TPB
2026-03-30 07:00:00,15.9,16.2,15.85,15.95,5128400,TPB
2026-03-31 07:00:00,16.05,16.5,16.0,16.3,11363300,TPB
2026-04-01 07:00:00,16.55,16.75,16.3,16.35,11594500,TPB
2026-04-02 07:00:00,16.25,16.25,15.95,16.0,5650100,TPB
2026-04-03 07:00:00,16.15,16.15,15.95,16.0,4118600,TPB
2026-04-06 07:00:00,16.0,16.1,15.85,15.85,4698000,TPB
2026-04-07 07:00:00,15.95,16.0,15.55,15.75,9187900,TPB
2026-04-08 07:00:00,16.2,16.6,16.15,16.5,17311600,TPB
2026-04-09 07:00:00,16.45,16.45,16.25,16.25,5397600,TPB
2026-04-10 07:00:00,16.4,16.9,16.3,16.3,8878700,TPB
2026-04-13 07:00:00,16.2,16.5,16.1,16.35,7939500,TPB
2026-04-14 07:00:00,16.5,16.7,16.4,16.45,8610800,TPB
2026-04-15 07:00:00,16.45,16.6,16.35,16.4,6809100,TPB
2026-04-16 07:00:00,16.4,16.45,16.2,16.25,6088700,TPB
2026-04-17 07:00:00,16.25,16.4,16.2,16.25,6009400,TPB
2026-04-20 07:00:00,16.25,16.5,16.25,16.4,6485400,TPB
2026-04-21 07:00:00,16.45,16.5,16.25,16.25,6860400,TPB
2026-04-22 07:00:00,16.35,16.35,16.15,16.3,5312400,TPB
2026-04-23 07:00:00,16.3,16.65,16.25,16.3,7412000,TPB
2026-04-24 07:00:00,16.35,16.45,16.25,16.3,4051000,TPB
2026-04-28 07:00:00,16.3,16.4,16.25,16.25,4413200,TPB
2026-04-29 07:00:00,16.25,16.4,16.15,16.25,4029500,TPB
2026-05-04 07:00:00,16.25,16.45,16.25,16.3,6862500,TPB
2026-05-05 07:00:00,16.25,16.3,16.0,16.1,3846700,TPB
2023-05-08 07:00:00,7.68,7.77,7.64,7.77,3046000,MSB
2023-05-09 07:00:00,7.74,7.77,7.68,7.74,2057100,MSB
2023-05-10 07:00:00,7.74,7.84,7.68,7.84,2289500,MSB
2023-05-11 07:00:00,7.84,7.87,7.77,7.77,1324600,MSB
2023-05-12 07:00:00,7.77,7.84,7.68,7.84,2931700,MSB
2023-05-15 07:00:00,7.84,7.93,7.77,7.84,3259800,MSB
2023-05-16 07:00:00,7.84,7.84,7.74,7.74,1624800,MSB
2023-05-17 07:00:00,7.8,7.8,7.68,7.68,2067600,MSB
2023-05-18 07:00:00,7.71,7.77,7.68,7.71,1947200,MSB
2023-05-19 07:00:00,7.71,7.74,7.64,7.74,2405900,MSB
2023-05-22 07:00:00,7.74,7.77,7.71,7.77,3016800,MSB
2023-05-23 07:00:00,7.8,7.8,7.71,7.77,1577200,MSB
2023-05-24 07:00:00,7.77,7.77,7.68,7.68,1714800,MSB
2023-05-25 07:00:00,7.71,7.71,7.61,7.64,1712100,MSB
2023-05-26 07:00:00,7.64,7.68,7.58,7.58,1456600,MSB
2023-05-29 07:00:00,7.64,7.68,7.61,7.64,1313200,MSB
2023-05-30 07:00:00,7.68,7.74,7.61,7.68,2076600,MSB
2023-05-31 07:00:00,7.71,7.71,7.64,7.68,1917300,MSB
2023-06-01 07:00:00,7.68,7.9,7.64,7.87,4706700,MSB
2023-06-02 07:00:00,7.96,8.16,7.93,8.12,8977500,MSB
2023-06-05 07:00:00,8.19,8.22,8.0,8.09,6202700,MSB
2023-06-06 07:00:00,8.06,8.19,8.03,8.19,6547200,MSB
2023-06-07 07:00:00,8.19,8.38,8.16,8.32,8018900,MSB
2023-06-08 07:00:00,8.32,8.32,8.09,8.12,6087100,MSB
2023-06-09 07:00:00,8.09,8.38,8.06,8.38,7633900,MSB
2023-06-12 07:00:00,8.41,8.44,8.25,8.38,5918200,MSB
2023-06-13 07:00:00,8.41,8.41,8.25,8.38,6454200,MSB
2023-06-14 07:00:00,8.38,8.51,8.25,8.25,5095400,MSB
2023-06-15 07:00:00,8.28,8.32,8.16,8.28,4428500,MSB
2023-06-16 07:00:00,8.32,8.35,8.19,8.25,6198200,MSB
2023-06-19 07:00:00,8.28,8.28,8.12,8.19,3045300,MSB
2023-06-20 07:00:00,8.19,8.25,8.12,8.25,2958500,MSB
2023-06-21 07:00:00,8.25,8.28,8.19,8.28,3892000,MSB
2023-06-22 07:00:00,8.32,8.38,8.28,8.35,6452200,MSB
2023-06-23 07:00:00,8.35,8.41,8.25,8.32,5534900,MSB
2023-06-26 07:00:00,8.32,8.35,8.12,8.19,4858100,MSB
2023-06-27 07:00:00,8.22,8.22,8.12,8.19,5211300,MSB
2023-06-28 07:00:00,8.19,8.32,8.16,8.28,5718500,MSB
2023-06-29 07:00:00,8.28,8.32,8.12,8.16,4963200,MSB
2023-06-30 07:00:00,8.16,8.16,8.0,8.06,8445700,MSB
2023-07-03 07:00:00,8.09,8.09,8.03,8.09,3871400,MSB
2023-07-04 07:00:00,8.09,8.12,8.03,8.12,3397100,MSB
2023-07-05 07:00:00,8.12,8.19,8.09,8.12,3963600,MSB
2023-07-06 07:00:00,8.12,8.16,7.96,8.06,4531700,MSB
2023-07-07 07:00:00,8.06,8.09,8.0,8.09,3442500,MSB
2023-07-10 07:00:00,8.16,8.19,8.12,8.16,5272100,MSB
2023-07-11 07:00:00,8.19,8.35,8.19,8.32,11512700,MSB
2023-07-12 07:00:00,8.38,8.38,8.25,8.28,3427500,MSB
2023-07-13 07:00:00,8.32,8.35,8.22,8.28,5493500,MSB
2023-07-14 07:00:00,8.32,8.35,8.06,8.12,8648700,MSB
2023-07-17 07:00:00,8.19,8.22,8.12,8.19,4443800,MSB
2023-07-18 07:00:00,8.19,8.25,8.16,8.25,5208800,MSB
2023-07-19 07:00:00,8.25,8.32,8.19,8.22,6041600,MSB
2023-07-20 07:00:00,8.22,8.51,8.19,8.44,22545100,MSB
2023-07-21 07:00:00,8.57,8.6,8.44,8.48,18768700,MSB
2023-07-24 07:00:00,8.51,8.7,8.44,8.7,22384600,MSB
2023-07-25 07:00:00,8.76,8.83,8.64,8.64,29413500,MSB
2023-07-26 07:00:00,8.64,8.7,8.54,8.57,19698900,MSB
2023-07-27 07:00:00,8.57,8.64,8.48,8.57,20227300,MSB
2023-07-28 07:00:00,8.64,8.8,8.54,8.76,31275000,MSB
2023-07-31 07:00:00,8.83,8.92,8.76,8.8,10658500,MSB
2023-08-01 07:00:00,8.83,9.15,8.8,8.96,19944000,MSB
2023-08-02 07:00:00,8.99,9.05,8.89,9.02,10235300,MSB
2023-08-03 07:00:00,9.02,9.12,8.96,8.99,11042100,MSB
2023-08-04 07:00:00,8.99,9.21,8.96,9.21,12831600,MSB
2023-08-07 07:00:00,9.34,9.53,9.28,9.37,12380500,MSB
2023-08-08 07:00:00,9.37,9.37,9.15,9.21,13866500,MSB
2023-08-09 07:00:00,9.12,9.15,8.99,9.08,11307500,MSB
2023-08-10 07:00:00,9.02,9.08,8.99,9.08,8079300,MSB
2023-08-11 07:00:00,9.08,9.21,8.96,9.21,10987800,MSB
2023-08-14 07:00:00,9.21,9.24,9.12,9.21,7068000,MSB
2023-08-15 07:00:00,9.18,9.21,9.02,9.02,5223400,MSB
2023-08-16 07:00:00,9.02,9.12,8.96,9.05,9350000,MSB
2023-08-17 07:00:00,9.05,9.08,8.99,8.99,8386000,MSB
2023-08-18 07:00:00,8.92,8.96,8.44,8.51,18526800,MSB
2023-08-21 07:00:00,8.51,8.73,8.51,8.67,7808100,MSB
2023-08-22 07:00:00,8.7,8.73,8.48,8.73,7908900,MSB
2023-08-23 07:00:00,8.8,8.83,8.67,8.67,3284300,MSB
2023-08-24 07:00:00,8.67,8.73,8.64,8.73,3646000,MSB
2023-08-25 07:00:00,8.73,8.73,8.64,8.67,4771100,MSB
2023-08-28 07:00:00,8.67,8.8,8.67,8.76,5237800,MSB
2023-08-29 07:00:00,8.8,8.99,8.8,8.92,7304200,MSB
2023-08-30 07:00:00,8.92,8.96,8.8,8.96,5037300,MSB
2023-08-31 07:00:00,8.96,9.08,8.92,8.96,7481100,MSB
2023-09-05 07:00:00,9.05,9.56,8.96,9.53,24325900,MSB
2023-09-06 07:00:00,9.53,9.53,9.37,9.53,13377900,MSB
2023-09-07 07:00:00,9.6,9.79,9.56,9.6,17704500,MSB
2023-09-08 07:00:00,9.53,9.63,9.4,9.44,10996100,MSB
2023-09-11 07:00:00,9.5,9.5,8.99,9.12,16704600,MSB
2023-09-12 07:00:00,9.12,9.34,9.08,9.34,9529800,MSB
2023-09-13 07:00:00,9.44,9.44,9.21,9.34,11419600,MSB
2023-09-14 07:00:00,9.37,9.69,9.34,9.47,22396500,MSB
2023-09-15 07:00:00,9.56,9.66,9.47,9.5,10387100,MSB
2023-09-18 07:00:00,9.5,9.5,9.15,9.28,12404200,MSB
2023-09-19 07:00:00,9.37,9.53,9.15,9.53,11811000,MSB
2023-09-20 07:00:00,9.53,9.82,9.47,9.66,21526200,MSB
2023-09-21 07:00:00,9.66,9.69,9.4,9.5,12886800,MSB
2023-09-22 07:00:00,9.34,9.34,8.92,9.21,17520500,MSB
2023-09-25 07:00:00,9.21,9.28,8.57,8.64,15135600,MSB
2023-09-26 07:00:00,8.64,8.83,8.64,8.64,7848000,MSB
2023-09-27 07:00:00,8.64,8.8,8.54,8.8,6068100,MSB
2023-09-28 07:00:00,8.76,8.83,8.64,8.73,4977000,MSB
2023-09-29 07:00:00,8.8,8.83,8.7,8.8,3243400,MSB
2023-10-02 07:00:00,8.83,9.02,8.8,8.96,6239800,MSB
2023-10-03 07:00:00,8.89,8.89,8.54,8.64,7304300,MSB
2023-10-04 07:00:00,8.57,8.86,8.54,8.83,4065100,MSB
2023-10-05 07:00:00,8.83,8.89,8.7,8.7,3089100,MSB
2023-10-06 07:00:00,8.7,8.86,8.67,8.86,3515300,MSB
2023-10-09 07:00:00,8.86,8.89,8.8,8.89,2941100,MSB
2023-10-10 07:00:00,8.92,9.02,8.89,8.92,4990400,MSB
2023-10-11 07:00:00,8.96,8.96,8.83,8.96,4229200,MSB
2023-10-12 07:00:00,8.99,9.02,8.92,8.99,6480600,MSB
2023-10-13 07:00:00,8.89,8.99,8.83,8.92,3743600,MSB
2023-10-16 07:00:00,8.92,8.92,8.73,8.76,3599800,MSB
2023-10-17 07:00:00,8.8,8.83,8.64,8.64,5752000,MSB
2023-10-18 07:00:00,8.67,8.7,8.28,8.41,7453400,MSB
2023-10-19 07:00:00,8.41,8.44,8.09,8.09,7363400,MSB
2023-10-20 07:00:00,8.06,8.32,8.03,8.32,5562100,MSB
2023-10-23 07:00:00,8.32,8.32,8.06,8.19,3899100,MSB
2023-10-24 07:00:00,8.19,8.35,8.19,8.32,3724900,MSB
2023-10-25 07:00:00,8.38,8.48,8.32,8.35,4751900,MSB
2023-10-26 07:00:00,8.12,8.28,7.77,7.8,13538900,MSB
2023-10-27 07:00:00,7.96,8.03,7.74,7.87,6531500,MSB
2023-10-30 07:00:00,7.84,8.06,7.84,7.9,3532100,MSB
2023-10-31 07:00:00,7.9,7.93,7.71,7.84,4269600,MSB
2023-11-01 07:00:00,7.87,8.06,7.77,8.06,4519000,MSB
2023-11-02 07:00:00,8.09,8.32,8.03,8.32,6174100,MSB
2023-11-03 07:00:00,8.35,8.57,8.25,8.51,13445800,MSB
2023-11-06 07:00:00,8.54,8.54,8.35,8.51,5632400,MSB
2023-11-07 07:00:00,8.44,8.48,8.25,8.25,4434500,MSB
2023-11-08 07:00:00,8.32,8.54,8.19,8.54,6377400,MSB
2023-11-09 07:00:00,8.57,8.6,8.41,8.44,6534500,MSB
2023-11-10 07:00:00,8.38,8.44,8.32,8.41,6600000,MSB
2023-11-13 07:00:00,8.41,8.48,8.28,8.41,4260000,MSB
2023-11-14 07:00:00,8.44,8.76,8.41,8.64,13968900,MSB
2023-11-15 07:00:00,8.76,8.76,8.57,8.64,5207100,MSB
2023-11-16 07:00:00,8.6,8.64,8.51,8.6,4020500,MSB
2023-11-17 07:00:00,8.64,8.64,8.38,8.38,8083200,MSB
2023-11-20 07:00:00,8.19,8.41,8.19,8.32,4407500,MSB
2023-11-21 07:00:00,8.35,8.41,8.25,8.32,3781500,MSB
2023-11-22 07:00:00,8.32,8.35,8.25,8.35,2389300,MSB
2023-11-23 07:00:00,8.38,8.41,8.22,8.22,4272300,MSB
2023-11-24 07:00:00,8.22,8.25,8.03,8.22,5019700,MSB
2023-11-27 07:00:00,8.22,8.22,8.09,8.12,2945100,MSB
2023-11-28 07:00:00,8.12,8.19,8.0,8.16,2909100,MSB
2023-11-29 07:00:00,8.16,8.22,8.12,8.19,1785200,MSB
2023-11-30 07:00:00,8.22,8.25,8.12,8.19,2356200,MSB
2023-12-01 07:00:00,8.19,8.19,8.06,8.19,1611700,MSB
2023-12-04 07:00:00,8.19,8.32,8.19,8.32,4632200,MSB
2023-12-05 07:00:00,8.35,8.35,8.19,8.25,2955300,MSB
2023-12-06 07:00:00,8.25,8.32,8.19,8.32,3900500,MSB
2023-12-07 07:00:00,8.35,8.48,8.25,8.32,6952700,MSB
2023-12-08 07:00:00,8.32,8.41,8.28,8.35,4288800,MSB
2023-12-11 07:00:00,8.38,8.41,8.28,8.28,2559200,MSB
2023-12-12 07:00:00,8.32,8.32,8.25,8.28,2280500,MSB
2023-12-13 07:00:00,8.32,8.32,8.12,8.16,4403800,MSB
2023-12-14 07:00:00,8.19,8.25,8.09,8.19,2470000,MSB
2023-12-15 07:00:00,8.19,8.19,8.09,8.12,2158900,MSB
2023-12-18 07:00:00,8.12,8.16,8.03,8.12,2539900,MSB
2023-12-19 07:00:00,8.09,8.12,8.0,8.09,2744600,MSB
2023-12-20 07:00:00,8.12,8.12,8.0,8.03,2818800,MSB
2023-12-21 07:00:00,8.03,8.09,8.0,8.06,2304900,MSB
2023-12-22 07:00:00,8.06,8.12,8.0,8.06,2554300,MSB
2023-12-25 07:00:00,8.06,8.16,8.06,8.12,3385700,MSB
2023-12-26 07:00:00,8.12,8.16,8.06,8.12,2680300,MSB
2023-12-27 07:00:00,8.12,8.19,8.09,8.19,5116000,MSB
2023-12-28 07:00:00,8.12,8.22,8.12,8.19,2740100,MSB
2023-12-29 07:00:00,8.19,8.35,8.16,8.32,6731800,MSB
2024-01-02 07:00:00,8.32,8.35,8.25,8.32,4515700,MSB
2024-01-03 07:00:00,8.28,8.35,8.19,8.35,6680700,MSB
2024-01-04 07:00:00,8.35,8.83,8.35,8.6,22665100,MSB
2024-01-05 07:00:00,8.67,8.7,8.57,8.67,7243200,MSB
2024-01-08 07:00:00,8.7,8.8,8.57,8.7,8588600,MSB
2024-01-09 07:00:00,8.73,8.89,8.67,8.83,12395600,MSB
2024-01-10 07:00:00,8.83,8.92,8.76,8.86,12406100,MSB
2024-01-11 07:00:00,8.86,9.08,8.83,8.89,13250100,MSB
2024-01-12 07:00:00,8.83,8.96,8.73,8.92,9395300,MSB
2024-01-15 07:00:00,8.99,9.05,8.76,8.76,4833900,MSB
2024-01-16 07:00:00,8.76,8.89,8.73,8.89,4577500,MSB
2024-01-17 07:00:00,8.89,8.92,8.83,8.83,5400900,MSB
2024-01-18 07:00:00,8.86,8.86,8.76,8.86,4358300,MSB
2024-01-19 07:00:00,8.86,8.99,8.86,8.99,8768900,MSB
2024-01-22 07:00:00,9.05,9.08,8.96,9.02,5958000,MSB
2024-01-23 07:00:00,9.08,9.08,8.89,8.92,4494500,MSB
2024-01-24 07:00:00,8.96,8.96,8.83,8.86,4641000,MSB
2024-01-25 07:00:00,8.86,8.86,8.8,8.8,3630700,MSB
2024-01-26 07:00:00,8.8,8.89,8.8,8.86,2694000,MSB
2024-01-29 07:00:00,8.89,8.92,8.83,8.86,3770000,MSB
2024-01-30 07:00:00,8.86,9.05,8.83,8.89,6390000,MSB
2024-01-31 07:00:00,8.89,8.92,8.67,8.7,5579300,MSB
2024-02-01 07:00:00,8.7,8.76,8.64,8.64,5697500,MSB
2024-02-02 07:00:00,8.64,8.7,8.6,8.64,5418200,MSB
2024-02-05 07:00:00,8.7,8.89,8.67,8.89,6076800,MSB
2024-02-06 07:00:00,8.96,8.96,8.86,8.92,4200800,MSB
2024-02-07 07:00:00,8.89,9.02,8.89,9.02,7464100,MSB
2024-02-15 07:00:00,9.08,9.63,9.08,9.63,35348400,MSB
2024-02-16 07:00:00,9.76,9.82,9.6,9.72,10820600,MSB
2024-02-19 07:00:00,9.76,10.17,9.69,9.98,23243600,MSB
2024-02-20 07:00:00,9.98,10.01,9.79,9.98,10469100,MSB
2024-02-21 07:00:00,9.95,10.33,9.85,10.14,22893800,MSB
2024-02-22 07:00:00,10.14,10.14,9.88,10.04,14005200,MSB
2024-02-23 07:00:00,10.04,10.3,9.79,9.85,24973400,MSB
2024-02-26 07:00:00,9.79,9.95,9.79,9.95,10716400,MSB
2024-02-27 07:00:00,9.98,10.01,9.85,9.92,10235700,MSB
2024-02-28 07:00:00,9.98,10.11,9.79,10.11,17548100,MSB
2024-02-29 07:00:00,10.27,10.52,10.14,10.17,19144100,MSB
2024-03-01 07:00:00,10.17,10.24,9.98,10.08,10551000,MSB
2024-03-04 07:00:00,10.08,10.08,9.88,9.95,12982700,MSB
2024-03-05 07:00:00,9.95,10.04,9.92,10.04,7318200,MSB
2024-03-06 07:00:00,10.04,10.17,9.85,9.92,8755300,MSB
2024-03-07 07:00:00,9.95,9.98,9.79,9.82,10279900,MSB
2024-03-08 07:00:00,9.82,9.88,9.5,9.5,22194800,MSB
2024-03-11 07:00:00,9.5,9.53,9.34,9.4,9212200,MSB
2024-03-12 07:00:00,9.4,9.47,9.34,9.4,8452900,MSB
2024-03-13 07:00:00,9.44,9.6,9.37,9.56,6676800,MSB
2024-03-14 07:00:00,9.63,9.63,9.4,9.4,8052300,MSB
2024-03-15 07:00:00,9.4,9.47,9.24,9.4,10181900,MSB
2024-03-18 07:00:00,9.44,9.5,8.86,9.08,17244600,MSB
2024-03-19 07:00:00,9.12,9.18,8.99,9.18,6360700,MSB
2024-03-20 07:00:00,9.18,9.47,9.15,9.47,10665000,MSB
2024-03-21 07:00:00,9.53,9.56,9.37,9.53,8616800,MSB
2024-03-22 07:00:00,9.6,9.85,9.53,9.63,14603000,MSB
2024-03-25 07:00:00,9.6,9.63,9.4,9.44,9029400,MSB
2024-03-26 07:00:00,9.37,9.5,9.37,9.47,5484000,MSB
2024-03-27 07:00:00,9.53,9.53,9.44,9.44,5056500,MSB
2024-03-28 07:00:00,9.5,9.63,9.44,9.53,5537300,MSB
2024-03-29 07:00:00,9.47,9.47,9.31,9.31,8241300,MSB
2024-04-01 07:00:00,9.31,9.34,9.18,9.21,6227400,MSB
2024-04-02 07:00:00,9.18,9.37,9.08,9.34,6663200,MSB
2024-04-03 07:00:00,9.37,9.56,9.31,9.31,12351600,MSB
2024-04-04 07:00:00,9.34,9.34,9.21,9.21,4895000,MSB
2024-04-05 07:00:00,9.18,9.21,9.08,9.08,5761300,MSB
2024-04-08 07:00:00,9.08,9.21,9.08,9.08,3993000,MSB
2024-04-09 07:00:00,9.12,9.24,9.12,9.24,3959600,MSB
2024-04-10 07:00:00,9.31,9.34,9.18,9.18,3781700,MSB
2024-04-11 07:00:00,9.12,9.21,9.08,9.18,2494900,MSB
2024-04-12 07:00:00,9.18,9.44,9.15,9.37,6020100,MSB
2024-04-15 07:00:00,9.37,9.44,8.83,8.83,12403700,MSB
2024-04-16 07:00:00,8.89,8.96,8.51,8.7,11950900,MSB
2024-04-17 07:00:00,8.73,8.8,8.44,8.44,7897800,MSB
2024-04-19 07:00:00,8.38,8.67,8.38,8.6,9235800,MSB
2024-04-22 07:00:00,8.64,8.7,8.6,8.67,3539400,MSB
2024-04-23 07:00:00,8.7,8.86,8.64,8.7,7195800,MSB
2024-04-24 07:00:00,8.76,8.86,8.73,8.8,5129000,MSB
2024-04-25 07:00:00,8.83,8.83,8.57,8.67,6244200,MSB
2024-04-26 07:00:00,8.64,8.73,8.6,8.7,3373000,MSB
2024-05-02 07:00:00,8.7,8.73,8.64,8.7,2135400,MSB
2024-05-03 07:00:00,8.76,8.8,8.64,8.67,4510300,MSB
2024-05-06 07:00:00,8.76,8.96,8.7,8.96,5594700,MSB
2024-05-07 07:00:00,9.02,9.15,8.89,9.05,6248900,MSB
2024-05-08 07:00:00,9.02,9.08,8.89,9.05,4631600,MSB
2024-05-09 07:00:00,9.05,9.12,8.96,9.05,4028600,MSB
2024-05-10 07:00:00,9.08,9.08,8.86,9.02,4635300,MSB
2024-05-13 07:00:00,8.96,8.99,8.89,8.92,2637900,MSB
2024-05-14 07:00:00,8.99,9.05,8.89,8.96,3465700,MSB
2024-05-15 07:00:00,8.99,9.02,8.89,9.02,3261500,MSB
2024-05-16 07:00:00,9.05,9.18,9.02,9.18,7184300,MSB
2024-05-17 07:00:00,9.18,9.21,9.12,9.15,4058000,MSB
2024-05-20 07:00:00,9.21,9.31,9.15,9.24,5601600,MSB
2024-05-21 07:00:00,9.24,9.24,9.08,9.21,4464000,MSB
2024-05-22 07:00:00,9.24,9.24,9.08,9.15,4967600,MSB
2024-05-23 07:00:00,9.15,9.15,9.02,9.15,3521900,MSB
2024-05-24 07:00:00,9.12,9.28,8.96,9.12,7761800,MSB
2024-05-27 07:00:00,9.05,9.15,9.05,9.15,1566000,MSB
2024-05-28 07:00:00,9.18,9.18,9.08,9.18,3018500,MSB
2024-05-29 07:00:00,9.18,9.18,9.08,9.08,3051000,MSB
2024-05-30 07:00:00,9.05,9.08,8.92,9.08,4803800,MSB
2024-05-31 07:00:00,9.08,9.15,9.02,9.15,3158300,MSB
2024-06-03 07:00:00,9.21,9.56,9.18,9.44,12733800,MSB
2024-06-04 07:00:00,9.47,9.56,9.4,9.44,6019600,MSB
2024-06-05 07:00:00,9.5,9.53,9.34,9.4,4825000,MSB
2024-06-06 07:00:00,9.44,9.5,9.37,9.47,5939700,MSB
2024-06-07 07:00:00,9.53,9.6,9.44,9.47,3918700,MSB
2024-06-10 07:00:00,9.56,9.69,9.5,9.53,7026500,MSB
2024-06-11 07:00:00,9.6,9.6,9.4,9.5,5060400,MSB
2024-06-12 07:00:00,9.53,9.56,9.44,9.56,4360700,MSB
2024-06-13 07:00:00,9.6,9.79,9.53,9.72,9859900,MSB
2024-06-14 07:00:00,9.76,9.76,9.47,9.47,4989000,MSB
2024-06-17 07:00:00,9.47,9.47,9.31,9.47,4629100,MSB
2024-06-18 07:00:00,9.47,9.5,9.31,9.34,7523400,MSB
2024-06-19 07:00:00,9.34,9.37,9.21,9.34,5198700,MSB
2024-06-20 07:00:00,9.31,9.37,9.21,9.24,4155400,MSB
2024-06-21 07:00:00,9.24,9.31,9.21,9.24,4553400,MSB
2024-06-24 07:00:00,9.24,9.24,9.05,9.05,5643900,MSB
2024-06-25 07:00:00,9.05,9.15,9.02,9.12,1755700,MSB
2024-06-26 07:00:00,9.08,9.18,8.99,9.12,2579800,MSB
2024-06-27 07:00:00,9.18,9.4,9.18,9.28,5501900,MSB
2024-06-28 07:00:00,9.34,9.34,9.08,9.15,2372600,MSB
2024-07-01 07:00:00,9.15,9.28,9.08,9.28,3815900,MSB
2024-07-02 07:00:00,9.28,9.44,9.18,9.4,4104600,MSB
2024-07-03 07:00:00,9.4,9.44,9.34,9.44,3526000,MSB
2024-07-04 07:00:00,9.44,9.5,9.37,9.44,4275400,MSB
2024-07-05 07:00:00,9.44,9.47,9.34,9.37,2901600,MSB
2024-07-08 07:00:00,9.34,9.37,9.24,9.31,3419600,MSB
2024-07-09 07:00:00,9.24,9.37,9.21,9.31,3672800,MSB
2024-07-10 07:00:00,9.31,9.37,9.18,9.21,7745200,MSB
2024-07-11 07:00:00,9.24,9.28,9.18,9.18,3146900,MSB
2024-07-12 07:00:00,9.18,9.28,9.15,9.24,4043100,MSB
2024-07-15 07:00:00,9.28,9.37,9.21,9.34,3901800,MSB
2024-07-16 07:00:00,9.34,9.44,9.31,9.34,5668000,MSB
2024-07-17 07:00:00,9.4,9.66,9.31,9.47,15604600,MSB
2024-07-18 07:00:00,9.5,9.53,9.37,9.44,4077400,MSB
2024-07-19 07:00:00,9.44,9.63,9.37,9.56,13050600,MSB
2024-07-22 07:00:00,9.6,9.72,9.47,9.6,11462700,MSB
2024-07-23 07:00:00,9.66,9.66,9.05,9.24,8865700,MSB
2024-07-24 07:00:00,9.21,9.34,9.08,9.34,5949300,MSB
2024-07-25 07:00:00,9.28,9.37,9.18,9.31,3918400,MSB
2024-07-26 07:00:00,9.34,9.4,9.24,9.4,2758000,MSB
2024-07-29 07:00:00,9.44,9.44,9.31,9.4,2265000,MSB
2024-07-30 07:00:00,9.34,9.37,9.21,9.37,3446800,MSB
2024-07-31 07:00:00,9.37,9.5,9.34,9.37,7081300,MSB
2024-08-01 07:00:00,9.34,9.4,9.18,9.24,7748700,MSB
2024-08-02 07:00:00,9.15,9.31,9.08,9.28,5398000,MSB
2024-08-05 07:00:00,9.12,9.18,8.67,8.7,11813400,MSB
2024-08-06 07:00:00,8.73,8.96,8.73,8.96,4400800,MSB
2024-08-07 07:00:00,8.92,8.96,8.86,8.96,1642300,MSB
2024-08-08 07:00:00,8.92,8.96,8.8,8.89,3085700,MSB
2024-08-09 07:00:00,8.92,9.02,8.89,9.02,3657400,MSB
2024-08-12 07:00:00,9.12,9.34,9.08,9.34,5875800,MSB
2024-08-13 07:00:00,9.34,9.37,9.24,9.24,2711400,MSB
2024-08-14 07:00:00,9.31,9.31,9.21,9.24,2164300,MSB
2024-08-15 07:00:00,9.28,9.28,9.15,9.24,1783000,MSB
2024-08-16 07:00:00,9.24,9.44,9.21,9.4,6598100,MSB
2024-08-19 07:00:00,9.53,9.53,9.37,9.47,5435600,MSB
2024-08-20 07:00:00,9.47,9.5,9.37,9.47,5404000,MSB
2024-08-21 07:00:00,9.47,9.6,9.4,9.6,10436100,MSB
2024-08-22 07:00:00,9.66,9.69,9.53,9.6,6082800,MSB
2024-08-23 07:00:00,9.56,9.6,9.47,9.53,6055500,MSB
2024-08-26 07:00:00,9.6,9.63,9.5,9.53,10264500,MSB
2024-08-27 07:00:00,9.53,9.53,9.47,9.5,12136400,MSB
2024-08-28 07:00:00,9.71,9.83,9.58,9.83,16077100,MSB
2024-08-29 07:00:00,9.79,9.83,9.62,9.62,8539300,MSB
2024-08-30 07:00:00,9.67,9.67,9.58,9.67,3550600,MSB
2024-09-04 07:00:00,9.58,9.58,9.46,9.46,4719900,MSB
2024-09-05 07:00:00,9.5,9.58,9.42,9.46,3855900,MSB
2024-09-06 07:00:00,9.42,9.5,9.33,9.5,3949700,MSB
2024-09-09 07:00:00,9.42,9.5,9.37,9.5,1913200,MSB
2024-09-10 07:00:00,9.46,9.5,9.37,9.46,2799400,MSB
2024-09-11 07:00:00,9.42,9.46,9.29,9.42,3464900,MSB
2024-09-12 07:00:00,9.46,9.5,9.37,9.46,1668200,MSB
2024-09-13 07:00:00,9.46,9.58,9.37,9.5,4714700,MSB
2024-09-16 07:00:00,9.5,9.54,9.37,9.5,1900000,MSB
2024-09-17 07:00:00,9.46,9.54,9.37,9.54,1824100,MSB
2024-09-18 07:00:00,9.54,9.58,9.46,9.5,3237000,MSB
2024-09-19 07:00:00,9.5,9.58,9.46,9.58,2542500,MSB
2024-09-20 07:00:00,9.67,9.75,9.58,9.62,6842800,MSB
2024-09-23 07:00:00,9.62,9.71,9.54,9.54,3195900,MSB
2024-09-24 07:00:00,9.54,9.67,9.5,9.67,4539100,MSB
2024-09-25 07:00:00,9.71,10.08,9.67,9.96,22353300,MSB
2024-09-26 07:00:00,9.96,10.62,9.96,10.5,36403300,MSB
2024-09-27 07:00:00,10.62,10.62,10.37,10.5,12526900,MSB
2024-09-30 07:00:00,10.5,10.96,10.46,10.87,24823700,MSB
2024-10-01 07:00:00,10.87,10.92,10.75,10.83,12957800,MSB
2024-10-02 07:00:00,10.71,10.87,10.71,10.87,13510800,MSB
2024-10-03 07:00:00,10.87,11.12,10.67,10.71,23996700,MSB
2024-10-04 07:00:00,10.75,10.75,10.54,10.54,13367900,MSB
2024-10-07 07:00:00,10.58,10.83,10.5,10.83,14566000,MSB
2024-10-08 07:00:00,10.87,11.0,10.67,10.67,14023400,MSB
2024-10-09 07:00:00,10.67,10.79,10.62,10.75,10751000,MSB
2024-10-10 07:00:00,10.83,10.92,10.58,10.58,21014000,MSB
2024-10-11 07:00:00,10.58,10.62,10.5,10.58,8905800,MSB
2024-10-14 07:00:00,10.67,10.71,10.46,10.58,10907600,MSB
2024-10-15 07:00:00,10.67,10.79,10.54,10.62,11328900,MSB
2024-10-16 07:00:00,10.54,10.58,10.46,10.58,11599900,MSB
2024-10-17 07:00:00,10.58,11.0,10.5,11.0,23891900,MSB
2024-10-18 07:00:00,10.96,11.0,10.79,10.87,25467600,MSB
2024-10-21 07:00:00,10.79,10.83,10.67,10.67,12533600,MSB
2024-10-22 07:00:00,10.67,10.92,10.5,10.62,19818500,MSB
2024-10-23 07:00:00,10.62,10.79,10.5,10.71,11897500,MSB
2024-10-24 07:00:00,10.71,10.75,10.29,10.29,16337500,MSB
2024-10-25 07:00:00,10.33,10.37,10.08,10.21,16566300,MSB
2024-10-28 07:00:00,10.25,10.29,10.17,10.29,6033400,MSB
2024-10-29 07:00:00,10.29,10.37,10.25,10.29,5992800,MSB
2024-10-30 07:00:00,10.29,10.29,10.08,10.21,11969000,MSB
2024-10-31 07:00:00,10.12,10.33,10.08,10.29,10304000,MSB
2024-11-01 07:00:00,10.21,10.25,10.04,10.04,9673300,MSB
2024-11-04 07:00:00,10.04,10.04,9.75,9.79,15181800,MSB
2024-11-05 07:00:00,9.79,9.92,9.79,9.83,5819900,MSB
2024-11-06 07:00:00,9.87,10.08,9.87,10.04,8656200,MSB
2024-11-07 07:00:00,10.08,10.08,9.96,9.96,6113900,MSB
2024-11-08 07:00:00,10.0,10.04,9.83,10.0,6527800,MSB
2024-11-11 07:00:00,9.96,9.96,9.67,9.71,15842100,MSB
2024-11-12 07:00:00,9.71,9.79,9.67,9.75,6875200,MSB
2024-11-13 07:00:00,9.67,9.75,9.54,9.75,9990700,MSB
2024-11-14 07:00:00,9.75,9.75,9.5,9.67,7200500,MSB
2024-11-15 07:00:00,9.58,9.62,9.42,9.42,8751500,MSB
2024-11-18 07:00:00,9.42,9.62,9.29,9.42,7189400,MSB
2024-11-19 07:00:00,9.46,9.5,9.33,9.33,3964500,MSB
2024-11-20 07:00:00,9.29,9.54,9.25,9.42,6382300,MSB
2024-11-21 07:00:00,9.42,9.58,9.42,9.58,5046600,MSB
2024-11-22 07:00:00,9.58,9.62,9.46,9.54,7392500,MSB
2024-11-25 07:00:00,9.54,9.54,9.42,9.5,4338900,MSB
2024-11-26 07:00:00,9.5,9.62,9.5,9.5,6410200,MSB
2024-11-27 07:00:00,9.5,9.54,9.46,9.46,4028400,MSB
2024-11-28 07:00:00,9.5,9.62,9.46,9.5,4404000,MSB
2024-11-29 07:00:00,9.5,9.58,9.46,9.58,4948500,MSB
2024-12-02 07:00:00,9.62,9.67,9.5,9.58,4031000,MSB
2024-12-03 07:00:00,9.58,9.58,9.5,9.5,3450700,MSB
2024-12-04 07:00:00,9.5,9.5,9.37,9.37,5761100,MSB
2024-12-05 07:00:00,9.42,9.71,9.33,9.67,8270600,MSB
2024-12-06 07:00:00,9.67,9.71,9.58,9.62,5771100,MSB
2024-12-09 07:00:00,9.62,9.71,9.58,9.67,6293300,MSB
2024-12-10 07:00:00,9.67,9.75,9.54,9.58,4796200,MSB
2024-12-11 07:00:00,9.58,9.67,9.54,9.62,6526900,MSB
2024-12-12 07:00:00,9.62,9.75,9.62,9.62,4539400,MSB
2024-12-13 07:00:00,9.62,9.67,9.54,9.62,5467700,MSB
2024-12-16 07:00:00,9.62,9.71,9.54,9.62,3094700,MSB
2024-12-17 07:00:00,9.62,9.67,9.54,9.54,3399900,MSB
2024-12-18 07:00:00,9.58,9.58,9.5,9.58,4529200,MSB
2024-12-19 07:00:00,9.5,9.54,9.37,9.42,8925300,MSB
2024-12-20 07:00:00,9.42,9.46,9.37,9.42,2271100,MSB
2024-12-23 07:00:00,9.46,9.5,9.42,9.46,2692800,MSB
2024-12-24 07:00:00,9.46,9.46,9.37,9.46,3571700,MSB
2024-12-25 07:00:00,9.42,9.75,9.42,9.58,10305100,MSB
2024-12-26 07:00:00,9.58,9.67,9.54,9.62,3702800,MSB
2024-12-27 07:00:00,9.62,9.92,9.62,9.75,11468400,MSB
2024-12-30 07:00:00,9.79,9.79,9.62,9.75,3579100,MSB
2024-12-31 07:00:00,9.75,9.75,9.62,9.71,3878400,MSB
2025-01-02 07:00:00,9.67,9.71,9.58,9.62,2622300,MSB
2025-01-03 07:00:00,9.58,9.62,9.42,9.42,6481700,MSB
2025-01-06 07:00:00,9.42,9.5,9.25,9.33,5701500,MSB
2025-01-07 07:00:00,9.33,9.42,9.25,9.25,4769900,MSB
2025-01-08 07:00:00,9.25,9.33,9.21,9.33,2659100,MSB
2025-01-09 07:00:00,9.33,9.33,9.21,9.25,2811600,MSB
2025-01-10 07:00:00,9.21,9.25,9.04,9.04,8297000,MSB
2025-01-13 07:00:00,9.04,9.04,8.92,9.04,5140600,MSB
2025-01-14 07:00:00,9.04,9.08,8.96,8.96,1764000,MSB
2025-01-15 07:00:00,9.0,9.08,8.96,9.08,2927800,MSB
2025-01-16 07:00:00,9.08,9.17,9.04,9.04,3132800,MSB
2025-01-17 07:00:00,9.08,9.12,9.0,9.08,3067200,MSB
2025-01-20 07:00:00,9.12,9.21,9.12,9.17,2331600,MSB
2025-01-21 07:00:00,9.17,9.25,9.08,9.12,2740400,MSB
2025-01-22 07:00:00,9.12,9.17,9.04,9.04,3159400,MSB
2025-01-23 07:00:00,9.08,9.21,9.04,9.21,5173700,MSB
2025-01-24 07:00:00,9.21,9.29,9.17,9.29,2670700,MSB
2025-02-03 07:00:00,9.37,9.42,9.29,9.29,6121400,MSB
2025-02-04 07:00:00,9.33,9.46,9.29,9.37,5557500,MSB
2025-02-05 07:00:00,9.37,9.46,9.37,9.46,5751900,MSB
2025-02-06 07:00:00,9.5,9.54,9.37,9.46,5921600,MSB
2025-02-07 07:00:00,9.46,9.54,9.37,9.46,7003300,MSB
2025-02-10 07:00:00,9.42,9.5,9.37,9.42,5982500,MSB
2025-02-11 07:00:00,9.46,9.62,9.37,9.5,11251200,MSB
2025-02-12 07:00:00,9.54,9.62,9.46,9.5,5647700,MSB
2025-02-13 07:00:00,9.5,9.5,9.42,9.46,4011500,MSB
2025-02-14 07:00:00,9.5,9.58,9.42,9.5,6692300,MSB
2025-02-17 07:00:00,9.54,9.58,9.46,9.5,5754600,MSB
2025-02-18 07:00:00,9.5,9.67,9.5,9.54,7391100,MSB
2025-02-19 07:00:00,9.54,9.62,9.5,9.58,7068900,MSB
2025-02-20 07:00:00,9.62,9.67,9.58,9.62,4632900,MSB
2025-02-21 07:00:00,9.62,9.67,9.54,9.62,6494300,MSB
2025-02-24 07:00:00,9.58,9.71,9.58,9.62,5029800,MSB
2025-02-25 07:00:00,9.67,9.71,9.58,9.62,6873800,MSB
2025-02-26 07:00:00,9.62,9.67,9.5,9.54,7633300,MSB
2025-02-27 07:00:00,9.54,9.58,9.42,9.5,7381000,MSB
2025-02-28 07:00:00,9.5,9.5,9.42,9.46,5946000,MSB
2025-03-03 07:00:00,9.46,9.5,9.42,9.46,4777400,MSB
2025-03-04 07:00:00,9.46,9.54,9.37,9.5,7666400,MSB
2025-03-05 07:00:00,9.5,9.62,9.42,9.42,8374800,MSB
2025-03-06 07:00:00,9.46,9.54,9.42,9.54,5446400,MSB
2025-03-07 07:00:00,9.58,9.92,9.54,9.87,27765700,MSB
2025-03-10 07:00:00,9.96,9.96,9.75,9.83,9706500,MSB
2025-03-11 07:00:00,9.75,9.79,9.67,9.79,9251000,MSB
2025-03-12 07:00:00,9.83,9.87,9.67,9.71,8618700,MSB
2025-03-13 07:00:00,9.71,9.71,9.5,9.5,11120800,MSB
2025-03-14 07:00:00,9.5,9.75,9.46,9.67,9775900,MSB
2025-03-17 07:00:00,9.75,10.33,9.71,10.08,29992900,MSB
2025-03-18 07:00:00,10.08,10.12,9.87,10.0,8535600,MSB
2025-03-19 07:00:00,9.96,10.08,9.87,10.08,10847500,MSB
2025-03-20 07:00:00,10.12,10.17,9.79,9.87,9317100,MSB
2025-03-21 07:00:00,9.87,9.96,9.83,9.83,6333000,MSB
2025-03-24 07:00:00,9.83,9.92,9.67,9.92,7243200,MSB
2025-03-25 07:00:00,10.0,10.08,9.79,9.92,6872000,MSB
2025-03-26 07:00:00,9.92,9.96,9.79,9.83,4747000,MSB
2025-03-27 07:00:00,9.79,9.87,9.75,9.83,3955600,MSB
2025-03-28 07:00:00,9.83,9.96,9.79,9.87,6429500,MSB
2025-03-31 07:00:00,9.83,10.21,9.79,10.17,22255100,MSB
2025-04-01 07:00:00,10.17,10.21,10.04,10.17,6935300,MSB
2025-04-02 07:00:00,10.21,10.25,10.04,10.04,6274100,MSB
2025-04-03 07:00:00,9.67,9.75,9.37,9.37,23727700,MSB
2025-04-04 07:00:00,8.75,9.17,8.75,9.12,23920300,MSB
2025-04-08 07:00:00,8.75,8.87,8.5,8.5,15391300,MSB
2025-04-09 07:00:00,7.92,8.58,7.92,8.33,16468500,MSB
2025-04-10 07:00:00,8.92,8.92,8.92,8.92,1363700,MSB
2025-04-11 07:00:00,9.0,9.25,8.83,9.21,17391900,MSB
2025-04-14 07:00:00,9.25,9.29,9.12,9.25,8113300,MSB
2025-04-15 07:00:00,9.17,9.25,9.04,9.04,8821100,MSB
2025-04-16 07:00:00,9.04,9.17,9.0,9.04,6345900,MSB
2025-04-17 07:00:00,9.0,9.12,8.96,9.08,4262300,MSB
2025-04-18 07:00:00,9.12,9.37,9.12,9.29,12208900,MSB
2025-04-21 07:00:00,9.29,9.42,9.25,9.29,9842400,MSB
2025-04-22 07:00:00,9.25,9.37,8.79,9.25,21057700,MSB
2025-04-23 07:00:00,9.37,9.54,9.37,9.46,9641800,MSB
2025-04-24 07:00:00,9.5,9.5,9.33,9.46,5005000,MSB
2025-04-25 07:00:00,9.46,9.46,9.37,9.42,6097200,MSB
2025-04-28 07:00:00,9.46,9.5,9.33,9.37,2432400,MSB
2025-04-29 07:00:00,9.37,9.37,9.33,9.33,2328400,MSB
2025-05-05 07:00:00,9.37,9.46,9.33,9.37,3341600,MSB
2025-05-06 07:00:00,9.37,9.46,9.33,9.37,4937800,MSB
2025-05-07 07:00:00,9.37,9.42,9.29,9.33,8951100,MSB
2025-05-08 07:00:00,9.33,9.5,9.33,9.46,8400300,MSB
2025-05-09 07:00:00,9.5,9.5,9.37,9.42,3417900,MSB
2025-05-12 07:00:00,9.46,9.54,9.37,9.5,8577200,MSB
2025-05-13 07:00:00,9.58,9.58,9.5,9.54,6961400,MSB
2025-05-14 07:00:00,9.54,9.67,9.54,9.62,10997400,MSB
2025-05-15 07:00:00,9.67,10.0,9.67,10.0,21065200,MSB
2025-05-16 07:00:00,10.0,10.04,9.75,9.79,9433700,MSB
2025-05-19 07:00:00,9.75,9.87,9.67,9.71,6592700,MSB
2025-05-20 07:00:00,9.75,9.96,9.67,9.87,12940000,MSB
2025-05-21 07:00:00,9.96,10.04,9.75,9.87,12521800,MSB
2025-05-22 07:00:00,9.87,9.87,9.71,9.71,7875200,MSB
2025-05-23 07:00:00,9.71,9.79,9.67,9.67,4063400,MSB
2025-05-26 07:00:00,9.71,9.75,9.58,9.71,7938700,MSB
2025-05-27 07:00:00,9.79,9.92,9.71,9.75,5597700,MSB
2025-05-28 07:00:00,9.83,9.83,9.67,9.71,6681500,MSB
2025-05-29 07:00:00,9.75,9.83,9.71,9.75,4852200,MSB
2025-05-30 07:00:00,9.75,9.79,9.62,9.62,5157400,MSB
2025-06-02 07:00:00,9.62,9.67,9.58,9.62,5758200,MSB
2025-06-03 07:00:00,9.71,9.92,9.67,9.83,9297100,MSB
2025-06-04 07:00:00,9.83,9.92,9.75,9.79,6214600,MSB
2025-06-05 07:00:00,9.79,9.79,9.67,9.71,4966700,MSB
2025-06-06 07:00:00,9.71,9.79,9.67,9.67,7665300,MSB
2025-06-09 07:00:00,9.67,9.71,9.58,9.62,4386400,MSB
2025-06-10 07:00:00,9.75,9.75,9.62,9.71,4864600,MSB
2025-06-11 07:00:00,9.71,9.79,9.67,9.71,4386300,MSB
2025-06-12 07:00:00,9.75,10.0,9.71,9.92,14121100,MSB
2025-06-13 07:00:00,9.79,10.0,9.75,9.96,20335900,MSB
2025-06-16 07:00:00,9.96,10.25,9.96,10.17,17042600,MSB
2025-06-17 07:00:00,10.25,10.33,10.08,10.17,13318200,MSB
2025-06-18 07:00:00,10.17,10.21,10.04,10.08,8735700,MSB
2025-06-19 07:00:00,10.08,10.17,10.0,10.04,6414200,MSB
2025-06-20 07:00:00,10.12,10.25,10.04,10.04,14233900,MSB
2025-06-23 07:00:00,10.0,10.08,9.92,10.0,10080100,MSB
2025-06-24 07:00:00,10.12,10.12,10.0,10.0,6453600,MSB
2025-06-25 07:00:00,10.04,10.12,10.0,10.0,6432800,MSB
2025-06-26 07:00:00,10.04,10.08,9.96,10.0,4491700,MSB
2025-06-27 07:00:00,10.04,10.08,9.96,10.0,6023400,MSB
2025-06-30 07:00:00,10.04,10.08,9.96,10.0,4040800,MSB
2025-07-01 07:00:00,10.04,10.33,10.0,10.21,14309300,MSB
2025-07-02 07:00:00,10.21,10.29,10.12,10.21,5519100,MSB
2025-07-03 07:00:00,10.21,10.29,10.08,10.12,14767200,MSB
2025-07-04 07:00:00,10.12,10.21,10.08,10.12,8362900,MSB
2025-07-07 07:00:00,10.17,10.5,10.17,10.42,22820900,MSB
2025-07-08 07:00:00,10.46,10.62,10.46,10.58,14077000,MSB
2025-07-09 07:00:00,10.67,10.83,10.54,10.75,22359300,MSB
2025-07-10 07:00:00,10.83,10.87,10.67,10.71,8296900,MSB
2025-07-11 07:00:00,10.71,10.83,10.54,10.75,15512300,MSB
2025-07-14 07:00:00,10.79,10.83,10.62,10.79,7287500,MSB
2025-07-15 07:00:00,10.83,11.12,10.79,10.96,16853600,MSB
2025-07-16 07:00:00,10.92,11.0,10.87,11.0,9050300,MSB
2025-07-17 07:00:00,11.12,11.17,10.87,11.04,12995100,MSB
2025-07-18 07:00:00,11.04,11.12,10.87,11.04,13781800,MSB
2025-07-21 07:00:00,11.04,11.12,10.96,11.08,11592300,MSB
2025-07-22 07:00:00,11.04,11.17,11.0,11.17,9568500,MSB
2025-07-23 07:00:00,11.21,11.42,11.17,11.33,13847400,MSB
2025-07-24 07:00:00,11.33,11.58,11.29,11.46,15930100,MSB
2025-07-25 07:00:00,11.5,11.75,11.46,11.75,19992300,MSB
2025-07-28 07:00:00,11.92,12.37,11.87,12.25,16923600,MSB
2025-07-29 07:00:00,12.29,12.33,11.42,11.5,38514900,MSB
2025-07-30 07:00:00,11.5,11.75,11.33,11.67,17471100,MSB
2025-07-31 07:00:00,11.67,11.67,11.17,11.5,22146700,MSB
2025-08-01 07:00:00,11.42,11.58,11.12,11.25,15430600,MSB
2025-08-04 07:00:00,11.21,11.79,11.12,11.75,18746900,MSB
2025-08-05 07:00:00,11.96,12.17,11.5,11.83,36967800,MSB
2025-08-06 07:00:00,11.87,12.25,11.79,12.08,19004900,MSB
2025-08-07 07:00:00,12.29,12.79,12.29,12.79,39960800,MSB
2025-08-08 07:00:00,13.04,13.25,12.62,12.83,27559900,MSB
2025-08-11 07:00:00,12.87,13.0,12.58,12.79,20187200,MSB
2025-08-12 07:00:00,12.79,12.87,12.54,12.83,15023800,MSB
2025-08-13 07:00:00,12.92,13.21,12.62,12.92,20320500,MSB
2025-08-14 07:00:00,13.08,13.46,12.96,13.46,41725500,MSB
2025-08-15 07:00:00,13.62,13.71,13.17,13.21,24048400,MSB
2025-08-18 07:00:00,13.33,13.33,12.87,13.04,20457900,MSB
2025-08-19 07:00:00,13.12,13.25,13.0,13.12,23972800,MSB
2025-08-20 07:00:00,13.29,13.79,13.0,13.62,41219500,MSB
2025-08-21 07:00:00,13.83,14.54,13.75,14.54,32859700,MSB
2025-08-22 07:00:00,15.42,15.42,14.33,15.0,69789400,MSB
2025-08-25 07:00:00,15.08,15.17,13.96,13.96,36087500,MSB
2025-08-26 07:00:00,13.62,14.92,13.42,14.92,39854000,MSB
2025-08-27 07:00:00,15.12,15.29,14.67,14.83,33097000,MSB
2025-08-28 07:00:00,14.87,14.96,14.54,14.62,22786700,MSB
2025-08-29 07:00:00,14.71,14.83,14.54,14.75,22126300,MSB
2025-09-03 07:00:00,14.79,15.04,14.79,14.83,30333600,MSB
2025-09-04 07:00:00,15.0,15.42,14.83,15.42,35181600,MSB
2025-09-05 07:00:00,15.54,15.62,14.75,14.75,38897500,MSB
2025-09-08 07:00:00,14.8,15.2,13.8,13.85,35498900,MSB
2025-09-09 07:00:00,14.0,14.15,13.7,14.0,13676900,MSB
2025-09-10 07:00:00,14.1,14.15,13.65,13.75,8922200,MSB
2025-09-11 07:00:00,13.75,13.75,13.05,13.55,16654100,MSB
2025-09-12 07:00:00,13.65,13.95,13.5,13.85,12269000,MSB
2025-09-15 07:00:00,13.85,13.9,13.6,13.75,8736100,MSB
2025-09-16 07:00:00,13.85,14.1,13.8,14.0,19302600,MSB
2025-09-17 07:00:00,14.0,14.2,13.8,13.95,12673800,MSB
2025-09-18 07:00:00,14.05,14.05,13.55,13.6,10731000,MSB
2025-09-19 07:00:00,13.8,13.8,13.45,13.5,6205300,MSB
2025-09-22 07:00:00,13.5,13.55,13.0,13.1,11920000,MSB
2025-09-23 07:00:00,13.1,13.3,13.1,13.1,4882900,MSB
2025-09-24 07:00:00,13.1,13.45,13.0,13.45,7521300,MSB
2025-09-25 07:00:00,13.5,13.5,13.3,13.3,4256700,MSB
2025-09-26 07:00:00,13.35,13.35,13.1,13.1,6317900,MSB
2025-09-29 07:00:00,13.1,13.2,13.05,13.15,5932600,MSB
2025-09-30 07:00:00,13.15,13.2,13.0,13.15,7960300,MSB
2025-10-01 07:00:00,13.15,13.35,13.15,13.25,4409500,MSB
2025-10-02 07:00:00,13.3,13.6,13.3,13.3,11279700,MSB
2025-10-03 07:00:00,13.3,13.35,13.1,13.1,7572600,MSB
2025-10-06 07:00:00,13.15,13.55,13.15,13.55,10117000,MSB
2025-10-07 07:00:00,13.65,13.75,13.35,13.4,9657100,MSB
2025-10-08 07:00:00,13.65,13.75,13.4,13.6,10248200,MSB
2025-10-09 07:00:00,13.65,13.8,13.55,13.7,11674100,MSB
2025-10-10 07:00:00,13.7,13.8,13.55,13.7,10665400,MSB
2025-10-13 07:00:00,13.45,13.6,13.4,13.45,9756000,MSB
2025-10-14 07:00:00,13.5,13.65,13.25,13.25,11744900,MSB
2025-10-15 07:00:00,13.3,13.45,13.2,13.25,6344000,MSB
2025-10-16 07:00:00,13.25,13.3,13.1,13.25,18764800,MSB
2025-10-17 07:00:00,13.25,13.25,13.05,13.05,13130400,MSB
2025-10-20 07:00:00,13.05,13.1,12.2,12.2,22715600,MSB
2025-10-21 07:00:00,12.25,12.55,12.05,12.35,12312200,MSB
2025-10-22 07:00:00,12.7,12.7,12.25,12.45,6595800,MSB
2025-10-23 07:00:00,12.45,12.55,12.35,12.4,3918900,MSB
2025-10-24 07:00:00,12.35,12.4,12.1,12.3,7556200,MSB
2025-10-27 07:00:00,12.4,12.4,12.1,12.1,5850700,MSB
2025-10-28 07:00:00,12.1,12.2,11.9,12.2,7686800,MSB
2025-10-29 07:00:00,12.15,12.65,12.1,12.55,9907700,MSB
2025-10-30 07:00:00,12.6,12.65,12.25,12.35,4412800,MSB
2025-10-31 07:00:00,12.35,12.35,12.05,12.05,9062000,MSB
2025-11-03 07:00:00,12.15,12.3,12.0,12.0,6722000,MSB
2025-11-04 07:00:00,12.0,12.35,11.85,12.3,8089700,MSB
2025-11-05 07:00:00,12.3,12.3,12.15,12.2,3269400,MSB
2025-11-06 07:00:00,12.2,12.25,12.1,12.1,2872000,MSB
2025-11-07 07:00:00,12.1,12.2,12.0,12.1,6560700,MSB
2025-11-10 07:00:00,12.05,12.15,11.95,12.0,3921600,MSB
2025-11-11 07:00:00,12.05,12.15,11.95,12.1,4956800,MSB
2025-11-12 07:00:00,12.15,12.2,12.05,12.2,4064600,MSB
2025-11-13 07:00:00,12.25,12.25,12.1,12.1,4409500,MSB
2025-11-14 07:00:00,12.1,12.15,12.0,12.05,4853200,MSB
2025-11-17 07:00:00,12.1,12.4,12.1,12.4,6174900,MSB
2025-11-18 07:00:00,12.4,12.4,12.25,12.3,4943900,MSB
2025-11-19 07:00:00,12.3,12.35,12.15,12.15,5779700,MSB
2025-11-20 07:00:00,12.2,12.25,12.1,12.15,3283300,MSB
2025-11-21 07:00:00,12.15,12.2,12.05,12.15,7080700,MSB
2025-11-24 07:00:00,12.15,12.2,12.1,12.15,1695200,MSB
2025-11-25 07:00:00,12.15,12.2,12.0,12.05,4718900,MSB
2025-11-26 07:00:00,12.1,12.2,12.05,12.2,2634700,MSB
2025-11-27 07:00:00,12.4,13.05,12.35,13.05,23219600,MSB
2025-11-28 07:00:00,13.4,13.7,13.05,13.15,23116700,MSB
2025-12-01 07:00:00,13.25,13.3,12.9,12.9,10423600,MSB
2025-12-02 07:00:00,12.85,12.9,12.55,12.7,12083700,MSB
2025-12-03 07:00:00,12.85,13.15,12.75,13.05,10138100,MSB
2025-12-04 07:00:00,13.1,13.2,12.95,12.95,7740700,MSB
2025-12-05 07:00:00,13.05,13.4,12.9,13.15,11944200,MSB
2025-12-08 07:00:00,13.25,13.25,12.95,13.0,4479600,MSB
2025-12-09 07:00:00,13.0,13.0,12.65,12.8,9466100,MSB
2025-12-10 07:00:00,12.8,12.9,12.75,12.8,3078300,MSB
2025-12-11 07:00:00,12.85,12.95,12.75,12.8,3805800,MSB
2025-12-12 07:00:00,12.85,12.85,12.4,12.4,8358500,MSB
2025-12-15 07:00:00,12.3,12.5,12.2,12.25,5841100,MSB
2025-12-16 07:00:00,12.25,12.6,12.2,12.5,3269400,MSB
2025-12-17 07:00:00,12.5,12.55,12.4,12.45,2611200,MSB
2025-12-18 07:00:00,12.4,12.5,12.35,12.5,2962500,MSB
2025-12-19 07:00:00,12.55,12.85,12.5,12.7,5507700,MSB
2025-12-22 07:00:00,12.75,12.95,12.7,12.9,6400000,MSB
2025-12-23 07:00:00,12.95,13.0,12.5,12.6,10065700,MSB
2025-12-24 07:00:00,12.5,12.75,12.4,12.6,6042200,MSB
2025-12-25 07:00:00,12.55,12.6,12.4,12.4,6846300,MSB
2025-12-26 07:00:00,12.4,12.4,12.15,12.3,8374700,MSB
2025-12-29 07:00:00,12.3,12.4,12.25,12.3,1778400,MSB
2025-12-30 07:00:00,12.3,12.5,12.3,12.5,5698600,MSB
2025-12-31 07:00:00,12.55,12.55,12.25,12.4,4949500,MSB
2026-01-05 07:00:00,12.4,12.45,12.25,12.3,5454400,MSB
2026-01-06 07:00:00,12.3,12.45,12.2,12.4,4765200,MSB
2026-01-07 07:00:00,12.4,12.7,12.4,12.6,8025300,MSB
2026-01-08 07:00:00,12.6,12.9,12.5,12.65,14636400,MSB
2026-01-09 07:00:00,12.7,12.85,12.5,12.5,7926600,MSB
2026-01-12 07:00:00,12.55,12.95,12.5,12.9,13536800,MSB
2026-01-13 07:00:00,13.0,13.0,12.8,12.85,12761800,MSB
2026-01-14 07:00:00,12.85,12.9,12.55,12.6,11806700,MSB
2026-01-15 07:00:00,12.65,12.7,12.5,12.6,8609300,MSB
2026-01-16 07:00:00,12.6,12.75,12.55,12.55,6054000,MSB
2026-01-19 07:00:00,12.6,12.65,12.5,12.65,5227500,MSB
2026-01-20 07:00:00,12.7,12.8,12.55,12.55,5285700,MSB
2026-01-21 07:00:00,12.45,12.6,12.4,12.5,5947700,MSB
2026-01-22 07:00:00,12.5,12.6,12.5,12.6,5185900,MSB
2026-01-23 07:00:00,12.6,12.65,12.45,12.45,3759800,MSB
2026-01-26 07:00:00,12.45,12.5,12.2,12.25,8587800,MSB
2026-01-27 07:00:00,12.3,12.3,12.15,12.2,4256500,MSB
2026-01-28 07:00:00,12.25,12.3,12.1,12.15,4659500,MSB
2026-01-29 07:00:00,12.15,12.25,12.1,12.15,2956200,MSB
2026-01-30 07:00:00,12.2,12.4,12.2,12.4,5283700,MSB
2026-02-02 07:00:00,12.35,12.35,12.15,12.2,4904400,MSB
2026-02-03 07:00:00,12.25,12.3,12.15,12.2,4097300,MSB
2026-02-04 07:00:00,12.2,12.25,12.1,12.2,7026500,MSB
2026-02-05 07:00:00,12.2,12.25,12.1,12.1,2506600,MSB
2026-02-06 07:00:00,12.1,12.1,11.9,12.0,7040300,MSB
2026-02-09 07:00:00,12.0,12.05,11.85,11.85,2634300,MSB
2026-02-10 07:00:00,11.9,11.95,11.8,11.8,3360000,MSB
2026-02-11 07:00:00,11.85,12.1,11.8,12.0,3456100,MSB
2026-02-12 07:00:00,12.05,12.1,11.95,12.1,1993200,MSB
2026-02-13 07:00:00,12.05,12.1,12.0,12.05,2101700,MSB
2026-02-23 07:00:00,12.1,12.2,12.05,12.1,3269700,MSB
2026-02-24 07:00:00,12.1,12.2,12.05,12.15,4032600,MSB
2026-02-25 07:00:00,12.15,12.3,12.15,12.2,5532800,MSB
2026-02-26 07:00:00,12.25,12.35,12.15,12.2,4738200,MSB
2026-02-27 07:00:00,12.2,12.25,12.05,12.2,6703300,MSB
2026-03-02 07:00:00,11.8,12.0,11.8,11.9,8030400,MSB
2026-03-03 07:00:00,11.9,11.95,11.6,11.65,7676900,MSB
2026-03-04 07:00:00,11.65,11.7,11.35,11.65,12381700,MSB
2026-03-05 07:00:00,11.7,11.75,11.6,11.6,3865000,MSB
2026-03-06 07:00:00,11.55,11.65,11.45,11.6,3705300,MSB
2026-03-09 07:00:00,10.8,11.0,10.8,10.8,9199000,MSB
2026-03-10 07:00:00,11.0,11.25,10.9,11.0,7714700,MSB
2026-03-11 07:00:00,11.1,11.45,11.0,11.45,5658100,MSB
2026-03-12 07:00:00,11.15,11.4,11.15,11.25,3337600,MSB
2026-03-13 07:00:00,11.2,11.3,11.1,11.25,4299600,MSB
2026-03-16 07:00:00,11.25,11.3,11.2,11.25,2802300,MSB
2026-03-17 07:00:00,11.3,11.55,11.3,11.35,4142700,MSB
2026-03-18 07:00:00,11.4,11.5,11.3,11.35,3005500,MSB
2026-03-19 07:00:00,11.2,11.3,11.15,11.2,1967400,MSB
2026-03-20 07:00:00,11.3,11.35,11.15,11.25,3971600,MSB
2026-03-23 07:00:00,11.25,11.25,10.9,10.95,6750600,MSB
2026-03-24 07:00:00,11.2,11.3,11.1,11.25,2798300,MSB
2026-03-25 07:00:00,11.35,11.45,11.25,11.3,4478300,MSB
2026-03-26 07:00:00,11.3,11.35,11.25,11.3,3768800,MSB
2026-03-27 07:00:00,11.3,11.4,11.25,11.35,6612900,MSB
2026-03-30 07:00:00,11.3,11.35,11.2,11.35,7126200,MSB
2026-03-31 07:00:00,11.35,11.7,11.3,11.55,11297900,MSB
2026-04-01 07:00:00,11.7,11.75,11.55,11.6,7957900,MSB
2026-04-02 07:00:00,11.55,11.6,11.4,11.4,5560400,MSB
2026-04-03 07:00:00,11.45,11.6,11.4,11.5,7449500,MSB
2026-04-06 07:00:00,11.55,11.6,11.45,11.5,5832200,MSB
2026-04-07 07:00:00,11.5,11.6,11.45,11.55,4532600,MSB
2026-04-08 07:00:00,11.8,12.25,11.65,12.2,19869900,MSB
2026-04-09 07:00:00,12.1,12.2,11.95,12.1,6878100,MSB
2026-04-10 07:00:00,12.15,12.9,12.15,12.75,34694900,MSB
2026-04-13 07:00:00,12.65,12.8,12.55,12.8,10942500,MSB
2026-04-14 07:00:00,12.9,13.1,12.65,12.7,10225400,MSB
2026-04-15 07:00:00,12.75,12.95,12.55,12.55,13069700,MSB
2026-04-16 07:00:00,12.6,12.75,12.55,12.65,10953200,MSB
2026-04-17 07:00:00,12.7,12.75,12.6,12.65,8991300,MSB
2026-04-20 07:00:00,12.65,12.7,12.45,12.45,14655100,MSB
2026-04-21 07:00:00,12.45,12.65,12.4,12.45,9829200,MSB
2026-04-22 07:00:00,12.45,12.8,12.4,12.75,14152400,MSB
2026-04-23 07:00:00,12.8,12.9,12.6,12.6,14550200,MSB
2026-04-24 07:00:00,12.7,12.8,12.6,12.6,7110000,MSB
2026-04-28 07:00:00,12.6,12.65,12.5,12.5,4096700,MSB
2026-04-29 07:00:00,12.5,12.6,12.5,12.5,5034100,MSB
2026-05-04 07:00:00,12.55,12.65,12.5,12.55,4245100,MSB
2026-05-05 07:00:00,12.6,12.9,12.55,12.7,5417800,MSB
2023-05-08 07:00:00,7.72,7.79,7.69,7.79,467100,OCB
2023-05-09 07:00:00,7.82,7.84,7.72,7.74,450100,OCB
2023-05-10 07:00:00,7.74,7.94,7.74,7.94,1030500,OCB
2023-05-11 07:00:00,8.08,8.13,8.01,8.06,2014000,OCB
2023-05-12 07:00:00,8.11,8.11,7.96,8.06,1338400,OCB
2023-05-15 07:00:00,8.11,8.55,8.11,8.3,3819400,OCB
2023-05-16 07:00:00,8.28,8.45,8.28,8.33,1353100,OCB
2023-05-17 07:00:00,8.35,8.4,8.23,8.3,1171600,OCB
2023-05-18 07:00:00,8.38,8.38,8.28,8.3,870400,OCB
2023-05-19 07:00:00,8.35,8.35,8.23,8.3,681900,OCB
2023-05-22 07:00:00,8.3,8.43,8.3,8.4,1014500,OCB
2023-05-23 07:00:00,8.4,8.4,8.3,8.3,809900,OCB
2023-05-24 07:00:00,8.3,8.35,8.23,8.23,730400,OCB
2023-05-25 07:00:00,8.23,8.25,8.16,8.16,582300,OCB
2023-05-26 07:00:00,8.18,8.21,8.13,8.21,419100,OCB
2023-05-29 07:00:00,8.21,8.3,8.21,8.28,485900,OCB
2023-05-30 07:00:00,8.38,8.38,8.25,8.3,758600,OCB
2023-05-31 07:00:00,8.3,8.35,8.25,8.28,985600,OCB
2023-06-01 07:00:00,8.3,8.82,8.25,8.79,2830500,OCB
2023-06-02 07:00:00,8.91,9.13,8.82,9.01,3288500,OCB
2023-06-05 07:00:00,9.16,9.16,8.79,8.84,2807700,OCB
2023-06-06 07:00:00,8.87,9.11,8.84,9.11,1937100,OCB
2023-06-07 07:00:00,9.11,9.13,8.96,9.01,1746300,OCB
2023-06-08 07:00:00,9.04,9.11,8.94,8.94,1756300,OCB
2023-06-09 07:00:00,8.94,9.04,8.87,9.04,1471100,OCB
2023-06-12 07:00:00,9.04,9.06,8.91,9.01,1094700,OCB
2023-06-13 07:00:00,9.04,9.04,8.94,8.99,909500,OCB
2023-06-14 07:00:00,8.99,9.28,8.99,9.06,1648900,OCB
2023-06-15 07:00:00,8.99,9.09,8.96,9.01,591900,OCB
2023-06-16 07:00:00,9.01,9.16,9.01,9.01,2160400,OCB
2023-06-19 07:00:00,9.09,9.09,8.96,8.96,832000,OCB
2023-06-20 07:00:00,8.96,8.99,8.89,8.94,843300,OCB
2023-06-21 07:00:00,8.94,8.99,8.89,8.94,743100,OCB
2023-06-22 07:00:00,8.99,9.09,8.96,9.06,1683800,OCB
2023-06-23 07:00:00,9.06,9.21,9.06,9.09,1227200,OCB
2023-06-26 07:00:00,9.16,9.18,8.99,9.18,1463600,OCB
2023-06-27 07:00:00,9.18,9.28,9.13,9.13,753100,OCB
2023-06-28 07:00:00,9.13,9.16,9.01,9.04,2036000,OCB
2023-06-29 07:00:00,9.04,9.06,8.96,8.96,734100,OCB
2023-06-30 07:00:00,8.96,9.01,8.94,8.94,711500,OCB
2023-07-03 07:00:00,8.94,8.99,8.87,8.96,810500,OCB
2023-07-04 07:00:00,9.04,9.04,8.94,8.99,280900,OCB
2023-07-05 07:00:00,8.99,9.06,8.89,8.89,1600700,OCB
2023-07-06 07:00:00,8.94,8.94,8.82,8.82,840000,OCB
2023-07-07 07:00:00,8.82,8.87,8.74,8.84,1437200,OCB
2023-07-10 07:00:00,8.84,8.99,8.82,8.96,1666200,OCB
2023-07-11 07:00:00,8.96,9.06,8.94,8.99,1194100,OCB
2023-07-12 07:00:00,9.01,9.04,8.91,8.99,618700,OCB
2023-07-13 07:00:00,9.04,9.04,8.99,9.04,1010900,OCB
2023-07-14 07:00:00,9.06,9.11,8.74,8.89,2832600,OCB
2023-07-17 07:00:00,8.89,8.94,8.84,8.91,844900,OCB
2023-07-18 07:00:00,8.91,8.96,8.89,8.96,782500,OCB
2023-07-19 07:00:00,9.01,9.01,8.89,8.89,956200,OCB
2023-07-20 07:00:00,8.91,8.91,8.79,8.84,1236600,OCB
2023-07-21 07:00:00,8.87,8.94,8.84,8.94,659900,OCB
2023-07-24 07:00:00,9.01,9.04,8.94,8.99,1311000,OCB
2023-07-25 07:00:00,8.99,9.38,8.99,9.31,4336400,OCB
2023-07-26 07:00:00,9.33,9.35,9.18,9.23,1331500,OCB
2023-07-27 07:00:00,9.28,9.28,9.09,9.13,1843900,OCB
2023-07-28 07:00:00,9.18,9.23,9.11,9.21,2193800,OCB
2023-07-31 07:00:00,9.38,9.5,9.31,9.33,3963200,OCB
2023-08-01 07:00:00,9.35,9.45,9.26,9.26,2629600,OCB
2023-08-02 07:00:00,9.26,9.48,9.21,9.33,1971400,OCB
2023-08-03 07:00:00,9.38,9.38,9.18,9.18,1654000,OCB
2023-08-04 07:00:00,9.21,9.23,9.06,9.06,4006400,OCB
2023-08-07 07:00:00,9.18,9.4,9.16,9.31,2227000,OCB
2023-08-08 07:00:00,9.38,9.55,9.38,9.4,3927800,OCB
2023-08-09 07:00:00,9.43,9.45,9.35,9.38,1589900,OCB
2023-08-10 07:00:00,9.4,9.72,9.35,9.55,4317500,OCB
2023-08-11 07:00:00,9.57,9.67,9.48,9.67,2283600,OCB
2023-08-14 07:00:00,9.67,9.84,9.67,9.74,2014300,OCB
2023-08-15 07:00:00,9.82,9.84,9.5,9.55,2190000,OCB
2023-08-16 07:00:00,9.52,9.65,9.48,9.57,2107800,OCB
2023-08-17 07:00:00,9.52,9.6,9.48,9.48,1477900,OCB
2023-08-18 07:00:00,9.43,9.43,8.84,8.89,3942800,OCB
2023-08-21 07:00:00,8.89,8.99,8.69,8.94,1134300,OCB
2023-08-22 07:00:00,9.04,9.04,8.74,8.96,1076700,OCB
2023-08-23 07:00:00,9.01,9.11,8.94,8.96,763000,OCB
2023-08-24 07:00:00,9.04,9.04,8.94,9.04,587000,OCB
2023-08-25 07:00:00,9.04,9.06,8.96,8.99,921600,OCB
2023-08-28 07:00:00,8.99,9.09,8.91,9.09,1186600,OCB
2023-08-29 07:00:00,9.09,9.21,9.09,9.16,964900,OCB
2023-08-30 07:00:00,9.21,9.43,9.16,9.43,2122500,OCB
2023-08-31 07:00:00,9.5,9.62,9.4,9.57,2287200,OCB
2023-09-05 07:00:00,9.62,9.96,9.62,9.77,4500200,OCB
2023-09-06 07:00:00,9.79,10.26,9.79,10.11,6780800,OCB
2023-09-07 07:00:00,10.26,10.4,10.21,10.36,4845900,OCB
2023-09-08 07:00:00,10.4,10.48,10.28,10.4,2402900,OCB
2023-09-11 07:00:00,10.77,10.99,10.67,10.7,7359900,OCB
2023-09-12 07:00:00,10.75,10.75,10.55,10.75,3868200,OCB
2023-09-13 07:00:00,10.84,10.99,10.65,10.75,3418200,OCB
2023-09-14 07:00:00,10.75,10.82,10.6,10.65,3350500,OCB
2023-09-15 07:00:00,10.75,10.75,10.53,10.6,2114000,OCB
2023-09-18 07:00:00,10.7,10.7,10.4,10.4,4637200,OCB
2023-09-19 07:00:00,10.4,10.5,10.16,10.21,5770800,OCB
2023-09-20 07:00:00,10.57,10.61,10.39,10.61,3453700,OCB
2023-09-21 07:00:00,10.61,10.76,10.54,10.76,3994400,OCB
2023-09-22 07:00:00,10.61,10.68,10.21,10.39,3127800,OCB
2023-09-25 07:00:00,10.39,10.39,9.84,9.84,1946900,OCB
2023-09-26 07:00:00,9.73,9.95,9.73,9.84,1942000,OCB
2023-09-27 07:00:00,9.66,9.88,9.51,9.88,1185200,OCB
2023-09-28 07:00:00,9.88,9.95,9.66,9.81,766900,OCB
2023-09-29 07:00:00,9.84,10.06,9.81,9.81,790500,OCB
2023-10-02 07:00:00,9.95,10.03,9.84,9.99,770100,OCB
2023-10-03 07:00:00,9.88,9.88,9.51,9.51,1282700,OCB
2023-10-04 07:00:00,9.29,9.77,9.29,9.7,668300,OCB
2023-10-05 07:00:00,9.77,9.77,9.48,9.48,672300,OCB
2023-10-06 07:00:00,9.48,9.77,9.44,9.7,632400,OCB
2023-10-09 07:00:00,9.7,9.73,9.59,9.7,531700,OCB
2023-10-10 07:00:00,9.77,9.81,9.66,9.7,682700,OCB
2023-10-11 07:00:00,9.7,9.7,9.55,9.66,621200,OCB
2023-10-12 07:00:00,9.73,9.73,9.59,9.59,568000,OCB
2023-10-13 07:00:00,9.59,9.59,9.48,9.51,978100,OCB
2023-10-16 07:00:00,9.51,9.51,9.37,9.37,695200,OCB
2023-10-17 07:00:00,9.37,9.44,9.22,9.22,639400,OCB
2023-10-18 07:00:00,9.26,9.26,8.85,8.85,1532900,OCB
2023-10-19 07:00:00,8.93,9.04,8.85,8.89,998400,OCB
2023-10-20 07:00:00,8.89,9.22,8.89,9.22,958200,OCB
2023-10-23 07:00:00,9.22,9.22,9.0,9.07,544200,OCB
2023-10-24 07:00:00,9.07,9.66,9.07,9.51,1334000,OCB
2023-10-25 07:00:00,9.37,9.66,9.37,9.37,1291900,OCB
2023-10-26 07:00:00,9.29,9.29,8.82,9.0,1387700,OCB
2023-10-27 07:00:00,9.11,9.18,8.93,9.15,823400,OCB
2023-10-30 07:00:00,9.15,9.4,9.11,9.18,941900,OCB
2023-10-31 07:00:00,9.29,9.44,9.18,9.33,2238000,OCB
2023-11-01 07:00:00,9.33,9.48,9.29,9.37,1638000,OCB
2023-11-02 07:00:00,9.44,9.66,9.33,9.66,1583200,OCB
2023-11-03 07:00:00,9.66,10.17,9.62,10.17,4426700,OCB
2023-11-06 07:00:00,10.17,10.17,9.95,9.99,3413800,OCB
2023-11-07 07:00:00,9.99,9.99,9.73,9.77,2219800,OCB
2023-11-08 07:00:00,9.81,10.25,9.73,10.1,2424300,OCB
2023-11-09 07:00:00,10.17,10.25,9.95,9.99,2996100,OCB
2023-11-10 07:00:00,9.73,10.06,9.7,10.06,3238800,OCB
2023-11-13 07:00:00,9.99,10.1,9.95,10.06,2893600,OCB
2023-11-14 07:00:00,10.21,10.61,10.06,10.17,6268900,OCB
2023-11-15 07:00:00,10.28,10.36,10.17,10.25,6432100,OCB
2023-11-16 07:00:00,10.25,10.36,10.1,10.32,3434100,OCB
2023-11-17 07:00:00,10.32,10.36,10.03,10.1,3291500,OCB
2023-11-20 07:00:00,9.55,10.1,9.55,10.03,1881000,OCB
2023-11-21 07:00:00,10.06,10.14,9.99,10.1,1800400,OCB
2023-11-22 07:00:00,10.06,10.14,9.99,10.06,1977900,OCB
2023-11-23 07:00:00,10.06,10.17,9.92,9.99,2751300,OCB
2023-11-24 07:00:00,9.95,9.95,9.62,9.92,2415900,OCB
2023-11-27 07:00:00,9.95,9.95,9.77,9.77,969900,OCB
2023-11-28 07:00:00,9.77,9.81,9.62,9.77,1478700,OCB
2023-11-29 07:00:00,9.77,9.99,9.77,9.95,974000,OCB
2023-11-30 07:00:00,10.03,10.03,9.77,9.77,695300,OCB
2023-12-01 07:00:00,9.81,9.88,9.7,9.77,581800,OCB
2023-12-04 07:00:00,9.81,10.14,9.77,9.92,2492900,OCB
2023-12-05 07:00:00,10.06,10.1,9.88,9.99,1348500,OCB
2023-12-06 07:00:00,10.06,10.25,9.99,10.25,3514000,OCB
2023-12-07 07:00:00,10.36,10.39,10.21,10.32,4749200,OCB
2023-12-08 07:00:00,10.32,10.46,10.21,10.32,2399500,OCB
2023-12-11 07:00:00,10.43,10.43,9.95,10.17,1444700,OCB
2023-12-12 07:00:00,10.1,10.17,10.03,10.17,809500,OCB
2023-12-13 07:00:00,10.21,10.25,9.95,9.99,1219100,OCB
2023-12-14 07:00:00,9.99,10.03,9.88,9.92,1154600,OCB
2023-12-15 07:00:00,9.81,9.92,9.73,9.81,1516700,OCB
2023-12-18 07:00:00,9.92,9.92,9.62,9.62,1541000,OCB
2023-12-19 07:00:00,9.62,9.77,9.59,9.66,983200,OCB
2023-12-20 07:00:00,9.7,9.77,9.62,9.66,603600,OCB
2023-12-21 07:00:00,9.66,9.7,9.59,9.7,953500,OCB
2023-12-22 07:00:00,9.77,9.77,9.59,9.59,1435700,OCB
2023-12-25 07:00:00,9.62,9.77,9.62,9.66,755900,OCB
2023-12-26 07:00:00,9.66,9.77,9.66,9.7,921000,OCB
2023-12-27 07:00:00,9.73,9.77,9.7,9.73,732300,OCB
2023-12-28 07:00:00,9.77,9.77,9.7,9.73,1334000,OCB
2023-12-29 07:00:00,9.73,9.81,9.73,9.73,1665200,OCB
2024-01-02 07:00:00,9.81,9.92,9.81,9.84,1020800,OCB
2024-01-03 07:00:00,9.84,10.14,9.81,10.14,2266400,OCB
2024-01-04 07:00:00,10.14,10.57,10.1,10.28,5258000,OCB
2024-01-05 07:00:00,10.32,10.46,10.25,10.43,6771000,OCB
2024-01-08 07:00:00,10.43,10.68,10.36,10.68,6697500,OCB
2024-01-09 07:00:00,10.68,10.79,10.54,10.61,4656300,OCB
2024-01-10 07:00:00,10.65,10.68,10.25,10.68,6952200,OCB
2024-01-11 07:00:00,10.68,11.05,10.68,10.87,11325900,OCB
2024-01-12 07:00:00,10.76,10.98,10.68,10.9,6188400,OCB
2024-01-15 07:00:00,10.98,11.23,10.94,11.2,5987200,OCB
2024-01-16 07:00:00,11.27,11.27,10.94,11.05,2012200,OCB
2024-01-17 07:00:00,11.16,11.16,10.87,10.87,2544600,OCB
2024-01-18 07:00:00,10.98,10.98,10.76,10.76,2569800,OCB
2024-01-19 07:00:00,10.87,11.01,10.87,10.98,2638600,OCB
2024-01-22 07:00:00,11.01,11.09,10.9,10.94,1962400,OCB
2024-01-23 07:00:00,10.98,10.98,10.83,10.87,1994700,OCB
2024-01-24 07:00:00,10.79,10.94,10.54,10.65,3484000,OCB
2024-01-25 07:00:00,10.72,10.72,10.57,10.68,1526100,OCB
2024-01-26 07:00:00,10.76,10.76,10.68,10.68,1723700,OCB
2024-01-29 07:00:00,10.79,10.79,10.65,10.79,2070000,OCB
2024-01-30 07:00:00,10.79,11.27,10.79,11.2,7936400,OCB
2024-01-31 07:00:00,11.23,11.23,10.83,10.87,3496500,OCB
2024-02-01 07:00:00,10.87,10.9,10.68,10.83,3639400,OCB
2024-02-02 07:00:00,10.76,10.83,10.61,10.61,3363000,OCB
2024-02-05 07:00:00,10.72,10.98,10.61,10.94,2912500,OCB
2024-02-06 07:00:00,11.01,11.12,10.87,10.87,1638200,OCB
2024-02-07 07:00:00,10.9,11.09,10.87,11.05,3825700,OCB
2024-02-15 07:00:00,11.05,11.75,11.05,11.64,11566900,OCB
2024-02-16 07:00:00,11.71,11.71,11.38,11.49,3206900,OCB
2024-02-19 07:00:00,11.49,11.86,11.34,11.53,3962900,OCB
2024-02-20 07:00:00,11.53,11.53,11.31,11.38,3645900,OCB
2024-02-21 07:00:00,11.42,11.56,11.23,11.49,4056100,OCB
2024-02-22 07:00:00,11.49,11.56,11.34,11.34,2684400,OCB
2024-02-23 07:00:00,11.45,11.67,11.12,11.12,7790300,OCB
2024-02-26 07:00:00,11.16,11.16,11.01,11.05,2873700,OCB
2024-02-27 07:00:00,11.12,11.2,11.01,11.12,2769800,OCB
2024-02-28 07:00:00,11.16,11.27,11.12,11.27,2860800,OCB
2024-02-29 07:00:00,11.38,11.45,11.09,11.09,3532700,OCB
2024-03-01 07:00:00,11.09,11.16,11.01,11.09,2735400,OCB
2024-03-04 07:00:00,11.2,11.2,11.05,11.09,3303500,OCB
2024-03-05 07:00:00,11.05,11.12,11.01,11.09,2976800,OCB
2024-03-06 07:00:00,11.09,11.27,11.01,11.09,3406400,OCB
2024-03-07 07:00:00,11.05,11.09,11.01,11.05,1755100,OCB
2024-03-08 07:00:00,11.05,11.09,10.79,10.83,4899100,OCB
2024-03-11 07:00:00,10.79,10.79,10.54,10.61,3265100,OCB
2024-03-12 07:00:00,10.54,10.76,10.5,10.72,2251500,OCB
2024-03-13 07:00:00,10.79,10.98,10.68,10.98,2134200,OCB
2024-03-14 07:00:00,10.98,10.98,10.72,10.79,2516700,OCB
2024-03-15 07:00:00,10.76,10.76,10.65,10.68,1839000,OCB
2024-03-18 07:00:00,10.68,10.76,10.21,10.76,4971700,OCB
2024-03-19 07:00:00,10.68,10.68,10.39,10.43,1991200,OCB
2024-03-20 07:00:00,10.43,10.68,10.36,10.61,2981500,OCB
2024-03-21 07:00:00,10.76,10.9,10.68,10.9,4742700,OCB
2024-03-22 07:00:00,10.9,11.01,10.76,10.83,3973900,OCB
2024-03-25 07:00:00,10.83,10.98,10.68,10.72,2170200,OCB
2024-03-26 07:00:00,10.72,10.94,10.72,10.83,2366300,OCB
2024-03-27 07:00:00,10.98,11.12,10.87,10.98,3812700,OCB
2024-03-28 07:00:00,11.09,11.12,10.98,11.09,2647400,OCB
2024-03-29 07:00:00,11.09,11.12,10.87,10.94,1403500,OCB
2024-04-01 07:00:00,11.01,11.01,10.79,10.87,1556900,OCB
2024-04-02 07:00:00,10.9,10.9,10.68,10.83,1543600,OCB
2024-04-03 07:00:00,10.79,10.83,10.57,10.61,3016900,OCB
2024-04-04 07:00:00,10.61,10.68,10.54,10.57,2579700,OCB
2024-04-05 07:00:00,10.54,10.57,10.46,10.54,1941800,OCB
2024-04-08 07:00:00,10.54,10.61,10.46,10.54,1284800,OCB
2024-04-09 07:00:00,10.54,10.68,10.5,10.68,1217500,OCB
2024-04-10 07:00:00,10.68,10.76,10.65,10.72,2464000,OCB
2024-04-11 07:00:00,10.57,10.68,10.5,10.68,524300,OCB
2024-04-12 07:00:00,10.72,10.87,10.61,10.87,2557400,OCB
2024-04-15 07:00:00,10.76,10.98,10.25,10.28,4454400,OCB
2024-04-16 07:00:00,10.36,10.39,9.92,9.99,3944200,OCB
2024-04-17 07:00:00,10.14,10.28,9.99,10.06,2770200,OCB
2024-04-19 07:00:00,9.95,10.17,9.81,9.88,2457400,OCB
2024-04-22 07:00:00,10.1,10.1,9.95,10.06,775200,OCB
2024-04-23 07:00:00,10.14,10.14,9.84,9.88,1358100,OCB
2024-04-24 07:00:00,9.92,10.17,9.92,10.14,1665500,OCB
2024-04-25 07:00:00,10.14,10.21,9.88,9.95,2037600,OCB
2024-04-26 07:00:00,9.92,10.06,9.92,9.99,1076700,OCB
2024-05-02 07:00:00,9.99,10.03,9.88,9.99,747500,OCB
2024-05-03 07:00:00,10.03,10.14,9.99,10.03,1506800,OCB
2024-05-06 07:00:00,10.14,10.28,10.1,10.21,1686500,OCB
2024-05-07 07:00:00,10.25,10.32,10.17,10.32,1058500,OCB
2024-05-08 07:00:00,10.28,10.28,10.14,10.28,1059000,OCB
2024-05-09 07:00:00,10.21,10.32,10.1,10.25,1499400,OCB
2024-05-10 07:00:00,10.28,10.28,10.14,10.17,932700,OCB
2024-05-13 07:00:00,10.21,10.21,10.06,10.14,1012000,OCB
2024-05-14 07:00:00,10.14,10.25,10.1,10.1,960700,OCB
2024-05-15 07:00:00,10.14,10.21,10.1,10.14,1430900,OCB
2024-05-16 07:00:00,10.21,10.61,10.17,10.61,3752200,OCB
2024-05-17 07:00:00,10.65,10.72,10.5,10.61,1821300,OCB
2024-05-20 07:00:00,10.98,10.98,10.61,10.65,2035400,OCB
2024-05-21 07:00:00,10.65,10.68,10.43,10.54,2417300,OCB
2024-05-22 07:00:00,10.54,10.65,10.5,10.54,1349700,OCB
2024-05-23 07:00:00,10.54,10.61,10.5,10.61,1725400,OCB
2024-05-24 07:00:00,10.57,10.79,10.54,10.57,3739300,OCB
2024-05-27 07:00:00,10.54,10.65,10.54,10.65,1329400,OCB
2024-05-28 07:00:00,10.65,10.79,10.65,10.76,2234200,OCB
2024-05-29 07:00:00,10.76,10.79,10.61,10.61,2110200,OCB
2024-05-30 07:00:00,10.57,10.72,10.5,10.72,1718000,OCB
2024-05-31 07:00:00,10.72,10.83,10.61,10.79,1874200,OCB
2024-06-03 07:00:00,10.79,11.23,10.76,11.2,8778300,OCB
2024-06-04 07:00:00,11.2,11.23,11.09,11.12,4149300,OCB
2024-06-05 07:00:00,11.12,11.45,11.05,11.27,5548200,OCB
2024-06-06 07:00:00,11.27,11.31,11.09,11.16,1740200,OCB
2024-06-07 07:00:00,11.16,11.34,11.09,11.31,3402200,OCB
2024-06-10 07:00:00,11.31,11.38,11.2,11.23,2293100,OCB
2024-06-11 07:00:00,11.16,11.27,11.12,11.12,1488300,OCB
2024-06-12 07:00:00,11.12,11.27,11.09,11.27,2128600,OCB
2024-06-13 07:00:00,11.27,11.45,11.27,11.42,3932300,OCB
2024-06-14 07:00:00,11.45,11.45,11.12,11.12,2030100,OCB
2024-06-17 07:00:00,11.12,11.2,10.79,10.9,2824200,OCB
2024-06-18 07:00:00,10.98,10.98,10.9,10.9,916200,OCB
2024-06-19 07:00:00,10.9,10.98,10.61,10.83,2071200,OCB
2024-06-20 07:00:00,10.83,10.98,10.76,10.79,400600,OCB
2024-06-21 07:00:00,10.79,10.83,10.57,10.61,1209100,OCB
2024-06-24 07:00:00,10.61,10.76,10.36,10.46,2008400,OCB
2024-06-25 07:00:00,10.46,10.65,10.46,10.65,805000,OCB
2024-06-26 07:00:00,10.61,10.61,10.36,10.46,1090500,OCB
2024-06-27 07:00:00,10.46,10.46,10.39,10.46,693400,OCB
2024-06-28 07:00:00,10.46,10.5,10.32,10.32,1009800,OCB
2024-07-01 07:00:00,10.32,10.46,10.32,10.46,703800,OCB
2024-07-02 07:00:00,10.5,10.57,10.46,10.54,735400,OCB
2024-07-03 07:00:00,10.61,10.61,10.5,10.54,742200,OCB
2024-07-04 07:00:00,10.65,10.79,10.57,10.57,1467800,OCB
2024-07-05 07:00:00,10.68,10.72,10.5,10.72,1299200,OCB
2024-07-08 07:00:00,10.72,10.72,10.5,10.72,1636900,OCB
2024-07-09 07:00:00,10.61,10.68,10.5,10.61,1782200,OCB
2024-07-10 07:00:00,10.65,10.72,10.57,10.72,1482300,OCB
2024-07-11 07:00:00,10.68,10.72,10.61,10.65,979400,OCB
2024-07-12 07:00:00,10.61,10.68,10.57,10.57,1110100,OCB
2024-07-15 07:00:00,10.61,10.68,10.54,10.54,636600,OCB
2024-07-16 07:00:00,10.54,10.65,10.54,10.57,1298900,OCB
2024-07-17 07:00:00,10.61,10.83,10.57,10.61,2655800,OCB
2024-07-18 07:00:00,10.72,10.72,10.57,10.65,1014000,OCB
2024-07-19 07:00:00,10.65,11.23,10.54,11.05,5722700,OCB
2024-07-22 07:00:00,11.12,11.16,10.9,11.12,3175500,OCB
2024-07-23 07:00:00,11.12,11.16,10.36,10.61,4910100,OCB
2024-07-24 07:00:00,10.54,10.76,10.5,10.68,1592000,OCB
2024-07-25 07:00:00,10.65,10.68,10.54,10.65,1259700,OCB
2024-07-26 07:00:00,10.61,10.83,10.57,10.83,2371500,OCB
2024-07-29 07:00:00,10.79,10.98,10.76,10.9,2063300,OCB
2024-07-30 07:00:00,10.9,11.01,10.79,10.83,3559000,OCB
2024-07-31 07:00:00,10.76,10.76,10.54,10.61,3239900,OCB
2024-08-01 07:00:00,10.65,10.65,10.5,10.57,1048800,OCB
2024-08-02 07:00:00,10.46,10.72,10.39,10.72,2466800,OCB
2024-08-05 07:00:00,10.61,10.61,10.06,10.14,2718200,OCB
2024-08-06 07:00:00,10.1,10.43,9.99,10.39,1963300,OCB
2024-08-07 07:00:00,10.39,10.5,10.21,10.43,1611800,OCB
2024-08-08 07:00:00,10.32,10.5,10.28,10.46,1672500,OCB
2024-08-09 07:00:00,10.5,10.65,10.46,10.57,1179900,OCB
2024-08-12 07:00:00,10.54,10.68,10.54,10.65,1118800,OCB
2024-08-13 07:00:00,10.65,10.76,10.54,10.61,2146900,OCB
2024-08-14 07:00:00,10.65,10.68,10.57,10.65,903900,OCB
2024-08-15 07:00:00,10.65,10.65,10.54,10.54,459700,OCB
2024-08-16 07:00:00,10.68,10.72,10.54,10.57,3355100,OCB
2024-08-19 07:00:00,10.68,10.68,10.54,10.61,1072400,OCB
2024-08-20 07:00:00,10.61,10.68,10.54,10.57,2607100,OCB
2024-08-21 07:00:00,10.61,10.61,10.54,10.61,2132200,OCB
2024-08-22 07:00:00,10.65,10.76,10.57,10.61,3222400,OCB
2024-08-23 07:00:00,10.68,10.76,10.57,10.61,3507400,OCB
2024-08-26 07:00:00,10.65,10.65,10.57,10.57,2278800,OCB
2024-08-27 07:00:00,10.57,10.61,10.43,10.43,3111700,OCB
2024-08-28 07:00:00,10.43,10.54,10.43,10.5,2486000,OCB
2024-08-29 07:00:00,10.59,10.72,10.55,10.55,2207500,OCB
2024-08-30 07:00:00,10.63,10.63,10.46,10.46,771800,OCB
2024-09-04 07:00:00,10.37,10.41,10.24,10.33,1275900,OCB
2024-09-05 07:00:00,10.37,10.46,10.24,10.28,1094400,OCB
2024-09-06 07:00:00,10.28,10.28,10.15,10.19,886400,OCB
2024-09-09 07:00:00,10.19,10.24,10.15,10.19,483500,OCB
2024-09-10 07:00:00,10.24,10.28,10.11,10.11,633900,OCB
2024-09-11 07:00:00,10.11,10.19,9.93,9.93,1647400,OCB
2024-09-12 07:00:00,10.02,10.06,9.97,10.02,563400,OCB
2024-09-13 07:00:00,10.02,10.06,9.97,10.02,472500,OCB
2024-09-16 07:00:00,10.02,10.11,9.97,9.97,907200,OCB
2024-09-17 07:00:00,10.06,10.19,9.93,10.19,859500,OCB
2024-09-18 07:00:00,10.19,10.24,10.06,10.19,1052600,OCB
2024-09-19 07:00:00,10.19,10.24,10.11,10.19,415900,OCB
2024-09-20 07:00:00,10.28,10.33,10.19,10.24,1142000,OCB
2024-09-23 07:00:00,10.19,10.28,10.11,10.15,751600,OCB
2024-09-24 07:00:00,10.19,10.28,10.11,10.24,780300,OCB
2024-09-25 07:00:00,10.28,10.37,10.24,10.24,3490600,OCB
2024-09-26 07:00:00,10.28,10.72,10.24,10.55,4932800,OCB
2024-09-27 07:00:00,10.68,10.85,10.55,10.59,4165700,OCB
2024-09-30 07:00:00,10.68,10.85,10.55,10.63,4453500,OCB
2024-10-01 07:00:00,10.68,10.72,10.59,10.63,3927300,OCB
2024-10-02 07:00:00,10.55,10.63,10.46,10.5,3068300,OCB
2024-10-03 07:00:00,10.5,11.2,10.5,11.2,24119100,OCB
2024-10-04 07:00:00,11.34,11.51,11.2,11.25,5956500,OCB
2024-10-07 07:00:00,11.25,11.34,10.94,11.03,8155000,OCB
2024-10-08 07:00:00,11.07,11.34,11.03,11.03,8625400,OCB
2024-10-09 07:00:00,10.98,11.12,10.94,11.12,5373900,OCB
2024-10-10 07:00:00,11.2,11.2,10.9,10.9,7229700,OCB
2024-10-11 07:00:00,10.9,10.94,10.72,10.77,5801600,OCB
2024-10-14 07:00:00,10.85,10.9,10.72,10.72,4118500,OCB
2024-10-15 07:00:00,10.77,10.98,10.72,10.77,4566200,OCB
2024-10-16 07:00:00,10.77,10.85,10.68,10.77,2083200,OCB
2024-10-17 07:00:00,10.81,10.94,10.68,10.85,4337500,OCB
2024-10-18 07:00:00,10.9,11.12,10.85,10.85,6574000,OCB
2024-10-21 07:00:00,10.85,10.9,10.72,10.72,3381300,OCB
2024-10-22 07:00:00,10.72,10.72,10.28,10.33,9779100,OCB
2024-10-23 07:00:00,10.33,10.41,10.28,10.33,2406300,OCB
2024-10-24 07:00:00,10.37,10.41,10.11,10.11,5021300,OCB
2024-10-25 07:00:00,10.19,10.24,10.02,10.02,3609600,OCB
2024-10-28 07:00:00,10.06,10.15,10.06,10.11,1617500,OCB
2024-10-29 07:00:00,10.11,10.28,10.06,10.24,2516400,OCB
2024-10-30 07:00:00,10.24,10.28,10.06,10.15,3280800,OCB
2024-10-31 07:00:00,10.19,10.24,10.06,10.06,3030500,OCB
2024-11-01 07:00:00,10.06,10.11,9.8,9.8,7247800,OCB
2024-11-04 07:00:00,9.84,9.89,9.49,9.53,7210000,OCB
2024-11-05 07:00:00,9.58,9.62,9.36,9.4,4587600,OCB
2024-11-06 07:00:00,9.45,9.53,9.4,9.49,5327900,OCB
2024-11-07 07:00:00,9.58,9.58,9.4,9.4,4814000,OCB
2024-11-08 07:00:00,9.45,9.45,9.27,9.32,4753400,OCB
2024-11-11 07:00:00,9.32,9.32,9.18,9.27,4495000,OCB
2024-11-12 07:00:00,9.32,9.53,9.27,9.45,4160000,OCB
2024-11-13 07:00:00,9.45,9.49,9.32,9.45,2700500,OCB
2024-11-14 07:00:00,9.45,9.45,9.23,9.23,3213200,OCB
2024-11-15 07:00:00,9.14,9.23,8.96,9.1,3785900,OCB
2024-11-18 07:00:00,9.05,9.32,9.05,9.23,1790300,OCB
2024-11-19 07:00:00,9.23,9.23,9.1,9.1,1408800,OCB
2024-11-20 07:00:00,9.1,9.27,9.1,9.18,1986900,OCB
2024-11-21 07:00:00,9.18,9.27,9.1,9.18,2507100,OCB
2024-11-22 07:00:00,9.18,9.23,9.14,9.14,2438000,OCB
2024-11-25 07:00:00,9.18,9.23,9.14,9.14,1960800,OCB
2024-11-26 07:00:00,9.18,9.32,9.18,9.27,2434600,OCB
2024-11-27 07:00:00,9.27,9.32,9.18,9.23,2229400,OCB
2024-11-28 07:00:00,9.23,9.32,9.18,9.23,2074200,OCB
2024-11-29 07:00:00,9.23,9.49,9.18,9.45,6418600,OCB
2024-12-02 07:00:00,9.49,9.49,9.4,9.45,1594400,OCB
2024-12-03 07:00:00,9.4,9.53,9.32,9.49,2496700,OCB
2024-12-04 07:00:00,9.49,9.49,9.36,9.36,3862500,OCB
2024-12-05 07:00:00,9.36,9.53,9.27,9.53,3290400,OCB
2024-12-06 07:00:00,9.49,9.58,9.4,9.53,3037400,OCB
2024-12-09 07:00:00,9.53,9.8,9.49,9.75,6175800,OCB
2024-12-10 07:00:00,9.75,9.84,9.67,9.84,5501200,OCB
2024-12-11 07:00:00,9.89,10.02,9.67,9.93,4955400,OCB
2024-12-12 07:00:00,9.89,10.02,9.8,9.89,3220700,OCB
2024-12-13 07:00:00,9.89,9.89,9.49,9.58,5802200,OCB
2024-12-16 07:00:00,9.58,9.62,9.49,9.58,1649600,OCB
2024-12-17 07:00:00,9.58,9.62,9.49,9.49,1031400,OCB
2024-12-18 07:00:00,9.49,9.58,9.45,9.53,1676000,OCB
2024-12-19 07:00:00,9.4,9.45,9.32,9.45,2498700,OCB
2024-12-20 07:00:00,9.45,9.45,9.36,9.4,1913300,OCB
2024-12-23 07:00:00,9.4,9.53,9.4,9.53,1954100,OCB
2024-12-24 07:00:00,9.53,9.58,9.45,9.58,949800,OCB
2024-12-25 07:00:00,9.53,9.8,9.49,9.67,4785000,OCB
2024-12-26 07:00:00,9.71,9.71,9.53,9.58,1517000,OCB
2024-12-27 07:00:00,9.67,9.75,9.58,9.62,2746100,OCB
2024-12-30 07:00:00,9.62,9.67,9.49,9.67,1462900,OCB
2024-12-31 07:00:00,9.58,10.02,9.58,10.02,3298900,OCB
2025-01-02 07:00:00,9.75,9.84,9.67,9.71,1522300,OCB
2025-01-03 07:00:00,9.67,9.67,9.49,9.53,1562300,OCB
2025-01-06 07:00:00,9.53,9.62,9.4,9.4,1443800,OCB
2025-01-07 07:00:00,9.4,9.49,9.36,9.36,1391100,OCB
2025-01-08 07:00:00,9.36,9.53,9.32,9.45,879200,OCB
2025-01-09 07:00:00,9.49,9.49,9.36,9.4,544900,OCB
2025-01-10 07:00:00,9.4,9.45,9.27,9.27,1472300,OCB
2025-01-13 07:00:00,9.27,9.32,9.1,9.18,2014500,OCB
2025-01-14 07:00:00,9.18,9.27,9.14,9.18,390100,OCB
2025-01-15 07:00:00,9.18,9.32,9.18,9.27,871800,OCB
2025-01-16 07:00:00,9.27,9.4,9.27,9.32,1282100,OCB
2025-01-17 07:00:00,9.32,9.45,9.32,9.36,1182800,OCB
2025-01-20 07:00:00,9.45,9.49,9.32,9.32,1032400,OCB
2025-01-21 07:00:00,9.36,9.53,9.32,9.45,1746800,OCB
2025-01-22 07:00:00,9.45,9.58,9.4,9.49,1679000,OCB
2025-01-23 07:00:00,9.53,9.62,9.45,9.58,1751200,OCB
2025-01-24 07:00:00,9.58,9.84,9.49,9.84,3569100,OCB
2025-02-03 07:00:00,9.67,9.75,9.62,9.71,1710500,OCB
2025-02-04 07:00:00,9.71,9.89,9.67,9.84,5605600,OCB
2025-02-05 07:00:00,9.89,10.15,9.8,10.02,10232300,OCB
2025-02-06 07:00:00,10.02,10.19,10.02,10.11,6485700,OCB
2025-02-07 07:00:00,10.11,10.15,10.02,10.11,4096300,OCB
2025-02-10 07:00:00,10.06,10.11,9.93,9.97,2058700,OCB
2025-02-11 07:00:00,9.97,10.11,9.97,10.02,3882600,OCB
2025-02-12 07:00:00,10.06,10.06,10.02,10.02,2018200,OCB
2025-02-13 07:00:00,10.02,10.02,9.89,9.89,1385900,OCB
2025-02-14 07:00:00,9.93,10.06,9.93,10.02,1993300,OCB
2025-02-17 07:00:00,10.06,10.11,9.97,10.06,3386700,OCB
2025-02-18 07:00:00,10.11,10.33,10.06,10.19,4740100,OCB
2025-02-19 07:00:00,10.19,10.46,10.19,10.37,4582300,OCB
2025-02-20 07:00:00,10.41,10.46,10.19,10.19,2036200,OCB
2025-02-21 07:00:00,10.28,10.28,10.06,10.15,2340600,OCB
2025-02-24 07:00:00,10.15,10.19,10.02,10.06,2046900,OCB
2025-02-25 07:00:00,10.11,10.19,10.06,10.06,1645100,OCB
2025-02-26 07:00:00,10.06,10.11,9.93,9.97,2405500,OCB
2025-02-27 07:00:00,10.02,10.06,9.93,9.97,1461100,OCB
2025-02-28 07:00:00,9.97,10.02,9.84,9.89,1913000,OCB
2025-03-03 07:00:00,9.89,9.93,9.8,9.84,1899700,OCB
2025-03-04 07:00:00,9.84,10.02,9.75,9.97,2466800,OCB
2025-03-05 07:00:00,9.93,10.15,9.93,9.93,2045800,OCB
2025-03-06 07:00:00,9.93,9.97,9.84,9.97,1869700,OCB
2025-03-07 07:00:00,10.02,10.19,9.93,10.06,4846200,OCB
2025-03-10 07:00:00,10.15,10.15,10.02,10.06,2907200,OCB
2025-03-11 07:00:00,10.02,10.02,9.89,9.97,3015600,OCB
2025-03-12 07:00:00,10.02,10.02,9.8,9.84,3177900,OCB
2025-03-13 07:00:00,9.84,9.93,9.67,9.67,5070900,OCB
2025-03-14 07:00:00,9.71,9.84,9.71,9.8,1984500,OCB
2025-03-17 07:00:00,9.89,10.28,9.84,10.06,5103900,OCB
2025-03-18 07:00:00,10.06,10.11,9.89,9.93,4118300,OCB
2025-03-19 07:00:00,9.97,9.97,9.8,9.89,1704800,OCB
2025-03-20 07:00:00,9.97,10.02,9.8,9.8,3015000,OCB
2025-03-21 07:00:00,9.84,9.89,9.67,9.67,3122300,OCB
2025-03-24 07:00:00,9.71,9.8,9.67,9.8,1954900,OCB
2025-03-25 07:00:00,9.89,9.93,9.8,9.84,1936200,OCB
2025-03-26 07:00:00,9.84,9.97,9.8,9.89,2288000,OCB
2025-03-27 07:00:00,9.89,9.93,9.75,9.84,1198200,OCB
2025-03-28 07:00:00,9.75,9.84,9.71,9.75,1144700,OCB
2025-03-31 07:00:00,9.75,9.84,9.67,9.8,1813000,OCB
2025-04-01 07:00:00,10.02,10.02,9.89,9.93,5133200,OCB
2025-04-02 07:00:00,9.93,10.02,9.89,9.93,4730500,OCB
2025-04-03 07:00:00,9.67,9.75,9.27,9.27,10178400,OCB
2025-04-04 07:00:00,8.63,9.14,8.63,9.01,7020700,OCB
2025-04-08 07:00:00,8.96,8.96,8.38,8.38,8222600,OCB
2025-04-09 07:00:00,7.8,8.7,7.8,8.42,4887300,OCB
2025-04-10 07:00:00,9.01,9.01,9.01,9.01,586500,OCB
2025-04-11 07:00:00,9.1,9.45,8.92,9.45,5417400,OCB
2025-04-14 07:00:00,9.45,9.45,9.18,9.36,4700200,OCB
2025-04-15 07:00:00,9.32,9.32,9.1,9.27,2070200,OCB
2025-04-16 07:00:00,9.18,9.27,9.14,9.23,2171200,OCB
2025-04-17 07:00:00,9.14,9.23,9.05,9.23,2377300,OCB
2025-04-18 07:00:00,9.23,9.32,9.18,9.32,5106500,OCB
2025-04-21 07:00:00,9.32,9.36,9.14,9.23,2765500,OCB
2025-04-22 07:00:00,9.23,9.27,8.61,9.18,5853300,OCB
2025-04-23 07:00:00,9.23,9.32,9.18,9.27,1413500,OCB
2025-04-24 07:00:00,9.23,9.27,9.14,9.23,1537500,OCB
2025-04-25 07:00:00,9.23,9.23,9.05,9.05,3055600,OCB
2025-04-28 07:00:00,9.18,9.18,9.05,9.14,1428400,OCB
2025-04-29 07:00:00,9.14,9.18,9.1,9.14,1396100,OCB
2025-05-05 07:00:00,9.18,9.18,9.1,9.14,854900,OCB
2025-05-06 07:00:00,9.18,9.27,9.14,9.18,2761500,OCB
2025-05-07 07:00:00,9.18,9.23,9.14,9.23,1236500,OCB
2025-05-08 07:00:00,9.23,9.27,9.18,9.23,2021700,OCB
2025-05-09 07:00:00,9.23,9.32,9.18,9.27,2217400,OCB
2025-05-12 07:00:00,9.32,9.36,9.23,9.32,1795200,OCB
2025-05-13 07:00:00,9.36,9.53,9.32,9.45,3569300,OCB
2025-05-14 07:00:00,9.45,9.58,9.4,9.58,2801000,OCB
2025-05-15 07:00:00,9.58,9.75,9.58,9.67,4054900,OCB
2025-05-16 07:00:00,9.67,9.67,9.53,9.53,2920200,OCB
2025-05-19 07:00:00,9.49,9.62,9.4,9.49,2135800,OCB
2025-05-20 07:00:00,9.53,9.62,9.4,9.58,3944600,OCB
2025-05-21 07:00:00,9.53,9.67,9.49,9.53,2082500,OCB
2025-05-22 07:00:00,9.49,9.53,9.45,9.45,2295100,OCB
2025-05-23 07:00:00,9.45,9.49,9.36,9.4,1840400,OCB
2025-05-26 07:00:00,9.4,9.53,9.23,9.53,3279800,OCB
2025-05-27 07:00:00,9.53,9.67,9.49,9.58,4206100,OCB
2025-05-28 07:00:00,9.62,9.62,9.49,9.53,2236600,OCB
2025-05-29 07:00:00,9.53,9.62,9.45,9.49,1897800,OCB
2025-05-30 07:00:00,9.49,9.49,9.32,9.32,2731800,OCB
2025-06-02 07:00:00,9.32,9.71,9.27,9.62,4060900,OCB
2025-06-03 07:00:00,9.62,9.71,9.58,9.62,2818100,OCB
2025-06-04 07:00:00,9.62,9.67,9.53,9.58,1839500,OCB
2025-06-05 07:00:00,9.58,9.62,9.49,9.53,1054600,OCB
2025-06-06 07:00:00,9.53,9.58,9.45,9.45,1338100,OCB
2025-06-09 07:00:00,9.45,9.49,9.4,9.45,1920700,OCB
2025-06-10 07:00:00,9.45,9.8,9.45,9.67,5772700,OCB
2025-06-11 07:00:00,9.67,9.71,9.58,9.58,744200,OCB
2025-06-12 07:00:00,9.58,10.11,9.58,10.06,12675100,OCB
2025-06-13 07:00:00,9.93,9.97,9.8,9.93,7458100,OCB
2025-06-16 07:00:00,9.93,10.15,9.93,10.06,5896400,OCB
2025-06-17 07:00:00,10.19,10.37,10.06,10.28,9500600,OCB
2025-06-18 07:00:00,10.33,10.41,10.15,10.24,5969900,OCB
2025-06-19 07:00:00,10.24,10.28,10.11,10.24,3102900,OCB
2025-06-20 07:00:00,10.33,10.46,10.19,10.19,6045000,OCB
2025-06-23 07:00:00,10.11,10.63,10.02,10.46,10693100,OCB
2025-06-24 07:00:00,10.55,10.55,10.41,10.41,5032000,OCB
2025-06-25 07:00:00,10.46,10.5,10.37,10.37,3278900,OCB
2025-06-26 07:00:00,10.37,10.46,10.24,10.28,2801100,OCB
2025-06-27 07:00:00,10.41,10.5,10.28,10.28,4459600,OCB
2025-06-30 07:00:00,10.33,10.41,10.24,10.28,2143400,OCB
2025-07-01 07:00:00,10.37,10.41,10.24,10.37,3760700,OCB
2025-07-02 07:00:00,10.46,10.63,10.46,10.5,6088900,OCB
2025-07-03 07:00:00,10.5,10.59,10.46,10.55,6220200,OCB
2025-07-04 07:00:00,10.59,10.63,10.55,10.63,3875500,OCB
2025-07-07 07:00:00,10.68,10.9,10.68,10.9,7767300,OCB
2025-07-08 07:00:00,10.94,10.94,10.77,10.85,6789700,OCB
2025-07-09 07:00:00,10.9,11.25,10.85,11.16,8985700,OCB
2025-07-10 07:00:00,11.34,11.34,11.12,11.25,5869100,OCB
2025-07-11 07:00:00,11.25,11.29,11.12,11.2,4295300,OCB
2025-07-14 07:00:00,11.25,11.51,11.16,11.51,9645600,OCB
2025-07-15 07:00:00,11.51,12.04,11.47,11.86,9371000,OCB
2025-07-16 07:00:00,11.73,11.95,11.6,11.95,7754400,OCB
2025-07-17 07:00:00,11.95,11.95,11.49,11.49,16060700,OCB
2025-07-18 07:00:00,11.53,11.58,11.21,11.3,8089500,OCB
2025-07-21 07:00:00,11.35,11.53,11.26,11.26,5074400,OCB
2025-07-22 07:00:00,11.26,11.3,11.21,11.3,5235300,OCB
2025-07-23 07:00:00,11.4,11.49,11.3,11.35,6938000,OCB
2025-07-24 07:00:00,11.44,12.14,11.4,12.0,15504400,OCB
2025-07-25 07:00:00,12.0,12.09,11.86,12.0,7032300,OCB
2025-07-28 07:00:00,12.14,12.83,12.14,12.83,18121700,OCB
2025-07-29 07:00:00,12.88,12.97,11.95,11.95,15057100,OCB
2025-07-30 07:00:00,11.95,12.37,11.81,12.32,10746600,OCB
2025-07-31 07:00:00,12.41,12.51,11.95,12.18,7065600,OCB
2025-08-01 07:00:00,12.18,12.18,11.77,11.77,10245400,OCB
2025-08-04 07:00:00,11.67,12.37,11.67,12.37,7723600,OCB
2025-08-05 07:00:00,12.51,12.79,11.86,12.23,19590400,OCB
2025-08-06 07:00:00,12.28,12.51,12.23,12.32,7231500,OCB
2025-08-07 07:00:00,12.51,12.6,12.41,12.6,13882600,OCB
2025-08-08 07:00:00,13.4,13.4,12.8,13.0,14923100,OCB
2025-08-11 07:00:00,13.1,13.15,12.8,12.95,11587200,OCB
2025-08-12 07:00:00,12.95,13.1,12.65,12.8,10469400,OCB
2025-08-13 07:00:00,12.9,12.9,12.6,12.7,10918500,OCB
2025-08-14 07:00:00,12.85,13.25,12.75,13.2,13612300,OCB
2025-08-15 07:00:00,13.3,13.45,12.85,13.0,9614200,OCB
2025-08-18 07:00:00,13.0,13.05,12.65,12.75,7825600,OCB
2025-08-19 07:00:00,12.8,12.95,12.7,12.8,8276400,OCB
2025-08-20 07:00:00,12.9,13.65,12.9,13.65,41719600,OCB
2025-08-21 07:00:00,14.05,14.6,14.05,14.6,16391400,OCB
2025-08-22 07:00:00,14.85,15.4,13.8,14.55,36959500,OCB
2025-08-25 07:00:00,14.75,14.75,13.55,13.55,16436900,OCB
2025-08-26 07:00:00,13.15,13.95,13.0,13.95,12402600,OCB
2025-08-27 07:00:00,14.05,14.1,13.55,13.6,12162100,OCB
2025-08-28 07:00:00,13.6,13.7,13.4,13.6,7215000,OCB
2025-08-29 07:00:00,13.75,13.9,13.55,13.65,9410100,OCB
2025-09-03 07:00:00,13.75,13.95,13.65,13.9,7754100,OCB
2025-09-04 07:00:00,14.05,14.45,13.9,14.15,11714900,OCB
2025-09-05 07:00:00,14.3,14.45,13.8,13.8,13800500,OCB
2025-09-08 07:00:00,13.8,13.8,13.0,13.0,13091600,OCB
2025-09-09 07:00:00,13.15,13.25,13.0,13.15,4798100,OCB
2025-09-10 07:00:00,13.4,13.4,13.05,13.2,2122400,OCB
2025-09-11 07:00:00,13.15,13.25,12.65,13.05,5768400,OCB
2025-09-12 07:00:00,13.2,13.2,13.0,13.1,3429000,OCB
2025-09-15 07:00:00,13.2,13.2,13.0,13.1,5669400,OCB
2025-09-16 07:00:00,13.2,13.35,13.15,13.25,6211500,OCB
2025-09-17 07:00:00,13.25,13.25,13.0,13.0,3709200,OCB
2025-09-18 07:00:00,13.05,13.2,12.9,12.95,3619200,OCB
2025-09-19 07:00:00,13.0,13.05,12.8,12.9,2920500,OCB
2025-09-22 07:00:00,12.9,12.9,12.6,12.65,3328200,OCB
2025-09-23 07:00:00,12.7,12.9,12.65,12.7,1474300,OCB
2025-09-24 07:00:00,12.6,12.8,12.55,12.8,2777500,OCB
2025-09-25 07:00:00,12.9,13.0,12.8,12.9,1886500,OCB
2025-09-26 07:00:00,12.9,12.9,12.75,12.75,1939300,OCB
2025-09-29 07:00:00,12.75,12.8,12.65,12.8,1216000,OCB
2025-09-30 07:00:00,12.8,12.9,12.6,12.65,2559200,OCB
2025-10-01 07:00:00,12.7,12.9,12.65,12.8,1868000,OCB
2025-10-02 07:00:00,12.85,13.1,12.85,12.9,4039000,OCB
2025-10-03 07:00:00,12.9,12.9,12.7,12.9,2922300,OCB
2025-10-06 07:00:00,12.9,13.25,12.85,13.25,6107000,OCB
2025-10-07 07:00:00,13.3,13.3,12.85,12.9,3340700,OCB
2025-10-08 07:00:00,13.1,13.15,12.85,13.0,3649100,OCB
2025-10-09 07:00:00,13.0,13.1,12.9,13.1,3250400,OCB
2025-10-10 07:00:00,13.15,13.4,13.1,13.35,8183400,OCB
2025-10-13 07:00:00,13.05,13.3,13.05,13.2,4009200,OCB
2025-10-14 07:00:00,13.25,13.3,12.95,12.95,4207200,OCB
2025-10-15 07:00:00,12.95,13.1,12.95,13.05,3738200,OCB
2025-10-16 07:00:00,13.05,13.15,12.95,13.0,3146300,OCB
2025-10-17 07:00:00,13.0,13.1,12.85,12.9,3086500,OCB
2025-10-20 07:00:00,12.8,12.85,12.0,12.0,6579900,OCB
2025-10-21 07:00:00,11.95,12.45,11.85,12.45,5212400,OCB
2025-10-22 07:00:00,12.6,12.75,12.25,12.75,2664700,OCB
2025-10-23 07:00:00,12.7,12.9,12.55,12.9,3109400,OCB
2025-10-24 07:00:00,12.85,12.9,12.55,12.9,3528900,OCB
2025-10-27 07:00:00,12.7,12.9,12.6,12.85,2640500,OCB
2025-10-28 07:00:00,12.6,13.1,12.45,13.0,5208600,OCB
2025-10-29 07:00:00,13.2,13.7,13.2,13.55,16497800,OCB
2025-10-30 07:00:00,13.7,13.75,13.2,13.4,4965900,OCB
2025-10-31 07:00:00,13.4,13.4,12.75,12.75,5248800,OCB
2025-11-03 07:00:00,12.85,12.85,12.35,12.35,5235200,OCB
2025-11-04 07:00:00,12.3,12.75,12.0,12.6,4701600,OCB
2025-11-05 07:00:00,12.55,12.6,12.35,12.45,1799900,OCB
2025-11-06 07:00:00,12.4,12.45,12.25,12.35,1663600,OCB
2025-11-07 07:00:00,12.3,12.35,12.1,12.15,2245800,OCB
2025-11-10 07:00:00,12.2,12.25,12.0,12.1,2042800,OCB
2025-11-11 07:00:00,12.2,12.4,12.1,12.4,2002700,OCB
2025-11-12 07:00:00,12.35,12.45,12.25,12.4,1555500,OCB
2025-11-13 07:00:00,12.4,12.4,12.3,12.3,2090100,OCB
2025-11-14 07:00:00,12.25,12.35,12.2,12.3,1753600,OCB
2025-11-17 07:00:00,12.35,12.4,12.2,12.35,2826500,OCB
2025-11-18 07:00:00,12.35,12.45,12.35,12.45,3577100,OCB
2025-11-19 07:00:00,12.45,12.45,12.2,12.35,2463600,OCB
2025-11-20 07:00:00,12.35,12.35,12.2,12.25,2519200,OCB
2025-11-21 07:00:00,12.2,12.3,12.1,12.15,1970200,OCB
2025-11-24 07:00:00,12.2,12.25,12.0,12.25,2036200,OCB
2025-11-25 07:00:00,12.2,12.25,12.1,12.15,886900,OCB
2025-11-26 07:00:00,12.15,12.25,12.1,12.2,1352900,OCB
2025-11-27 07:00:00,12.25,12.7,12.2,12.4,3932800,OCB
2025-11-28 07:00:00,12.45,12.55,12.3,12.3,1767400,OCB
2025-12-01 07:00:00,12.3,12.4,12.25,12.3,1120700,OCB
2025-12-02 07:00:00,12.3,12.35,12.2,12.3,1418300,OCB
2025-12-03 07:00:00,12.35,12.6,12.35,12.55,3601900,OCB
2025-12-04 07:00:00,12.6,12.7,12.55,12.55,1476300,OCB
2025-12-05 07:00:00,12.6,12.6,12.4,12.4,1913700,OCB
2025-12-08 07:00:00,12.4,12.5,12.35,12.4,1053400,OCB
2025-12-09 07:00:00,12.3,12.4,12.15,12.25,2278600,OCB
2025-12-10 07:00:00,12.25,12.3,12.2,12.25,1232900,OCB
2025-12-11 07:00:00,12.3,12.35,12.2,12.2,1121100,OCB
2025-12-12 07:00:00,12.25,12.3,11.9,11.9,2533000,OCB
2025-12-15 07:00:00,11.9,11.95,11.75,11.75,1510900,OCB
2025-12-16 07:00:00,11.9,12.15,11.65,12.0,1330800,OCB
2025-12-17 07:00:00,12.0,12.05,11.9,11.9,784100,OCB
2025-12-18 07:00:00,11.85,11.9,11.8,11.9,697300,OCB
2025-12-19 07:00:00,11.9,12.0,11.9,12.0,894000,OCB
2025-12-22 07:00:00,12.1,12.4,11.95,12.35,3297400,OCB
2025-12-23 07:00:00,12.35,12.45,12.15,12.25,1353900,OCB
2025-12-24 07:00:00,12.15,12.35,12.15,12.15,2023100,OCB
2025-12-25 07:00:00,12.2,12.3,12.1,12.1,1592900,OCB
2025-12-26 07:00:00,12.05,12.1,11.9,12.05,2009200,OCB
2025-12-29 07:00:00,12.15,12.15,11.95,11.95,980100,OCB
2025-12-30 07:00:00,11.95,12.05,11.95,12.0,1136300,OCB
2025-12-31 07:00:00,12.0,12.05,11.9,11.95,979800,OCB
2026-01-05 07:00:00,12.0,12.0,11.7,11.75,2524800,OCB
2026-01-06 07:00:00,11.8,11.9,11.65,11.85,1477900,OCB
2026-01-07 07:00:00,11.95,12.05,11.9,12.0,1314700,OCB
2026-01-08 07:00:00,12.0,12.15,11.8,11.95,6548000,OCB
2026-01-09 07:00:00,11.95,12.05,11.8,11.8,2872100,OCB
2026-01-12 07:00:00,12.05,12.25,11.85,12.2,6495200,OCB
2026-01-13 07:00:00,12.3,12.35,12.1,12.25,3882400,OCB
2026-01-14 07:00:00,12.3,12.3,12.0,12.1,6127700,OCB
2026-01-15 07:00:00,12.05,12.2,12.0,12.15,2669700,OCB
2026-01-16 07:00:00,12.2,12.2,12.05,12.1,1512600,OCB
2026-01-19 07:00:00,12.1,12.15,12.0,12.05,1346800,OCB
2026-01-20 07:00:00,12.05,12.1,11.95,12.0,2054700,OCB
2026-01-21 07:00:00,12.0,12.0,11.85,11.95,1968100,OCB
2026-01-22 07:00:00,12.0,12.0,11.9,11.95,1239600,OCB
2026-01-23 07:00:00,11.9,12.0,11.9,11.9,1410900,OCB
2026-01-26 07:00:00,11.95,11.95,11.65,11.75,3159100,OCB
2026-01-27 07:00:00,11.75,11.8,11.65,11.75,1538900,OCB
2026-01-28 07:00:00,11.75,11.8,11.65,11.7,1300900,OCB
2026-01-29 07:00:00,11.7,11.8,11.7,11.7,1306600,OCB
2026-01-30 07:00:00,11.8,11.85,11.7,11.8,1483400,OCB
2026-02-02 07:00:00,11.95,11.95,11.75,11.75,875500,OCB
2026-02-03 07:00:00,11.8,11.85,11.75,11.8,935400,OCB
2026-02-04 07:00:00,11.75,11.8,11.7,11.75,1403800,OCB
2026-02-05 07:00:00,11.8,11.8,11.65,11.7,1118800,OCB
2026-02-06 07:00:00,11.65,11.7,11.55,11.55,2193000,OCB
2026-02-09 07:00:00,11.6,11.6,11.45,11.45,1464200,OCB
2026-02-10 07:00:00,11.5,11.5,11.35,11.4,1090600,OCB
2026-02-11 07:00:00,11.4,11.65,11.4,11.6,974900,OCB
2026-02-12 07:00:00,11.6,11.7,11.6,11.6,650500,OCB
2026-02-13 07:00:00,11.6,11.65,11.55,11.6,833400,OCB
2026-02-23 07:00:00,11.65,11.7,11.6,11.65,1479600,OCB
2026-02-24 07:00:00,11.65,11.7,11.55,11.6,1858800,OCB
2026-02-25 07:00:00,11.6,11.85,11.55,11.8,2691100,OCB
2026-02-26 07:00:00,11.85,11.85,11.65,11.7,999800,OCB
2026-02-27 07:00:00,11.7,11.75,11.6,11.65,1075200,OCB
2026-03-02 07:00:00,11.45,11.5,11.25,11.4,3624200,OCB
2026-03-03 07:00:00,11.4,11.45,11.3,11.35,1965100,OCB
2026-03-04 07:00:00,11.3,11.45,10.95,11.2,4125200,OCB
2026-03-05 07:00:00,11.4,11.4,11.2,11.2,1150300,OCB
2026-03-06 07:00:00,11.2,11.25,11.1,11.15,651100,OCB
2026-03-09 07:00:00,10.7,10.75,10.4,10.4,3827700,OCB
2026-03-10 07:00:00,10.6,10.9,10.6,10.65,2178600,OCB
2026-03-11 07:00:00,10.7,11.05,10.65,10.85,2638800,OCB
2026-03-12 07:00:00,10.85,10.85,10.65,10.7,1573200,OCB
2026-03-13 07:00:00,10.7,10.75,10.6,10.7,1195400,OCB
2026-03-16 07:00:00,10.7,10.8,10.7,10.75,875800,OCB
2026-03-17 07:00:00,10.75,10.95,10.75,10.9,1103400,OCB
2026-03-18 07:00:00,10.9,11.0,10.8,10.95,1451500,OCB
2026-03-19 07:00:00,10.9,11.0,10.8,11.0,1931800,OCB
2026-03-20 07:00:00,10.95,11.05,10.9,10.9,1136900,OCB
2026-03-23 07:00:00,10.85,10.95,10.7,10.7,2928400,OCB
2026-03-24 07:00:00,10.9,11.0,10.85,10.95,1422200,OCB
2026-03-25 07:00:00,11.0,11.25,11.0,11.2,2488000,OCB
2026-03-26 07:00:00,11.25,11.3,11.05,11.15,1034300,OCB
2026-03-27 07:00:00,11.15,11.25,11.05,11.2,1186000,OCB
2026-03-30 07:00:00,11.1,11.15,10.9,11.15,525900,OCB
2026-03-31 07:00:00,11.15,11.25,11.1,11.15,910100,OCB
2026-04-01 07:00:00,11.25,11.35,11.2,11.25,759500,OCB
2026-04-02 07:00:00,11.2,11.2,11.05,11.2,518100,OCB
2026-04-03 07:00:00,11.2,11.2,11.0,11.0,782200,OCB
2026-04-06 07:00:00,11.0,11.05,10.9,10.95,612600,OCB
2026-04-07 07:00:00,11.0,11.05,10.8,10.9,807900,OCB
2026-04-08 07:00:00,11.2,11.6,11.05,11.6,3582300,OCB
2026-04-09 07:00:00,11.6,11.6,11.35,11.4,706600,OCB
2026-04-10 07:00:00,11.5,11.8,11.45,11.6,2340300,OCB
2026-04-13 07:00:00,11.55,11.55,11.35,11.5,1563700,OCB
2026-04-14 07:00:00,11.5,11.65,11.5,11.6,1773000,OCB
2026-04-15 07:00:00,11.65,11.75,11.45,11.5,2497300,OCB
2026-04-16 07:00:00,11.6,11.6,11.4,11.45,1357800,OCB
2026-04-17 07:00:00,11.5,11.75,11.45,11.75,2993900,OCB
2026-04-20 07:00:00,11.75,11.95,11.65,11.75,2740500,OCB
2026-04-21 07:00:00,11.65,11.75,11.45,11.45,1334900,OCB
2026-04-22 07:00:00,11.45,11.55,11.35,11.45,1339300,OCB
2026-04-23 07:00:00,11.55,11.65,11.35,11.45,2180600,OCB
2026-04-24 07:00:00,11.45,11.5,11.3,11.45,1281300,OCB
2026-04-28 07:00:00,11.45,11.5,11.25,11.25,1131300,OCB
2026-04-29 07:00:00,11.25,11.35,11.15,11.25,650900,OCB
2026-05-04 07:00:00,11.35,11.35,11.15,11.25,1280700,OCB
2026-05-05 07:00:00,11.2,11.25,11.1,11.1,646900,OCB
2023-05-08 07:00:00,8.47,8.59,8.44,8.44,5158500,LPB
2023-05-09 07:00:00,8.47,8.72,8.47,8.65,13126300,LPB
2023-05-10 07:00:00,8.72,8.75,8.56,8.69,9614700,LPB
2023-05-11 07:00:00,8.72,8.75,8.1,8.56,23746900,LPB
2023-05-12 07:00:00,8.59,8.62,8.47,8.59,7921400,LPB
2023-05-15 07:00:00,8.65,8.75,8.56,8.56,9855100,LPB
2023-05-16 07:00:00,8.56,8.62,8.5,8.59,6908500,LPB
2023-05-17 07:00:00,8.62,8.65,8.5,8.53,6971900,LPB
2023-05-18 07:00:00,8.56,8.69,8.5,8.65,8384500,LPB
2023-05-19 07:00:00,8.78,8.78,8.56,8.65,6278600,LPB
2023-05-22 07:00:00,8.69,8.84,8.65,8.78,9208600,LPB
2023-05-23 07:00:00,8.81,8.84,8.69,8.69,5893300,LPB
2023-05-24 07:00:00,8.75,8.75,8.59,8.59,5502600,LPB
2023-05-25 07:00:00,8.59,8.69,8.56,8.62,4977300,LPB
2023-05-26 07:00:00,8.65,8.78,8.56,8.75,10642400,LPB
2023-05-29 07:00:00,8.78,8.9,8.75,8.9,8652700,LPB
2023-05-30 07:00:00,8.96,8.96,8.84,8.96,8910100,LPB
2023-05-31 07:00:00,8.99,9.06,8.9,8.96,8681300,LPB
2023-06-01 07:00:00,8.99,9.09,8.93,9.09,6447300,LPB
2023-06-02 07:00:00,9.15,9.37,9.15,9.27,13176500,LPB
2023-06-05 07:00:00,9.4,9.46,9.3,9.46,16405400,LPB
2023-06-06 07:00:00,9.46,9.52,9.33,9.49,11204600,LPB
2023-06-07 07:00:00,9.52,9.52,9.27,9.27,8122200,LPB
2023-06-08 07:00:00,9.27,9.33,9.03,9.06,8973600,LPB
2023-06-09 07:00:00,9.06,9.37,8.99,9.37,7825900,LPB
2023-06-12 07:00:00,9.4,9.4,9.21,9.4,8049900,LPB
2023-06-13 07:00:00,9.4,9.43,9.24,9.24,3721200,LPB
2023-06-14 07:00:00,9.24,9.33,9.18,9.18,3990700,LPB
2023-06-15 07:00:00,9.18,9.18,9.03,9.06,5132400,LPB
2023-06-16 07:00:00,9.18,9.27,9.06,9.12,4819700,LPB
2023-06-19 07:00:00,9.15,9.24,9.09,9.09,5251700,LPB
2023-06-20 07:00:00,9.12,9.27,9.12,9.18,3830800,LPB
2023-06-21 07:00:00,9.27,9.46,9.18,9.3,10817600,LPB
2023-06-22 07:00:00,9.37,9.49,9.37,9.4,11207100,LPB
2023-06-23 07:00:00,9.46,9.74,9.43,9.49,16968400,LPB
2023-06-26 07:00:00,9.49,9.61,9.27,9.46,5635300,LPB
2023-06-27 07:00:00,9.49,9.58,9.43,9.43,4646300,LPB
2023-06-28 07:00:00,9.46,9.58,9.43,9.46,6129400,LPB
2023-06-29 07:00:00,9.55,9.55,9.37,9.37,6885300,LPB
2023-06-30 07:00:00,9.37,9.43,9.33,9.37,2664600,LPB
2023-07-03 07:00:00,9.4,9.58,9.4,9.46,6834200,LPB
2023-07-04 07:00:00,9.52,9.58,9.4,9.55,5855500,LPB
2023-07-05 07:00:00,9.61,9.77,9.55,9.61,11586400,LPB
2023-07-06 07:00:00,9.64,9.77,9.49,9.58,6294400,LPB
2023-07-07 07:00:00,9.55,9.95,9.55,9.95,13480600,LPB
2023-07-10 07:00:00,9.98,10.32,9.95,10.08,19497200,LPB
2023-07-11 07:00:00,10.11,10.32,10.01,10.01,14039500,LPB
2023-07-12 07:00:00,9.98,10.35,9.71,9.71,13453900,LPB
2023-07-13 07:00:00,9.89,10.05,9.86,9.89,8028400,LPB
2023-07-14 07:00:00,10.01,10.05,9.64,9.67,13121300,LPB
2023-07-17 07:00:00,9.67,10.08,9.67,9.89,9897800,LPB
2023-07-18 07:00:00,9.92,10.14,9.89,9.98,9243300,LPB
2023-07-19 07:00:00,9.98,10.32,9.98,10.08,10867400,LPB
2023-07-20 07:00:00,10.11,10.17,9.98,10.05,4604600,LPB
2023-07-21 07:00:00,9.95,10.14,9.95,10.05,5128100,LPB
2023-07-24 07:00:00,10.05,10.26,10.01,10.11,9879000,LPB
2023-07-25 07:00:00,10.11,10.32,10.11,10.2,7893400,LPB
2023-07-26 07:00:00,10.2,10.23,10.11,10.11,3729500,LPB
2023-07-27 07:00:00,10.14,10.32,10.08,10.2,9148000,LPB
2023-07-28 07:00:00,10.17,10.29,10.08,10.08,6073300,LPB
2023-07-31 07:00:00,10.14,10.26,10.11,10.11,5357400,LPB
2023-08-01 07:00:00,10.14,10.35,10.14,10.2,9363900,LPB
2023-08-02 07:00:00,10.23,10.51,10.2,10.35,9798900,LPB
2023-08-03 07:00:00,10.39,10.57,10.39,10.48,8054100,LPB
2023-08-04 07:00:00,10.51,10.66,10.48,10.66,5026100,LPB
2023-08-07 07:00:00,10.69,11.41,10.69,11.41,20336600,LPB
2023-08-08 07:00:00,11.53,11.96,11.53,11.75,11401800,LPB
2023-08-09 07:00:00,11.87,11.87,11.62,11.68,4068400,LPB
2023-08-10 07:00:00,11.75,11.75,11.44,11.5,3757400,LPB
2023-08-11 07:00:00,11.44,11.56,11.37,11.5,4534100,LPB
2023-08-14 07:00:00,11.5,11.71,11.5,11.65,4371200,LPB
2023-08-15 07:00:00,11.65,11.71,11.62,11.68,4063600,LPB
2023-08-16 07:00:00,11.68,11.87,11.62,11.71,7086800,LPB
2023-08-17 07:00:00,11.71,11.93,11.71,11.78,9180700,LPB
2023-08-18 07:00:00,11.75,12.12,11.13,11.28,16207500,LPB
2023-08-21 07:00:00,11.37,12.05,11.37,11.99,27603400,LPB
2023-08-22 07:00:00,12.63,12.63,11.63,12.23,9434700,LPB
2023-08-23 07:00:00,12.43,12.47,12.19,12.23,3710500,LPB
2023-08-24 07:00:00,12.23,12.67,12.23,12.47,6591700,LPB
2023-08-25 07:00:00,12.51,12.75,12.43,12.51,6036400,LPB
2023-08-28 07:00:00,12.55,12.75,12.51,12.59,4751400,LPB
2023-08-29 07:00:00,12.67,12.75,12.59,12.63,7693400,LPB
2023-08-30 07:00:00,12.71,12.83,12.67,12.67,4373000,LPB
2023-08-31 07:00:00,12.75,12.83,12.59,12.79,5683300,LPB
2023-09-05 07:00:00,12.83,12.95,12.75,12.83,4447300,LPB
2023-09-06 07:00:00,12.83,12.95,12.79,12.87,3169700,LPB
2023-09-07 07:00:00,12.95,12.99,12.83,12.87,5530900,LPB
2023-09-08 07:00:00,12.83,12.91,12.79,12.83,2194800,LPB
2023-09-11 07:00:00,12.83,12.99,12.79,12.91,14491100,LPB
2023-09-12 07:00:00,12.91,13.07,12.87,12.99,3006000,LPB
2023-09-13 07:00:00,13.07,13.11,12.95,12.99,2769100,LPB
2023-09-14 07:00:00,12.99,13.07,12.67,12.75,1979600,LPB
2023-09-15 07:00:00,12.75,13.19,12.55,12.55,5330300,LPB
2023-09-18 07:00:00,12.55,12.59,12.27,12.27,1698100,LPB
2023-09-19 07:00:00,12.31,12.39,12.03,12.15,5220200,LPB
2023-09-20 07:00:00,12.35,12.35,12.15,12.27,2278500,LPB
2023-09-21 07:00:00,12.19,12.27,11.95,11.95,3286600,LPB
2023-09-22 07:00:00,11.79,11.87,11.2,11.47,4930900,LPB
2023-09-25 07:00:00,11.47,11.47,10.84,10.84,3680100,LPB
2023-09-26 07:00:00,10.84,10.96,10.52,10.52,2884200,LPB
2023-09-27 07:00:00,10.52,10.68,10.36,10.56,2778600,LPB
2023-09-28 07:00:00,10.6,10.84,10.6,10.84,2691900,LPB
2023-09-29 07:00:00,10.92,11.24,10.92,11.04,2530600,LPB
2023-10-02 07:00:00,11.04,11.12,10.88,10.88,1523300,LPB
2023-10-03 07:00:00,10.88,10.88,10.44,10.48,2955600,LPB
2023-10-04 07:00:00,10.36,10.92,10.36,10.76,1933500,LPB
2023-10-05 07:00:00,10.76,10.92,10.76,10.84,1968700,LPB
2023-10-06 07:00:00,10.92,11.0,10.84,10.96,5452000,LPB
2023-10-09 07:00:00,11.0,11.24,10.96,11.24,2952100,LPB
2023-10-10 07:00:00,11.24,11.32,11.2,11.28,3943200,LPB
2023-10-11 07:00:00,11.32,11.36,11.24,11.32,1906200,LPB
2023-10-12 07:00:00,11.32,11.43,11.32,11.32,3532000,LPB
2023-10-13 07:00:00,11.24,11.4,11.2,11.32,1862800,LPB
2023-10-16 07:00:00,11.32,11.36,11.16,11.28,2722200,LPB
2023-10-17 07:00:00,11.24,11.43,11.16,11.16,2376600,LPB
2023-10-18 07:00:00,11.16,11.4,11.08,11.16,4014000,LPB
2023-10-19 07:00:00,11.16,11.4,11.16,11.2,2768200,LPB
2023-10-20 07:00:00,11.2,11.59,11.2,11.59,4017400,LPB
2023-10-23 07:00:00,11.63,11.87,11.55,11.71,2591600,LPB
2023-10-24 07:00:00,11.71,11.87,11.67,11.75,2520600,LPB
2023-10-25 07:00:00,11.75,12.03,11.75,11.83,2389300,LPB
2023-10-26 07:00:00,11.67,11.83,11.08,11.4,6745700,LPB
2023-10-27 07:00:00,11.47,12.19,11.47,12.19,6436100,LPB
2023-10-30 07:00:00,12.23,12.43,11.51,11.51,1800600,LPB
2023-10-31 07:00:00,11.55,12.03,11.55,11.67,3678500,LPB
2023-11-01 07:00:00,11.71,12.03,11.71,12.03,1942900,LPB
2023-11-02 07:00:00,12.07,12.31,12.03,12.27,2024500,LPB
2023-11-03 07:00:00,12.35,12.39,12.11,12.15,3395500,LPB
2023-11-06 07:00:00,12.27,12.51,12.15,12.27,4481100,LPB
2023-11-07 07:00:00,12.27,12.51,12.23,12.35,1761900,LPB
2023-11-08 07:00:00,12.35,12.55,12.27,12.55,2267100,LPB
2023-11-09 07:00:00,12.59,12.67,12.43,12.51,2153700,LPB
2023-11-10 07:00:00,12.39,12.47,12.19,12.19,2195500,LPB
2023-11-13 07:00:00,12.27,12.31,12.19,12.19,1423800,LPB
2023-11-14 07:00:00,12.27,12.75,12.27,12.51,5219900,LPB
2023-11-15 07:00:00,12.67,12.71,12.47,12.51,2333400,LPB
2023-11-16 07:00:00,12.51,12.51,12.39,12.47,1233700,LPB
2023-11-17 07:00:00,12.43,12.59,12.23,12.23,2536000,LPB
2023-11-20 07:00:00,12.15,12.39,12.11,12.23,1883600,LPB
2023-11-21 07:00:00,12.31,12.43,12.27,12.43,2392000,LPB
2023-11-22 07:00:00,12.43,12.47,12.31,12.31,1684900,LPB
2023-11-23 07:00:00,12.35,12.43,11.95,11.95,2581800,LPB
2023-11-24 07:00:00,12.03,12.23,11.99,12.07,1601100,LPB
2023-11-27 07:00:00,12.07,12.19,11.79,11.79,1588300,LPB
2023-11-28 07:00:00,11.79,11.95,11.55,11.95,1695000,LPB
2023-11-29 07:00:00,11.95,12.39,11.95,12.11,5192000,LPB
2023-11-30 07:00:00,12.15,12.43,12.11,12.19,4590200,LPB
2023-12-01 07:00:00,12.23,12.35,12.11,12.19,1206300,LPB
2023-12-04 07:00:00,12.27,12.31,12.15,12.19,3428500,LPB
2023-12-05 07:00:00,12.23,12.31,12.11,12.23,3201300,LPB
2023-12-06 07:00:00,12.23,12.75,12.23,12.55,10765300,LPB
2023-12-07 07:00:00,12.59,12.83,12.59,12.75,10698700,LPB
2023-12-08 07:00:00,12.79,13.15,12.75,13.03,9410300,LPB
2023-12-11 07:00:00,13.07,13.19,12.87,12.91,6819200,LPB
2023-12-12 07:00:00,12.95,13.07,12.75,12.79,3448900,LPB
2023-12-13 07:00:00,12.79,12.95,12.51,12.59,2614200,LPB
2023-12-14 07:00:00,12.51,12.75,12.47,12.47,1862500,LPB
2023-12-15 07:00:00,12.51,12.67,12.47,12.51,1608400,LPB
2023-12-18 07:00:00,12.51,12.63,12.31,12.31,2105100,LPB
2023-12-19 07:00:00,12.23,12.43,12.11,12.19,2017700,LPB
2023-12-20 07:00:00,12.19,12.43,12.19,12.27,1105800,LPB
2023-12-21 07:00:00,12.27,12.39,12.15,12.23,1514400,LPB
2023-12-22 07:00:00,12.23,12.55,12.23,12.43,2091500,LPB
2023-12-25 07:00:00,12.55,12.55,12.27,12.43,1286500,LPB
2023-12-26 07:00:00,12.55,12.63,12.47,12.47,1833700,LPB
2023-12-27 07:00:00,12.63,12.63,12.47,12.51,2317900,LPB
2023-12-28 07:00:00,12.59,12.71,12.47,12.59,2345600,LPB
2023-12-29 07:00:00,12.51,12.75,12.51,12.55,1717100,LPB
2024-01-02 07:00:00,12.59,12.99,12.59,12.79,3857100,LPB
2024-01-03 07:00:00,12.87,12.95,12.75,12.95,2847700,LPB
2024-01-04 07:00:00,12.99,13.43,12.91,13.15,7468900,LPB
2024-01-05 07:00:00,13.39,13.39,13.11,13.23,2311800,LPB
2024-01-08 07:00:00,13.27,13.47,13.19,13.19,4503100,LPB
2024-01-09 07:00:00,13.31,13.31,12.99,13.11,2571900,LPB
2024-01-10 07:00:00,13.11,13.31,13.07,13.15,4064700,LPB
2024-01-11 07:00:00,13.15,13.55,13.11,13.19,6894700,LPB
2024-01-12 07:00:00,12.95,13.27,12.87,13.23,10227400,LPB
2024-01-15 07:00:00,13.55,13.59,13.23,13.23,6142200,LPB
2024-01-16 07:00:00,13.19,13.51,13.19,13.31,6517300,LPB
2024-01-17 07:00:00,13.35,13.87,13.31,13.47,16174700,LPB
2024-01-18 07:00:00,13.59,14.02,13.51,13.87,12953300,LPB
2024-01-19 07:00:00,13.95,14.02,13.79,13.87,4412100,LPB
2024-01-22 07:00:00,13.98,13.98,13.63,13.75,4686900,LPB
2024-01-23 07:00:00,13.87,13.87,13.71,13.75,3042000,LPB
2024-01-24 07:00:00,13.75,13.87,13.67,13.79,3442100,LPB
2024-01-25 07:00:00,13.83,13.91,13.75,13.91,4001800,LPB
2024-01-26 07:00:00,13.95,13.98,13.87,13.91,2116300,LPB
2024-01-29 07:00:00,13.87,14.34,13.83,14.02,9874500,LPB
2024-01-30 07:00:00,14.06,14.42,14.06,14.14,6959600,LPB
2024-01-31 07:00:00,14.22,14.26,14.02,14.06,7769400,LPB
2024-02-01 07:00:00,14.14,14.62,14.06,14.26,7857300,LPB
2024-02-02 07:00:00,14.26,14.5,14.18,14.18,5080400,LPB
2024-02-05 07:00:00,14.1,14.62,14.1,14.5,3808200,LPB
2024-02-06 07:00:00,14.54,14.7,14.34,14.42,1955500,LPB
2024-02-07 07:00:00,14.42,14.54,14.26,14.46,3167100,LPB
2024-02-15 07:00:00,14.66,14.66,14.46,14.5,2223000,LPB
2024-02-16 07:00:00,14.5,14.54,14.18,14.3,3623000,LPB
2024-02-19 07:00:00,14.22,14.3,14.06,14.1,3407600,LPB
2024-02-20 07:00:00,14.1,14.22,14.1,14.14,1845100,LPB
2024-02-21 07:00:00,14.22,14.3,14.1,14.14,2372400,LPB
2024-02-22 07:00:00,14.14,14.26,14.06,14.1,2325900,LPB
2024-02-23 07:00:00,14.1,14.38,13.63,13.63,5581000,LPB
2024-02-26 07:00:00,13.67,13.83,13.67,13.71,1657800,LPB
2024-02-27 07:00:00,13.83,13.95,13.71,13.71,2488500,LPB
2024-02-28 07:00:00,13.87,13.91,13.79,13.79,2813300,LPB
2024-02-29 07:00:00,13.87,13.91,13.63,13.63,3016100,LPB
2024-03-01 07:00:00,13.63,13.75,13.55,13.59,3419700,LPB
2024-03-04 07:00:00,13.63,13.83,13.59,13.71,4156200,LPB
2024-03-05 07:00:00,13.79,14.06,13.75,14.06,4366400,LPB
2024-03-06 07:00:00,14.22,14.74,14.18,14.22,7866800,LPB
2024-03-07 07:00:00,14.26,14.26,14.1,14.1,2984000,LPB
2024-03-08 07:00:00,14.1,14.18,13.59,13.63,6062300,LPB
2024-03-11 07:00:00,13.67,13.71,13.15,13.19,5749200,LPB
2024-03-12 07:00:00,13.19,13.47,13.15,13.43,3743100,LPB
2024-03-13 07:00:00,13.55,13.59,13.39,13.55,3635300,LPB
2024-03-14 07:00:00,13.63,13.63,13.35,13.35,2644000,LPB
2024-03-15 07:00:00,13.35,13.35,13.15,13.19,5226400,LPB
2024-03-18 07:00:00,13.15,13.27,12.59,12.79,6624100,LPB
2024-03-19 07:00:00,12.79,12.95,12.75,12.87,1630600,LPB
2024-03-20 07:00:00,12.91,13.55,12.87,13.55,6336100,LPB
2024-03-21 07:00:00,13.55,13.63,13.35,13.43,3608900,LPB
2024-03-22 07:00:00,13.55,13.63,13.39,13.39,3853200,LPB
2024-03-25 07:00:00,13.43,13.47,13.19,13.19,3565300,LPB
2024-03-26 07:00:00,13.27,13.47,13.15,13.43,2796700,LPB
2024-03-27 07:00:00,13.55,13.55,13.35,13.35,2535400,LPB
2024-03-28 07:00:00,13.43,13.51,13.39,13.47,4297700,LPB
2024-03-29 07:00:00,13.47,13.98,13.47,13.98,7969000,LPB
2024-04-01 07:00:00,13.79,13.98,13.71,13.79,2925700,LPB
2024-04-02 07:00:00,13.71,13.95,13.59,13.83,7259400,LPB
2024-04-03 07:00:00,13.95,13.98,13.75,13.75,4236900,LPB
2024-04-04 07:00:00,13.75,13.83,13.59,13.59,3477500,LPB
2024-04-05 07:00:00,13.55,13.75,13.43,13.63,3020000,LPB
2024-04-08 07:00:00,13.71,13.95,13.63,13.83,3198600,LPB
2024-04-09 07:00:00,13.83,14.78,13.83,14.78,9837500,LPB
2024-04-10 07:00:00,14.98,15.14,14.9,14.94,13007000,LPB
2024-04-11 07:00:00,14.9,15.14,14.58,14.58,7383200,LPB
2024-04-12 07:00:00,14.7,15.58,14.66,15.58,15101300,LPB
2024-04-15 07:00:00,15.58,16.22,14.5,14.9,10453000,LPB
2024-04-16 07:00:00,14.9,15.58,14.9,15.5,10894500,LPB
2024-04-17 07:00:00,15.7,16.02,15.26,16.02,15295600,LPB
2024-04-19 07:00:00,15.62,16.02,14.9,16.02,14674500,LPB
2024-04-22 07:00:00,16.02,16.22,15.7,16.18,8188000,LPB
2024-04-23 07:00:00,16.22,16.42,16.06,16.34,7827600,LPB
2024-04-24 07:00:00,16.42,16.77,16.34,16.77,5692700,LPB
2024-04-25 07:00:00,16.89,16.93,16.42,16.57,4989000,LPB
2024-04-26 07:00:00,16.57,16.65,15.9,16.65,5816400,LPB
2024-05-02 07:00:00,16.65,16.73,16.34,16.34,2186800,LPB
2024-05-03 07:00:00,16.26,16.57,15.94,16.1,3565900,LPB
2024-05-06 07:00:00,16.1,16.38,16.1,16.18,3203400,LPB
2024-05-07 07:00:00,16.22,16.61,16.1,16.26,3628200,LPB
2024-05-08 07:00:00,16.26,16.65,16.18,16.18,3564200,LPB
2024-05-09 07:00:00,16.34,16.34,15.86,15.94,3583700,LPB
2024-05-10 07:00:00,15.94,16.18,15.94,16.02,1999300,LPB
2024-05-13 07:00:00,16.06,16.06,15.82,15.86,3085900,LPB
2024-05-14 07:00:00,15.9,16.06,15.82,16.02,2948200,LPB
2024-05-15 07:00:00,16.02,16.69,16.02,16.42,11540600,LPB
2024-05-16 07:00:00,16.69,17.53,16.53,17.53,12589000,LPB
2024-05-17 07:00:00,17.77,18.57,17.69,18.49,9831400,LPB
2024-05-20 07:00:00,18.73,18.97,18.17,18.33,7088100,LPB
2024-05-21 07:00:00,18.49,18.49,18.01,18.17,5853100,LPB
2024-05-22 07:00:00,18.25,18.97,18.13,18.53,5269600,LPB
2024-05-23 07:00:00,18.53,18.69,18.25,18.57,2878200,LPB
2024-05-24 07:00:00,18.53,19.08,17.69,18.73,7731900,LPB
2024-05-27 07:00:00,18.49,18.73,18.45,18.69,1744500,LPB
2024-05-28 07:00:00,18.97,19.96,18.77,19.96,14971400,LPB
2024-05-29 07:00:00,20.28,21.04,19.92,20.72,10411600,LPB
2024-05-30 07:00:00,20.48,21.12,20.32,20.76,7075500,LPB
2024-05-31 07:00:00,20.96,20.96,20.44,20.56,4368400,LPB
2024-06-03 07:00:00,20.84,20.88,20.48,20.56,4491300,LPB
2024-06-04 07:00:00,20.68,20.68,20.36,20.56,4072800,LPB
2024-06-05 07:00:00,20.64,20.64,20.04,20.52,7693600,LPB
2024-06-06 07:00:00,20.52,21.36,20.4,20.8,6037900,LPB
2024-06-07 07:00:00,20.92,21.2,20.64,20.84,2024700,LPB
2024-06-10 07:00:00,20.96,21.16,20.76,20.92,3626200,LPB
2024-06-11 07:00:00,21.12,21.12,20.48,20.48,5281000,LPB
2024-06-12 07:00:00,20.48,21.08,20.24,20.8,5438900,LPB
2024-06-13 07:00:00,20.88,21.2,20.8,21.2,3194100,LPB
2024-06-14 07:00:00,21.36,22.19,21.24,21.91,8192100,LPB
2024-06-17 07:00:00,21.99,21.99,21.44,21.67,4132300,LPB
2024-06-18 07:00:00,21.67,21.75,21.28,21.6,3414800,LPB
2024-06-19 07:00:00,21.6,21.63,21.2,21.56,4026800,LPB
2024-06-20 07:00:00,21.6,22.15,21.48,21.56,2612600,LPB
2024-06-21 07:00:00,21.83,22.95,21.6,22.95,12556500,LPB
2024-06-24 07:00:00,23.27,23.35,21.91,22.51,6140700,LPB
2024-06-25 07:00:00,22.31,22.95,22.23,22.59,3506900,LPB
2024-06-26 07:00:00,22.59,23.15,22.55,22.91,4501500,LPB
2024-06-27 07:00:00,22.91,23.11,22.15,22.83,2530900,LPB
2024-06-28 07:00:00,22.79,22.95,21.91,22.47,3930200,LPB
2024-07-01 07:00:00,22.47,22.47,21.99,22.23,3134000,LPB
2024-07-02 07:00:00,22.71,23.67,22.27,23.59,6729700,LPB
2024-07-03 07:00:00,23.83,24.11,23.71,24.07,7639300,LPB
2024-07-04 07:00:00,24.14,24.98,23.83,24.98,4604200,LPB
2024-07-05 07:00:00,24.98,26.3,24.66,25.66,10869300,LPB
2024-07-08 07:00:00,25.82,26.14,25.34,25.7,6030500,LPB
2024-07-09 07:00:00,25.66,25.9,25.22,25.46,5545400,LPB
2024-07-10 07:00:00,25.46,25.46,24.86,24.86,3944700,LPB
2024-07-11 07:00:00,24.86,25.34,24.46,24.9,3430300,LPB
2024-07-12 07:00:00,25.02,25.26,24.62,24.9,4554200,LPB
2024-07-15 07:00:00,25.18,25.3,24.7,25.02,1691400,LPB
2024-07-16 07:00:00,25.26,25.46,24.86,25.18,2866700,LPB
2024-07-17 07:00:00,25.18,25.5,24.46,25.5,7463500,LPB
2024-07-18 07:00:00,25.5,25.5,24.94,25.42,1621400,LPB
2024-07-19 07:00:00,25.5,26.3,25.46,25.66,4686600,LPB
2024-07-22 07:00:00,25.34,25.82,24.42,25.3,9166400,LPB
2024-07-23 07:00:00,25.34,25.74,24.82,25.3,6704800,LPB
2024-07-24 07:00:00,25.1,25.3,24.7,24.86,4341300,LPB
2024-07-25 07:00:00,24.78,24.9,24.22,24.22,3162000,LPB
2024-07-26 07:00:00,24.14,24.14,23.07,23.43,14354300,LPB
2024-07-29 07:00:00,23.27,23.91,23.27,23.75,1260100,LPB
2024-07-30 07:00:00,23.83,23.87,23.23,23.51,1526500,LPB
2024-07-31 07:00:00,23.51,23.51,23.19,23.23,2690200,LPB
2024-08-01 07:00:00,23.35,23.67,22.63,23.11,3876100,LPB
2024-08-02 07:00:00,22.79,23.11,22.43,22.71,3044400,LPB
2024-08-05 07:00:00,23.07,23.07,21.16,21.6,5591000,LPB
2024-08-06 07:00:00,21.75,22.43,21.67,22.19,3565000,LPB
2024-08-07 07:00:00,22.35,22.83,22.35,22.51,1909500,LPB
2024-08-08 07:00:00,22.43,22.63,22.39,22.59,2606500,LPB
2024-08-09 07:00:00,22.95,22.95,22.51,22.63,3075400,LPB
2024-08-12 07:00:00,22.79,22.95,22.55,22.79,1726500,LPB
2024-08-13 07:00:00,22.87,23.35,22.75,22.95,2486100,LPB
2024-08-14 07:00:00,23.11,23.27,22.79,22.95,2101800,LPB
2024-08-15 07:00:00,23.03,23.43,22.87,23.43,4393200,LPB
2024-08-16 07:00:00,23.55,24.58,23.55,24.58,3145300,LPB
2024-08-19 07:00:00,24.66,25.34,24.66,25.1,3900700,LPB
2024-08-20 07:00:00,25.18,25.3,24.86,24.86,3477700,LPB
2024-08-21 07:00:00,24.98,25.18,24.58,25.14,3061600,LPB
2024-08-22 07:00:00,25.02,25.3,24.78,25.26,2156800,LPB
2024-08-23 07:00:00,25.34,25.74,25.02,25.1,2255500,LPB
2024-08-26 07:00:00,25.02,25.26,24.9,25.1,1280100,LPB
2024-08-27 07:00:00,24.94,25.26,24.86,24.94,1081100,LPB
2024-08-28 07:00:00,24.94,25.22,24.82,25.02,2364600,LPB
2024-08-29 07:00:00,25.18,25.7,25.1,25.1,4971000,LPB
2024-08-30 07:00:00,25.22,25.3,24.82,25.02,2132400,LPB
2024-09-04 07:00:00,24.78,25.02,24.58,24.58,2077200,LPB
2024-09-05 07:00:00,24.66,24.86,24.18,24.54,2612800,LPB
2024-09-06 07:00:00,24.5,24.86,24.5,24.74,1334100,LPB
2024-09-09 07:00:00,24.82,24.82,24.54,24.54,701800,LPB
2024-09-10 07:00:00,24.62,24.86,24.46,24.66,1280200,LPB
2024-09-11 07:00:00,24.66,24.7,24.38,24.54,898200,LPB
2024-09-12 07:00:00,24.7,24.74,24.46,24.46,813700,LPB
2024-09-13 07:00:00,24.46,24.62,24.26,24.26,674100,LPB
2024-09-16 07:00:00,24.26,24.54,24.07,24.07,1228900,LPB
2024-09-17 07:00:00,24.07,24.46,24.07,24.46,1003300,LPB
2024-09-18 07:00:00,24.62,24.62,24.26,24.38,1686600,LPB
2024-09-19 07:00:00,24.38,24.58,24.26,24.46,943700,LPB
2024-09-20 07:00:00,24.7,25.06,24.62,24.86,4279500,LPB
2024-09-23 07:00:00,24.9,25.26,24.82,25.02,2526600,LPB
2024-09-24 07:00:00,25.02,25.26,24.86,25.26,1877000,LPB
2024-09-25 07:00:00,25.58,25.58,25.22,25.34,4189000,LPB
2024-09-26 07:00:00,25.5,25.74,25.3,25.58,4217000,LPB
2024-09-27 07:00:00,25.58,25.94,25.34,25.66,3670700,LPB
2024-09-30 07:00:00,25.7,25.78,25.3,25.46,2209100,LPB
2024-10-01 07:00:00,25.46,25.5,25.14,25.26,3925300,LPB
2024-10-02 07:00:00,25.26,25.34,25.06,25.06,1390800,LPB
2024-10-03 07:00:00,25.06,25.46,24.9,24.98,2302700,LPB
2024-10-04 07:00:00,24.94,25.1,24.74,25.1,2570800,LPB
2024-10-07 07:00:00,25.38,25.5,25.22,25.3,1343600,LPB
2024-10-08 07:00:00,25.34,26.93,25.34,26.54,15963300,LPB
2024-10-09 07:00:00,26.69,26.85,26.58,26.77,1803200,LPB
2024-10-10 07:00:00,26.93,27.29,26.46,26.54,4578700,LPB
2024-10-11 07:00:00,26.54,26.69,26.14,26.18,2062500,LPB
2024-10-14 07:00:00,26.26,26.34,25.78,25.86,3360900,LPB
2024-10-15 07:00:00,25.94,26.1,25.66,25.66,1866600,LPB
2024-10-16 07:00:00,25.54,25.7,25.3,25.3,2761000,LPB
2024-10-17 07:00:00,25.34,25.58,25.26,25.58,1396800,LPB
2024-10-18 07:00:00,25.78,26.1,25.58,25.78,1689300,LPB
2024-10-21 07:00:00,25.82,25.9,25.58,25.66,1460600,LPB
2024-10-22 07:00:00,25.66,25.7,24.94,25.26,4138700,LPB
2024-10-23 07:00:00,25.38,25.5,25.18,25.38,1583600,LPB
2024-10-24 07:00:00,25.54,25.74,25.34,25.34,1328800,LPB
2024-10-25 07:00:00,25.42,25.62,25.26,25.58,1119700,LPB
2024-10-28 07:00:00,25.74,25.82,25.5,25.66,922700,LPB
2024-10-29 07:00:00,25.7,25.78,25.66,25.74,785900,LPB
2024-10-30 07:00:00,25.82,26.1,25.78,25.94,1329200,LPB
2024-10-31 07:00:00,25.98,26.26,25.9,26.26,1350900,LPB
2024-11-01 07:00:00,26.26,26.3,26.06,26.14,1565300,LPB
2024-11-04 07:00:00,26.14,26.3,25.74,25.78,1169100,LPB
2024-11-05 07:00:00,25.86,26.18,25.82,25.82,1232900,LPB
2024-11-06 07:00:00,26.14,26.14,25.78,25.94,492100,LPB
2024-11-07 07:00:00,25.94,26.14,25.9,25.98,884400,LPB
2024-11-08 07:00:00,26.02,26.02,25.58,25.66,1474500,LPB
2024-11-11 07:00:00,25.66,25.7,25.26,25.3,1546600,LPB
2024-11-12 07:00:00,25.5,25.7,25.14,25.26,1121400,LPB
2024-11-13 07:00:00,25.3,25.42,25.02,25.34,1166000,LPB
2024-11-14 07:00:00,25.46,25.5,24.98,25.02,957600,LPB
2024-11-15 07:00:00,25.02,25.14,24.66,25.06,1814200,LPB
2024-11-18 07:00:00,25.1,25.42,24.82,25.06,1491400,LPB
2024-11-19 07:00:00,25.06,25.18,24.86,24.94,595300,LPB
2024-11-20 07:00:00,25.02,25.18,24.78,25.14,1128800,LPB
2024-11-21 07:00:00,25.18,25.26,25.06,25.26,620300,LPB
2024-11-22 07:00:00,25.3,25.42,25.22,25.38,767600,LPB
2024-11-25 07:00:00,25.42,25.42,25.3,25.38,313300,LPB
2024-11-26 07:00:00,25.42,25.46,25.3,25.42,792400,LPB
2024-11-27 07:00:00,25.46,25.9,25.42,25.74,1136800,LPB
2024-11-28 07:00:00,25.9,26.1,25.5,25.5,1803500,LPB
2024-11-29 07:00:00,25.54,25.9,25.54,25.7,895400,LPB
2024-12-02 07:00:00,25.78,26.77,25.78,26.5,6919600,LPB
2024-12-03 07:00:00,26.58,27.25,26.58,27.05,4697500,LPB
2024-12-04 07:00:00,27.09,27.45,26.54,26.66,3124300,LPB
2024-12-05 07:00:00,26.73,27.13,26.66,26.85,2377800,LPB
2024-12-06 07:00:00,27.09,27.57,26.85,27.29,2742500,LPB
2024-12-09 07:00:00,27.49,27.57,27.13,27.21,1615200,LPB
2024-12-10 07:00:00,27.25,27.41,27.13,27.13,1092300,LPB
2024-12-11 07:00:00,27.17,27.41,26.73,26.77,1869200,LPB
2024-12-12 07:00:00,26.81,26.89,26.38,26.38,2414300,LPB
2024-12-13 07:00:00,26.46,26.66,26.22,26.42,1281200,LPB
2024-12-16 07:00:00,26.58,26.73,26.34,26.42,884000,LPB
2024-12-17 07:00:00,26.5,26.54,26.26,26.5,1036300,LPB
2024-12-18 07:00:00,26.54,26.93,26.54,26.85,2076900,LPB
2024-12-19 07:00:00,26.85,26.89,26.34,26.62,1533700,LPB
2024-12-20 07:00:00,26.62,26.73,26.34,26.62,971400,LPB
2024-12-23 07:00:00,26.77,26.81,26.5,26.69,1034700,LPB
2024-12-24 07:00:00,26.73,26.77,26.38,26.73,1254400,LPB
2024-12-25 07:00:00,26.77,27.57,26.73,27.29,4652700,LPB
2024-12-26 07:00:00,27.41,27.45,27.01,27.01,2059900,LPB
2024-12-27 07:00:00,27.29,28.88,27.2,28.88,9363500,LPB
2024-12-30 07:00:00,29.16,29.62,28.92,29.39,3349400,LPB
2024-12-31 07:00:00,29.39,29.48,29.06,29.11,2470600,LPB
2025-01-02 07:00:00,29.25,29.25,28.74,29.11,2568300,LPB
2025-01-03 07:00:00,29.16,29.16,28.22,28.32,4896600,LPB
2025-01-06 07:00:00,28.36,28.6,27.95,28.22,2190400,LPB
2025-01-07 07:00:00,28.27,28.88,28.18,28.6,1883800,LPB
2025-01-08 07:00:00,28.64,28.88,28.41,28.78,904600,LPB
2025-01-09 07:00:00,28.83,28.88,28.46,28.5,1024700,LPB
2025-01-10 07:00:00,28.55,28.55,27.99,28.13,1885900,LPB
2025-01-13 07:00:00,28.13,28.6,27.67,28.6,2608200,LPB
2025-01-14 07:00:00,28.6,29.2,28.6,28.74,1098100,LPB
2025-01-15 07:00:00,28.92,29.02,28.64,28.88,1015700,LPB
2025-01-16 07:00:00,29.06,29.62,29.02,29.3,1235200,LPB
2025-01-17 07:00:00,29.34,29.81,29.16,29.72,1839700,LPB
2025-01-20 07:00:00,29.72,29.99,29.48,29.48,1248700,LPB
2025-01-21 07:00:00,29.53,29.9,29.53,29.67,2017400,LPB
2025-01-22 07:00:00,29.76,31.16,29.76,31.11,6970600,LPB
2025-01-23 07:00:00,31.3,33.16,31.3,32.88,5486300,LPB
2025-01-24 07:00:00,32.93,33.63,32.84,33.39,14663700,LPB
2025-02-03 07:00:00,33.39,33.39,32.46,32.7,4007000,LPB
2025-02-04 07:00:00,33.35,33.35,32.28,32.7,2681400,LPB
2025-02-05 07:00:00,32.88,33.63,32.79,33.44,5870000,LPB
2025-02-06 07:00:00,33.53,34.23,33.44,34.0,3449500,LPB
2025-02-07 07:00:00,34.0,34.47,33.72,34.0,2457100,LPB
2025-02-10 07:00:00,33.91,34.28,33.49,34.05,2445900,LPB
2025-02-11 07:00:00,34.05,34.51,33.91,34.47,2458800,LPB
2025-02-12 07:00:00,34.51,35.3,34.51,34.79,2734300,LPB
2025-02-13 07:00:00,34.79,35.26,34.51,35.12,2520700,LPB
2025-02-14 07:00:00,35.68,35.68,34.65,34.93,2767900,LPB
2025-02-17 07:00:00,34.93,35.02,34.56,34.7,1586800,LPB
2025-02-18 07:00:00,34.88,34.88,34.0,34.09,3459500,LPB
2025-02-19 07:00:00,34.14,34.47,33.81,34.19,3508600,LPB
2025-02-20 07:00:00,34.19,34.47,33.77,33.81,3887500,LPB
2025-02-21 07:00:00,33.91,34.23,33.81,33.91,1524600,LPB
2025-02-24 07:00:00,33.86,34.42,33.67,34.28,4039400,LPB
2025-02-25 07:00:00,34.37,34.7,34.28,34.33,3525600,LPB
2025-02-26 07:00:00,34.56,34.65,34.09,34.37,2228700,LPB
2025-02-27 07:00:00,34.37,34.37,33.81,34.23,2381500,LPB
2025-02-28 07:00:00,34.14,34.19,33.58,33.67,2994600,LPB
2025-03-03 07:00:00,33.77,33.77,33.16,33.44,3778400,LPB
2025-03-04 07:00:00,33.3,33.35,32.74,33.07,5102600,LPB
2025-03-05 07:00:00,33.07,34.09,33.07,33.35,2318400,LPB
2025-03-06 07:00:00,33.58,33.58,33.07,33.12,1826200,LPB
2025-03-07 07:00:00,33.07,33.49,32.98,32.98,3123200,LPB
2025-03-10 07:00:00,32.98,33.39,32.42,32.42,4061000,LPB
2025-03-11 07:00:00,32.28,32.51,31.76,32.28,3771200,LPB
2025-03-12 07:00:00,32.28,32.93,31.9,32.88,2715700,LPB
2025-03-13 07:00:00,32.88,33.02,32.51,32.88,2545000,LPB
2025-03-14 07:00:00,32.98,32.98,32.56,32.56,1433200,LPB
2025-03-17 07:00:00,32.56,32.6,32.09,32.32,2029600,LPB
2025-03-18 07:00:00,32.32,33.39,32.04,32.98,5124100,LPB
2025-03-19 07:00:00,32.98,33.81,32.98,33.49,6285000,LPB
2025-03-20 07:00:00,33.72,33.72,33.12,33.12,2563200,LPB
2025-03-21 07:00:00,33.12,33.12,32.42,32.42,2543500,LPB
2025-03-24 07:00:00,32.42,32.42,31.39,31.81,8068400,LPB
2025-03-25 07:00:00,31.81,32.0,31.48,31.67,2530300,LPB
2025-03-26 07:00:00,31.67,31.81,31.16,31.16,2578800,LPB
2025-03-27 07:00:00,31.3,31.3,30.74,30.74,1950300,LPB
2025-03-28 07:00:00,30.74,31.21,30.74,31.16,1418900,LPB
2025-03-31 07:00:00,31.16,31.16,30.55,30.97,2412800,LPB
2025-04-01 07:00:00,30.97,31.21,30.93,31.11,1106200,LPB
2025-04-02 07:00:00,31.21,31.3,30.83,30.83,1852800,LPB
2025-04-03 07:00:00,30.65,30.65,28.69,28.69,6201700,LPB
2025-04-04 07:00:00,27.01,30.69,27.01,30.69,9431700,LPB
2025-04-08 07:00:00,30.69,30.69,28.55,29.06,3769900,LPB
2025-04-09 07:00:00,28.32,30.27,27.95,29.34,5332500,LPB
2025-04-10 07:00:00,31.39,31.39,31.39,31.39,473200,LPB
2025-04-11 07:00:00,29.81,31.9,29.81,31.86,7069100,LPB
2025-04-14 07:00:00,31.58,31.67,31.39,31.53,2160100,LPB
2025-04-15 07:00:00,31.3,31.58,30.32,30.88,3977800,LPB
2025-04-16 07:00:00,30.74,31.16,30.41,30.41,1645400,LPB
2025-04-17 07:00:00,30.74,32.14,30.51,31.3,4118900,LPB
2025-04-18 07:00:00,31.48,32.18,31.35,31.58,4142800,LPB
2025-04-21 07:00:00,31.62,31.62,30.74,30.79,2596300,LPB
2025-04-22 07:00:00,30.69,31.07,28.64,30.97,4879700,LPB
2025-04-23 07:00:00,31.11,31.48,31.02,31.02,2718000,LPB
2025-04-24 07:00:00,30.93,31.16,30.74,30.74,2141600,LPB
2025-04-25 07:00:00,30.55,30.88,29.85,30.09,6340700,LPB
2025-04-28 07:00:00,30.65,30.65,29.9,30.55,1555900,LPB
2025-04-29 07:00:00,30.55,30.97,30.32,30.32,1143500,LPB
2025-05-05 07:00:00,30.27,30.51,29.81,29.95,1494900,LPB
2025-05-06 07:00:00,30.09,30.23,29.58,29.58,2701400,LPB
2025-05-07 07:00:00,29.67,30.13,29.53,29.99,2001400,LPB
2025-05-08 07:00:00,30.51,31.3,30.51,30.79,3861900,LPB
2025-05-09 07:00:00,31.21,32.88,31.02,32.14,4973300,LPB
2025-05-12 07:00:00,32.6,32.79,32.37,32.42,4178600,LPB
2025-05-13 07:00:00,32.6,32.65,32.14,32.37,3062200,LPB
2025-05-14 07:00:00,32.56,33.25,32.42,33.25,4470300,LPB
2025-05-15 07:00:00,33.35,34.51,33.35,34.51,8884600,LPB
2025-05-16 07:00:00,34.51,35.07,34.0,34.0,4560600,LPB
2025-05-19 07:00:00,34.0,34.0,32.65,32.7,5468700,LPB
2025-05-20 07:00:00,32.65,33.0,32.1,32.95,3562200,LPB
2025-05-21 07:00:00,33.0,33.5,32.5,32.55,2430600,LPB
2025-05-22 07:00:00,32.6,32.6,31.85,31.9,3093600,LPB
2025-05-23 07:00:00,31.95,32.15,31.85,31.95,1550700,LPB
2025-05-26 07:00:00,32.1,32.65,31.3,32.5,2528700,LPB
2025-05-27 07:00:00,32.6,32.6,32.1,32.2,1920400,LPB
2025-05-28 07:00:00,32.4,32.4,31.9,31.95,2135500,LPB
2025-05-29 07:00:00,32.1,32.3,31.95,32.0,1463400,LPB
2025-05-30 07:00:00,32.1,32.15,31.6,31.8,1471900,LPB
2025-06-02 07:00:00,31.8,32.05,31.4,32.0,2160000,LPB
2025-06-03 07:00:00,32.3,32.3,31.95,32.0,1855500,LPB
2025-06-04 07:00:00,32.05,32.2,31.75,31.75,1580200,LPB
2025-06-05 07:00:00,31.9,31.9,31.6,31.8,1357500,LPB
2025-06-06 07:00:00,31.8,31.85,31.2,31.2,2400100,LPB
2025-06-09 07:00:00,31.2,31.5,30.7,31.25,1903600,LPB
2025-06-10 07:00:00,31.5,32.2,31.3,31.45,2437300,LPB
2025-06-11 07:00:00,31.5,31.7,31.4,31.45,952800,LPB
2025-06-12 07:00:00,31.9,32.0,31.5,31.65,1431600,LPB
2025-06-13 07:00:00,31.6,32.05,31.4,31.6,3082200,LPB
2025-06-16 07:00:00,31.7,31.95,31.55,31.65,1818200,LPB
2025-06-17 07:00:00,31.95,32.5,31.8,32.35,4079500,LPB
2025-06-18 07:00:00,32.5,32.5,31.9,31.95,1946800,LPB
2025-06-19 07:00:00,32.0,32.5,31.8,32.4,2732400,LPB
2025-06-20 07:00:00,32.55,32.55,31.9,31.9,2055100,LPB
2025-06-23 07:00:00,31.9,31.9,31.35,31.6,2182600,LPB
2025-06-24 07:00:00,31.8,32.05,31.7,31.8,1406600,LPB
2025-06-25 07:00:00,32.0,32.3,31.6,31.8,1439900,LPB
2025-06-26 07:00:00,31.8,32.0,31.5,31.8,1075600,LPB
2025-06-27 07:00:00,31.9,32.05,31.65,31.95,1847400,LPB
2025-06-30 07:00:00,32.05,32.4,31.95,32.25,2645800,LPB
2025-07-01 07:00:00,32.35,32.4,32.05,32.15,1360000,LPB
2025-07-02 07:00:00,32.2,32.55,32.15,32.35,2017300,LPB
2025-07-03 07:00:00,32.4,32.5,32.2,32.5,2820600,LPB
2025-07-04 07:00:00,32.65,33.15,32.5,32.75,3006600,LPB
2025-07-07 07:00:00,32.9,33.5,32.75,33.5,5348000,LPB
2025-07-08 07:00:00,33.65,34.0,33.25,33.7,2506300,LPB
2025-07-09 07:00:00,33.85,34.2,33.05,33.15,3840600,LPB
2025-07-10 07:00:00,33.25,33.3,33.0,33.3,2842500,LPB
2025-07-11 07:00:00,33.35,33.5,32.95,33.0,2291500,LPB
2025-07-14 07:00:00,33.1,33.2,32.65,32.85,1952700,LPB
2025-07-15 07:00:00,32.95,33.85,32.85,33.5,5349400,LPB
2025-07-16 07:00:00,33.65,34.15,33.55,33.8,2823300,LPB
2025-07-17 07:00:00,33.95,34.0,33.65,33.65,3911000,LPB
2025-07-18 07:00:00,33.7,34.85,33.4,34.6,4707200,LPB
2025-07-21 07:00:00,35.0,36.0,34.7,35.5,4420200,LPB
2025-07-22 07:00:00,35.6,35.9,35.05,35.9,2666600,LPB
2025-07-23 07:00:00,35.95,36.0,35.25,35.25,3733400,LPB
2025-07-24 07:00:00,35.3,36.0,35.1,35.5,2519900,LPB
2025-07-25 07:00:00,35.5,35.7,35.2,35.25,3406100,LPB
2025-07-28 07:00:00,35.4,36.6,35.2,36.55,7287700,LPB
2025-07-29 07:00:00,36.65,36.75,34.3,34.3,6251200,LPB
2025-07-30 07:00:00,34.3,35.0,33.8,34.2,3585800,LPB
2025-07-31 07:00:00,34.3,34.5,33.35,34.2,4565500,LPB
2025-08-01 07:00:00,34.25,34.5,33.45,34.5,2853500,LPB
2025-08-04 07:00:00,34.45,34.85,33.8,34.7,3117800,LPB
2025-08-05 07:00:00,34.7,36.55,34.7,35.3,9497400,LPB
2025-08-06 07:00:00,35.5,36.1,35.5,36.1,4087700,LPB
2025-08-07 07:00:00,36.5,36.5,35.25,35.8,4516800,LPB
2025-08-08 07:00:00,35.8,35.85,35.0,35.4,3352400,LPB
2025-08-11 07:00:00,35.5,35.8,35.1,35.8,3493100,LPB
2025-08-12 07:00:00,35.85,38.05,35.45,38.05,9518700,LPB
2025-08-13 07:00:00,38.5,40.2,38.5,39.2,10589000,LPB
2025-08-14 07:00:00,39.85,40.55,39.6,40.2,7635400,LPB
2025-08-15 07:00:00,40.75,40.75,38.6,39.0,6175200,LPB
2025-08-18 07:00:00,39.2,40.3,38.95,40.1,4075200,LPB
2025-08-19 07:00:00,40.45,42.85,40.2,42.8,4876400,LPB
2025-08-20 07:00:00,42.9,45.75,41.0,45.75,7121900,LPB
2025-08-21 07:00:00,48.0,48.95,46.6,48.4,6751000,LPB
2025-08-22 07:00:00,48.0,48.4,45.6,47.0,6680100,LPB
2025-08-25 07:00:00,47.05,47.45,45.0,45.0,5165100,LPB
2025-08-26 07:00:00,45.2,45.65,43.8,45.5,4223100,LPB
2025-08-27 07:00:00,46.0,46.0,43.8,43.8,4317800,LPB
2025-08-28 07:00:00,43.9,45.0,43.2,44.85,2515800,LPB
2025-08-29 07:00:00,44.85,45.7,44.25,45.0,3254600,LPB
2025-09-03 07:00:00,44.95,45.6,44.0,44.7,2034200,LPB
2025-09-04 07:00:00,45.0,46.1,44.6,45.65,2871500,LPB
2025-09-05 07:00:00,45.75,46.15,44.45,44.45,3358400,LPB
2025-09-08 07:00:00,44.4,44.6,42.8,42.8,3480500,LPB
2025-09-09 07:00:00,42.85,43.6,41.55,42.3,2727100,LPB
2025-09-10 07:00:00,42.15,42.6,41.25,41.95,2455700,LPB
2025-09-11 07:00:00,42.0,44.65,40.4,44.0,3995200,LPB
2025-09-12 07:00:00,44.1,44.35,43.2,44.1,2584600,LPB
2025-09-15 07:00:00,44.3,44.75,43.55,44.55,2116100,LPB
2025-09-16 07:00:00,44.7,45.15,44.0,44.9,2769000,LPB
2025-09-17 07:00:00,45.45,45.5,44.5,45.3,2594400,LPB
2025-09-18 07:00:00,45.3,45.85,45.05,45.4,3114400,LPB
2025-09-19 07:00:00,45.7,47.15,45.1,46.5,3195400,LPB
2025-09-22 07:00:00,46.55,47.5,46.0,46.5,2191000,LPB
2025-09-23 07:00:00,46.7,47.0,45.55,46.55,1684200,LPB
2025-09-24 07:00:00,46.7,47.5,46.0,47.45,1732800,LPB
2025-09-25 07:00:00,47.55,48.75,47.45,47.95,2442300,LPB
2025-09-26 07:00:00,48.05,48.7,47.95,48.05,1647600,LPB
2025-09-29 07:00:00,48.1,48.5,47.35,47.8,2004000,LPB
2025-09-30 07:00:00,47.95,49.7,47.65,49.5,3496200,LPB
2025-10-01 07:00:00,49.7,51.3,49.7,51.0,3962900,LPB
2025-10-02 07:00:00,51.3,52.9,51.1,51.6,3811600,LPB
2025-10-03 07:00:00,51.8,52.8,51.4,52.5,2545000,LPB
2025-10-06 07:00:00,53.0,53.5,50.7,51.8,4098500,LPB
2025-10-07 07:00:00,51.9,53.7,51.7,52.6,2548500,LPB
2025-10-08 07:00:00,53.0,54.7,52.0,52.0,3028700,LPB
2025-10-09 07:00:00,52.0,52.5,50.9,51.2,4284400,LPB
2025-10-10 07:00:00,51.2,52.2,50.8,51.6,4036000,LPB
2025-10-13 07:00:00,51.8,52.5,50.5,52.5,4020100,LPB
2025-10-14 07:00:00,52.9,53.3,51.5,51.5,2627000,LPB
2025-10-15 07:00:00,51.9,53.3,51.6,51.6,3443300,LPB
2025-10-16 07:00:00,52.0,52.5,50.6,51.3,3265000,LPB
2025-10-17 07:00:00,51.5,51.7,49.5,49.5,3489500,LPB
2025-10-20 07:00:00,49.7,50.8,47.5,47.5,2570500,LPB
2025-10-21 07:00:00,49.6,50.8,48.5,49.0,3509700,LPB
2025-10-22 07:00:00,49.8,50.8,48.1,49.9,2643200,LPB
2025-10-23 07:00:00,50.4,52.5,49.7,51.3,2801700,LPB
2025-10-24 07:00:00,51.4,53.2,51.1,52.2,3665700,LPB
2025-10-27 07:00:00,52.6,52.7,51.3,51.9,3071500,LPB
2025-10-28 07:00:00,52.0,53.4,51.9,52.8,3276000,LPB
2025-10-29 07:00:00,53.0,54.4,52.7,53.9,2203100,LPB
2025-10-30 07:00:00,54.0,54.1,51.2,52.0,4308800,LPB
2025-10-31 07:00:00,52.3,53.7,50.7,50.7,2448400,LPB
2025-11-03 07:00:00,50.9,52.5,50.2,50.7,2241800,LPB
2025-11-04 07:00:00,51.1,52.5,51.0,51.7,3025200,LPB
2025-11-05 07:00:00,51.7,52.2,51.0,51.5,1657400,LPB
2025-11-06 07:00:00,51.7,52.4,50.7,51.5,2073400,LPB
2025-11-07 07:00:00,51.5,52.1,49.3,49.3,2728100,LPB
2025-11-10 07:00:00,50.1,50.9,48.3,48.3,1794100,LPB
2025-11-11 07:00:00,48.5,49.05,47.4,47.5,2356200,LPB
2025-11-12 07:00:00,47.75,48.85,47.35,48.65,1475300,LPB
2025-11-13 07:00:00,48.7,49.1,48.0,48.9,1362300,LPB
2025-11-14 07:00:00,49.0,49.9,48.6,49.9,1193800,LPB
2025-11-17 07:00:00,50.6,50.6,49.3,50.2,947600,LPB
2025-11-18 07:00:00,50.4,50.5,48.95,49.55,1390600,LPB
2025-11-19 07:00:00,49.6,49.65,48.55,49.5,1316500,LPB
2025-11-20 07:00:00,49.7,50.2,49.3,49.3,2164700,LPB
2025-11-21 07:00:00,49.3,49.7,48.5,48.55,1076000,LPB
2025-11-24 07:00:00,48.7,49.5,48.55,48.55,1211300,LPB
2025-11-25 07:00:00,48.6,49.3,48.5,49.0,1401600,LPB
2025-11-26 07:00:00,49.15,50.0,49.15,49.6,1572800,LPB
2025-11-27 07:00:00,49.75,50.2,49.2,49.3,1173300,LPB
2025-11-28 07:00:00,49.5,50.7,48.2,48.6,1434700,LPB
2025-12-01 07:00:00,48.8,49.0,47.9,47.9,798600,LPB
2025-12-02 07:00:00,48.1,48.5,47.3,47.5,1242000,LPB
2025-12-03 07:00:00,48.0,49.0,48.0,48.6,1490800,LPB
2025-12-04 07:00:00,48.85,50.0,48.85,49.5,1140300,LPB
2025-12-05 07:00:00,49.65,49.65,48.1,48.1,1083400,LPB
2025-12-08 07:00:00,48.1,48.55,46.05,46.3,2989700,LPB
2025-12-09 07:00:00,46.4,46.4,43.6,44.0,4632400,LPB
2025-12-10 07:00:00,44.65,44.75,43.8,44.2,1452300,LPB
2025-12-11 07:00:00,44.5,45.5,44.25,44.5,1245100,LPB
2025-12-12 07:00:00,44.75,44.85,43.2,44.2,1570300,LPB
2025-12-15 07:00:00,44.35,44.35,42.5,42.8,1403500,LPB
2025-12-16 07:00:00,43.0,44.5,42.75,44.45,2136800,LPB
2025-12-17 07:00:00,44.7,44.8,43.3,44.0,854400,LPB
2025-12-18 07:00:00,44.2,44.2,42.85,43.8,1671400,LPB
2025-12-19 07:00:00,44.0,46.8,43.5,43.5,1371800,LPB
2025-12-22 07:00:00,43.8,44.45,43.2,44.0,2655200,LPB
2025-12-23 07:00:00,44.25,44.25,41.25,41.8,12622600,LPB
2025-12-24 07:00:00,42.0,43.85,42.0,42.8,2615700,LPB
2025-12-25 07:00:00,43.0,43.3,42.0,42.0,2288000,LPB
2025-12-26 07:00:00,42.1,42.5,41.5,41.5,2093000,LPB
2025-12-29 07:00:00,41.5,42.15,41.45,41.8,1171100,LPB
2025-12-30 07:00:00,41.95,41.95,41.6,41.9,817300,LPB
2025-12-31 07:00:00,42.05,42.05,41.45,41.8,2465100,LPB
2026-01-05 07:00:00,42.0,42.3,39.9,40.5,4157300,LPB
2026-01-06 07:00:00,40.7,41.85,40.55,41.7,4415000,LPB
2026-01-07 07:00:00,41.9,42.5,41.65,42.1,1271400,LPB
2026-01-08 07:00:00,42.2,42.3,41.4,42.0,1923900,LPB
2026-01-09 07:00:00,42.1,42.5,40.95,41.2,2099000,LPB
2026-01-12 07:00:00,41.4,42.45,41.3,42.4,2299400,LPB
2026-01-13 07:00:00,42.8,42.8,41.3,41.9,2377800,LPB
2026-01-14 07:00:00,42.1,42.2,41.25,41.7,1518900,LPB
2026-01-15 07:00:00,41.85,42.1,41.0,41.5,1812900,LPB
2026-01-16 07:00:00,41.6,42.15,41.2,41.75,1930100,LPB
2026-01-19 07:00:00,41.9,42.1,41.35,41.55,863600,LPB
2026-01-20 07:00:00,41.7,43.25,41.35,42.35,2707000,LPB
2026-01-21 07:00:00,42.5,45.0,42.5,42.95,3086500,LPB
2026-01-22 07:00:00,42.95,44.0,42.9,43.3,2487900,LPB
2026-01-23 07:00:00,43.9,43.9,41.9,42.4,1914200,LPB
2026-01-26 07:00:00,42.6,43.3,41.5,41.9,1421000,LPB
2026-01-27 07:00:00,42.0,42.55,41.9,42.0,1433100,LPB
2026-01-28 07:00:00,42.2,42.5,41.75,42.0,992500,LPB
2026-01-29 07:00:00,42.15,42.45,41.5,41.7,801400,LPB
2026-01-30 07:00:00,41.9,42.6,41.5,41.65,1478700,LPB
2026-02-02 07:00:00,41.5,42.2,40.75,42.0,1414600,LPB
2026-02-03 07:00:00,42.2,42.35,41.5,41.55,1040300,LPB
2026-02-04 07:00:00,41.7,42.2,41.7,42.2,1567200,LPB
2026-02-05 07:00:00,42.8,42.8,41.0,41.0,1331700,LPB
2026-02-06 07:00:00,41.1,41.9,40.4,41.9,1869700,LPB
2026-02-09 07:00:00,42.05,42.3,41.7,41.85,817400,LPB
2026-02-10 07:00:00,42.0,42.15,41.3,41.8,1588400,LPB
2026-02-11 07:00:00,41.95,42.25,41.65,42.05,1276800,LPB
2026-02-12 07:00:00,42.2,42.2,41.65,41.85,458300,LPB
2026-02-13 07:00:00,41.95,42.7,41.05,42.05,2457800,LPB
2026-02-23 07:00:00,42.85,42.85,42.35,42.55,722700,LPB
2026-02-24 07:00:00,42.6,42.95,42.1,42.6,1326400,LPB
2026-02-25 07:00:00,42.65,42.85,42.05,42.3,1826400,LPB
2026-02-26 07:00:00,42.55,43.75,42.2,43.15,3105500,LPB
2026-02-27 07:00:00,43.5,44.3,42.75,43.05,1473700,LPB
2026-03-02 07:00:00,42.95,43.0,41.9,41.9,1500700,LPB
2026-03-03 07:00:00,42.7,42.7,41.5,42.4,1332600,LPB
2026-03-04 07:00:00,42.4,43.1,41.5,43.1,2091600,LPB
2026-03-05 07:00:00,43.5,43.5,42.0,42.85,1933300,LPB
2026-03-06 07:00:00,42.9,42.9,41.85,42.25,1469300,LPB
2026-03-09 07:00:00,42.0,42.05,39.5,40.35,1982400,LPB
2026-03-10 07:00:00,40.9,41.4,39.5,40.6,2403800,LPB
2026-03-11 07:00:00,40.55,41.8,39.8,41.7,2275300,LPB
2026-03-12 07:00:00,41.5,41.6,40.6,41.1,2167300,LPB
2026-03-13 07:00:00,41.1,41.8,40.9,41.5,1678600,LPB
2026-03-16 07:00:00,41.6,42.0,40.9,42.0,1219100,LPB
2026-03-17 07:00:00,42.3,44.1,42.2,43.35,3410600,LPB
2026-03-18 07:00:00,43.75,44.5,43.3,43.65,2196800,LPB
2026-03-19 07:00:00,43.65,43.9,41.5,43.9,4447600,LPB
2026-03-20 07:00:00,43.9,44.0,41.05,41.1,1920100,LPB
2026-03-23 07:00:00,41.1,42.55,40.95,41.15,745300,LPB
2026-03-24 07:00:00,41.3,41.95,40.95,41.9,1020400,LPB
2026-03-25 07:00:00,42.0,42.3,41.45,41.8,953700,LPB
2026-03-26 07:00:00,41.9,42.0,41.45,41.8,636800,LPB
2026-03-27 07:00:00,41.8,42.2,41.7,41.8,1152800,LPB
2026-03-30 07:00:00,41.8,42.1,41.2,41.95,1047100,LPB
2026-03-31 07:00:00,42.05,42.35,41.5,41.9,1068300,LPB
2026-04-01 07:00:00,42.3,42.7,41.95,42.4,1737100,LPB
2026-04-02 07:00:00,42.6,42.6,41.45,41.8,995000,LPB
2026-04-03 07:00:00,41.8,43.5,41.8,43.1,2029400,LPB
2026-04-06 07:00:00,43.5,46.1,43.35,46.1,4021800,LPB
2026-04-07 07:00:00,46.6,48.55,46.4,48.0,3622800,LPB
2026-04-08 07:00:00,49.0,50.0,47.45,47.5,1739200,LPB
2026-04-09 07:00:00,47.6,49.4,47.25,48.0,1644100,LPB
2026-04-10 07:00:00,49.35,49.85,48.0,49.3,2186400,LPB
2026-04-13 07:00:00,49.4,50.1,47.85,47.95,1836000,LPB
2026-04-14 07:00:00,48.5,49.85,48.0,48.0,1889000,LPB
2026-04-15 07:00:00,48.6,48.7,47.7,47.7,985700,LPB
2026-04-16 07:00:00,47.95,47.95,47.05,47.3,814900,LPB
2026-04-17 07:00:00,47.9,47.9,46.0,46.0,1228900,LPB
2026-04-20 07:00:00,46.7,47.8,46.0,46.0,1073800,LPB
2026-04-21 07:00:00,46.55,48.8,46.2,47.05,1904500,LPB
2026-04-22 07:00:00,47.35,47.35,46.15,47.0,1627100,LPB
2026-04-23 07:00:00,47.25,47.4,46.45,46.5,1123000,LPB
2026-04-24 07:00:00,47.0,47.0,45.8,46.3,586300,LPB
2026-04-28 07:00:00,46.3,46.8,45.15,45.6,952100,LPB
2026-04-29 07:00:00,45.6,47.45,45.3,47.3,1345800,LPB
2026-05-04 07:00:00,47.3,47.7,46.4,47.0,813100,LPB
2026-05-05 07:00:00,47.2,48.25,46.9,48.0,415900,LPB
2023-05-08 07:00:00,23.1,23.21,23.06,23.14,624700,SSB
2023-05-09 07:00:00,23.14,23.28,23.03,23.14,666100,SSB
2023-05-10 07:00:00,23.14,23.17,23.03,23.03,449100,SSB
2023-05-11 07:00:00,23.03,23.06,22.88,22.88,520900,SSB
2023-05-12 07:00:00,22.88,22.88,22.66,22.73,544000,SSB
2023-05-15 07:00:00,22.77,22.88,22.59,22.59,487300,SSB
2023-05-16 07:00:00,22.59,22.62,22.26,22.26,511600,SSB
2023-05-17 07:00:00,22.22,22.26,22.04,22.04,559000,SSB
2023-05-18 07:00:00,22.04,22.04,21.82,22.04,649600,SSB
2023-05-19 07:00:00,22.04,22.04,21.85,21.96,540100,SSB
2023-05-22 07:00:00,21.96,22.11,21.93,22.11,560100,SSB
2023-05-23 07:00:00,22.11,22.18,21.93,22.0,528500,SSB
2023-05-24 07:00:00,22.04,22.07,21.89,21.93,488500,SSB
2023-05-25 07:00:00,21.89,21.96,21.74,21.93,620900,SSB
2023-05-26 07:00:00,21.96,22.07,21.93,22.04,580000,SSB
2023-05-29 07:00:00,22.04,22.29,22.04,22.15,511600,SSB
2023-05-30 07:00:00,22.18,22.22,21.96,22.15,546700,SSB
2023-05-31 07:00:00,22.15,22.26,22.04,22.26,537000,SSB
2023-06-01 07:00:00,22.29,22.44,22.26,22.4,611400,SSB
2023-06-02 07:00:00,22.48,22.95,22.48,22.95,591400,SSB
2023-06-05 07:00:00,22.99,23.17,22.99,23.1,498000,SSB
2023-06-06 07:00:00,23.1,23.21,22.99,23.14,608900,SSB
2023-06-07 07:00:00,23.17,23.21,22.99,23.17,531900,SSB
2023-06-08 07:00:00,23.21,23.25,22.95,23.03,525900,SSB
2023-06-09 07:00:00,23.03,23.1,22.92,22.99,693800,SSB
2023-06-12 07:00:00,23.03,23.17,22.92,23.14,444800,SSB
2023-06-13 07:00:00,23.14,23.47,23.1,23.1,599000,SSB
2023-06-14 07:00:00,23.14,23.25,23.03,23.1,564900,SSB
2023-06-15 07:00:00,23.03,23.14,22.99,23.1,738300,SSB
2023-06-16 07:00:00,23.14,23.17,22.92,23.06,631200,SSB
2023-06-19 07:00:00,23.1,23.17,23.03,23.06,608900,SSB
2023-06-20 07:00:00,23.06,23.14,23.03,23.1,715500,SSB
2023-06-21 07:00:00,23.14,23.28,23.06,23.28,648900,SSB
2023-06-22 07:00:00,23.32,23.43,23.28,23.39,708300,SSB
2023-06-23 07:00:00,23.48,23.92,23.44,23.92,997100,SSB
2023-06-26 07:00:00,23.92,23.96,23.66,23.92,758100,SSB
2023-06-27 07:00:00,23.92,23.96,23.83,23.96,738800,SSB
2023-06-28 07:00:00,23.96,24.05,23.96,24.05,666300,SSB
2023-06-29 07:00:00,24.05,24.14,23.92,23.92,779100,SSB
2023-06-30 07:00:00,23.92,23.96,23.83,23.83,601700,SSB
2023-07-03 07:00:00,23.83,23.92,23.79,23.83,724200,SSB
2023-07-04 07:00:00,23.88,23.92,23.79,23.88,693500,SSB
2023-07-05 07:00:00,23.92,24.05,23.88,24.05,582100,SSB
2023-07-06 07:00:00,24.05,25.2,24.05,25.2,615700,SSB
2023-07-07 07:00:00,25.24,25.24,25.07,25.24,674700,SSB
2023-07-10 07:00:00,25.29,25.33,25.2,25.33,877700,SSB
2023-07-11 07:00:00,25.37,25.55,25.29,25.46,932400,SSB
2023-07-12 07:00:00,25.46,25.55,25.2,25.29,562300,SSB
2023-07-13 07:00:00,25.33,25.51,25.24,25.51,892400,SSB
2023-07-14 07:00:00,25.55,25.59,25.37,25.55,666800,SSB
2023-07-17 07:00:00,25.64,25.64,25.46,25.64,639100,SSB
2023-07-18 07:00:00,25.64,25.81,25.59,25.81,882200,SSB
2023-07-19 07:00:00,25.86,25.9,25.77,25.81,642500,SSB
2023-07-20 07:00:00,25.81,25.95,25.73,25.81,706700,SSB
2023-07-21 07:00:00,25.81,25.95,25.73,25.81,866000,SSB
2023-07-24 07:00:00,25.86,25.99,25.73,25.9,819900,SSB
2023-07-25 07:00:00,25.9,25.99,25.86,25.99,1010500,SSB
2023-07-26 07:00:00,25.99,26.08,25.95,26.08,1035900,SSB
2023-07-27 07:00:00,26.08,26.17,25.99,26.12,837100,SSB
2023-07-28 07:00:00,26.12,26.21,25.99,26.17,1067700,SSB
2023-07-31 07:00:00,26.21,26.39,25.68,25.68,1397900,SSB
2023-08-01 07:00:00,25.73,26.39,25.73,26.39,1360600,SSB
2023-08-02 07:00:00,26.34,26.65,26.3,26.65,2962500,SSB
2023-08-03 07:00:00,26.7,26.74,26.52,26.65,1007800,SSB
2023-08-04 07:00:00,26.7,27.58,25.55,25.55,5277700,SSB
2023-08-07 07:00:00,25.64,26.65,25.64,26.65,1557500,SSB
2023-08-08 07:00:00,26.43,26.78,25.9,26.7,3616100,SSB
2023-08-09 07:00:00,26.7,26.83,25.99,26.43,1336700,SSB
2023-08-10 07:00:00,26.48,26.52,25.81,26.43,1210600,SSB
2023-08-11 07:00:00,26.43,26.78,26.08,26.78,2872700,SSB
2023-08-14 07:00:00,26.83,26.83,25.24,26.21,1056600,SSB
2023-08-15 07:00:00,25.99,25.99,25.37,25.99,937900,SSB
2023-08-16 07:00:00,25.81,26.04,25.33,25.99,1029300,SSB
2023-08-17 07:00:00,25.37,25.9,25.37,25.9,1255400,SSB
2023-08-18 07:00:00,25.81,25.81,24.1,24.19,1079800,SSB
2023-08-21 07:00:00,24.27,24.76,23.44,23.44,1041000,SSB
2023-08-22 07:00:00,23.66,24.85,23.66,24.85,1193500,SSB
2023-08-23 07:00:00,24.93,24.93,23.13,24.85,1232900,SSB
2023-08-24 07:00:00,24.85,25.07,23.79,25.07,1145300,SSB
2023-08-25 07:00:00,24.41,25.07,24.1,24.85,874200,SSB
2023-08-28 07:00:00,24.85,24.93,24.19,24.93,1119000,SSB
2023-08-29 07:00:00,24.93,24.98,24.27,24.98,1749800,SSB
2023-08-30 07:00:00,24.98,25.02,24.36,24.76,1416400,SSB
2023-08-31 07:00:00,24.49,24.85,24.19,24.76,1484200,SSB
2023-09-05 07:00:00,24.76,24.85,24.23,24.23,1408600,SSB
2023-09-06 07:00:00,24.23,24.54,23.79,24.49,1317100,SSB
2023-09-07 07:00:00,24.32,24.45,24.01,24.19,1525300,SSB
2023-09-08 07:00:00,24.1,24.45,24.05,24.23,1274600,SSB
2023-09-11 07:00:00,24.27,24.27,23.7,23.79,1577800,SSB
2023-09-12 07:00:00,23.79,24.23,23.52,24.1,1260400,SSB
2023-09-13 07:00:00,23.96,23.96,23.44,23.92,1634000,SSB
2023-09-14 07:00:00,23.48,23.92,23.17,23.17,1252600,SSB
2023-09-15 07:00:00,23.22,23.79,23.22,23.79,1225400,SSB
2023-09-18 07:00:00,23.26,23.79,23.17,23.61,1149800,SSB
2023-09-19 07:00:00,23.57,23.61,22.95,23.61,1159800,SSB
2023-09-20 07:00:00,23.13,23.57,23.04,23.35,1138500,SSB
2023-09-21 07:00:00,23.0,23.44,23.0,23.35,1567700,SSB
2023-09-22 07:00:00,22.82,23.26,22.47,22.47,1148300,SSB
2023-09-25 07:00:00,22.47,22.91,22.33,22.91,1223500,SSB
2023-09-26 07:00:00,23.0,23.48,22.33,23.08,1471300,SSB
2023-09-27 07:00:00,23.13,23.3,22.51,23.13,1173200,SSB
2023-09-28 07:00:00,22.91,23.17,21.98,22.03,1225400,SSB
2023-09-29 07:00:00,21.89,22.2,21.85,22.03,1031800,SSB
2023-10-02 07:00:00,22.03,22.16,21.85,22.03,939800,SSB
2023-10-03 07:00:00,21.67,22.07,21.67,21.94,1016800,SSB
2023-10-04 07:00:00,22.03,22.03,21.54,21.54,1065300,SSB
2023-10-05 07:00:00,21.41,21.67,21.19,21.59,898500,SSB
2023-10-06 07:00:00,21.59,21.72,21.45,21.59,1179700,SSB
2023-10-09 07:00:00,21.63,21.72,21.19,21.63,907000,SSB
2023-10-10 07:00:00,21.67,21.76,21.54,21.67,1005100,SSB
2023-10-11 07:00:00,21.72,21.81,21.59,21.81,825400,SSB
2023-10-12 07:00:00,21.85,22.03,21.72,21.81,1121100,SSB
2023-10-13 07:00:00,21.67,21.85,21.23,21.85,1132900,SSB
2023-10-16 07:00:00,21.76,22.03,21.32,21.85,809700,SSB
2023-10-17 07:00:00,21.85,21.94,21.72,21.81,877600,SSB
2023-10-18 07:00:00,21.72,21.89,21.67,21.76,1230500,SSB
2023-10-19 07:00:00,21.76,21.85,21.32,21.67,1154000,SSB
2023-10-20 07:00:00,21.67,21.94,21.5,21.54,1103200,SSB
2023-10-23 07:00:00,21.63,21.85,21.63,21.85,1417900,SSB
2023-10-24 07:00:00,21.94,22.73,21.89,22.73,1641200,SSB
2023-10-25 07:00:00,22.78,22.86,22.64,22.82,1120500,SSB
2023-10-26 07:00:00,22.82,22.82,22.33,22.47,1199500,SSB
2023-10-27 07:00:00,22.51,22.6,22.25,22.51,1194400,SSB
2023-10-30 07:00:00,22.51,22.56,22.33,22.33,1000000,SSB
2023-10-31 07:00:00,22.2,22.73,22.16,22.73,1085100,SSB
2023-11-01 07:00:00,22.73,22.91,22.69,22.82,1198400,SSB
2023-11-02 07:00:00,22.82,22.91,22.69,22.86,1030900,SSB
2023-11-03 07:00:00,22.86,22.91,21.41,21.41,2027400,SSB
2023-11-06 07:00:00,21.76,22.47,21.76,22.29,994000,SSB
2023-11-07 07:00:00,22.03,22.33,21.45,21.5,1441000,SSB
2023-11-08 07:00:00,21.5,21.98,21.23,21.98,1082700,SSB
2023-11-09 07:00:00,21.98,21.98,21.59,21.59,1259800,SSB
2023-11-10 07:00:00,21.37,21.63,20.97,20.97,1383800,SSB
2023-11-13 07:00:00,20.31,20.62,20.22,20.26,1514800,SSB
2023-11-14 07:00:00,20.26,20.7,20.04,20.4,1662400,SSB
2023-11-15 07:00:00,20.4,20.93,20.4,20.7,1457100,SSB
2023-11-16 07:00:00,20.57,20.7,20.26,20.66,1651000,SSB
2023-11-17 07:00:00,20.7,20.7,19.87,20.4,1590300,SSB
2023-11-20 07:00:00,20.13,20.4,19.65,20.4,2117700,SSB
2023-11-21 07:00:00,20.26,20.4,19.87,20.4,1517100,SSB
2023-11-22 07:00:00,20.31,20.35,19.91,20.35,1391000,SSB
2023-11-23 07:00:00,20.04,20.26,19.96,20.26,1351200,SSB
2023-11-24 07:00:00,20.13,20.35,19.65,20.35,2327700,SSB
2023-11-27 07:00:00,19.91,20.35,19.91,20.31,1412600,SSB
2023-11-28 07:00:00,19.96,20.31,19.91,20.31,1428200,SSB
2023-11-29 07:00:00,20.26,20.31,19.96,20.31,1618500,SSB
2023-11-30 07:00:00,20.18,20.26,19.91,19.91,1410900,SSB
2023-12-01 07:00:00,19.78,20.18,19.74,20.0,1137200,SSB
2023-12-04 07:00:00,20.0,20.09,19.78,20.04,1266300,SSB
2023-12-05 07:00:00,20.0,20.04,19.82,20.0,977500,SSB
2023-12-06 07:00:00,19.96,20.0,19.87,20.0,1103500,SSB
2023-12-07 07:00:00,19.96,20.0,19.82,20.0,1385600,SSB
2023-12-08 07:00:00,20.0,20.0,19.82,20.0,1420700,SSB
2023-12-11 07:00:00,19.91,20.0,19.82,19.96,1078600,SSB
2023-12-12 07:00:00,19.96,19.96,19.82,19.96,1165600,SSB
2023-12-13 07:00:00,19.96,20.0,19.82,19.91,1115100,SSB
2023-12-14 07:00:00,19.91,20.0,19.82,19.91,1034800,SSB
2023-12-15 07:00:00,19.87,19.91,19.74,19.91,1231700,SSB
2023-12-18 07:00:00,19.91,19.91,19.74,19.91,1082100,SSB
2023-12-19 07:00:00,19.74,19.91,19.74,19.91,1005100,SSB
2023-12-20 07:00:00,19.74,19.91,19.74,19.91,1025900,SSB
2023-12-21 07:00:00,19.91,19.91,19.78,19.91,1150900,SSB
2023-12-22 07:00:00,19.91,19.96,19.74,19.91,1245500,SSB
2023-12-25 07:00:00,19.91,20.04,19.82,19.96,1081900,SSB
2023-12-26 07:00:00,19.96,20.04,19.87,20.0,1004400,SSB
2023-12-27 07:00:00,20.0,20.04,19.96,19.96,1034800,SSB
2023-12-28 07:00:00,19.96,21.15,19.87,20.84,1320200,SSB
2023-12-29 07:00:00,20.88,21.1,20.88,21.06,1220100,SSB
2024-01-02 07:00:00,21.06,21.23,20.44,21.1,1282800,SSB
2024-01-03 07:00:00,21.1,21.1,20.53,20.53,1270700,SSB
2024-01-04 07:00:00,20.57,21.06,20.31,20.75,1177800,SSB
2024-01-05 07:00:00,20.75,21.06,20.62,20.79,1134200,SSB
2024-01-08 07:00:00,20.79,20.88,20.53,20.53,1050300,SSB
2024-01-09 07:00:00,20.4,20.7,20.4,20.66,1080500,SSB
2024-01-10 07:00:00,20.66,20.7,20.4,20.62,1268400,SSB
2024-01-11 07:00:00,20.62,21.06,20.44,20.79,1367300,SSB
2024-01-12 07:00:00,20.79,20.79,20.48,20.66,1200600,SSB
2024-01-15 07:00:00,20.66,20.66,20.48,20.53,1185300,SSB
2024-01-16 07:00:00,20.31,20.57,20.09,20.22,1124000,SSB
2024-01-17 07:00:00,20.18,20.4,20.13,20.31,1633400,SSB
2024-01-18 07:00:00,20.35,20.4,20.18,20.31,1982700,SSB
2024-01-19 07:00:00,20.31,20.4,20.22,20.35,1856600,SSB
2024-01-22 07:00:00,20.4,20.53,20.31,20.48,1726300,SSB
2024-01-23 07:00:00,20.48,20.53,20.18,20.35,1378700,SSB
2024-01-24 07:00:00,20.31,20.48,20.09,20.35,1390500,SSB
2024-01-25 07:00:00,20.4,20.4,20.13,20.35,1371000,SSB
2024-01-26 07:00:00,20.18,20.35,20.18,20.35,1452500,SSB
2024-01-29 07:00:00,20.31,20.35,20.18,20.26,1345200,SSB
2024-01-30 07:00:00,20.18,20.26,20.09,20.26,1383600,SSB
2024-01-31 07:00:00,20.26,20.35,19.74,20.18,1616400,SSB
2024-02-01 07:00:00,20.0,20.18,19.82,20.04,1354700,SSB
2024-02-02 07:00:00,20.0,20.09,19.56,20.04,2019900,SSB
2024-02-05 07:00:00,20.04,20.31,19.69,20.26,1574100,SSB
2024-02-06 07:00:00,20.26,20.35,20.04,20.26,1345800,SSB
2024-02-07 07:00:00,20.22,20.44,20.0,20.44,1475100,SSB
2024-02-15 07:00:00,20.44,20.53,20.13,20.48,1561000,SSB
2024-02-16 07:00:00,20.53,20.53,20.26,20.48,1300800,SSB
2024-02-19 07:00:00,20.48,20.53,20.13,20.31,1430300,SSB
2024-02-20 07:00:00,20.35,20.35,20.04,20.26,1495500,SSB
2024-02-21 07:00:00,20.13,20.31,19.91,20.22,1681000,SSB
2024-02-22 07:00:00,20.22,20.26,19.96,20.26,1391100,SSB
2024-02-23 07:00:00,20.26,20.44,20.09,20.26,1501700,SSB
2024-02-26 07:00:00,20.09,20.26,20.0,20.18,1290200,SSB
2024-02-27 07:00:00,20.18,20.18,19.87,20.18,1765200,SSB
2024-02-28 07:00:00,19.96,20.22,19.91,20.22,1603000,SSB
2024-02-29 07:00:00,20.22,20.26,19.96,20.18,1432900,SSB
2024-03-01 07:00:00,20.0,20.22,19.96,20.22,1385500,SSB
2024-03-04 07:00:00,20.22,20.26,20.0,20.13,1503400,SSB
2024-03-05 07:00:00,20.13,20.13,19.96,20.13,1450000,SSB
2024-03-06 07:00:00,20.0,20.13,19.87,20.04,1532000,SSB
2024-03-07 07:00:00,20.04,20.04,19.87,20.04,1442300,SSB
2024-03-08 07:00:00,20.04,20.09,19.78,20.0,1385400,SSB
2024-03-11 07:00:00,19.96,20.0,19.6,19.87,1764200,SSB
2024-03-12 07:00:00,19.91,19.91,19.6,19.87,1474600,SSB
2024-03-13 07:00:00,19.87,19.96,19.65,19.91,1415800,SSB
2024-03-14 07:00:00,19.91,19.96,19.69,19.91,1497900,SSB
2024-03-15 07:00:00,19.91,20.0,19.69,19.91,1549500,SSB
2024-03-18 07:00:00,19.91,19.96,19.6,19.78,1390700,SSB
2024-03-19 07:00:00,19.65,19.78,19.47,19.78,1463000,SSB
2024-03-20 07:00:00,19.65,19.87,19.52,19.87,1570600,SSB
2024-03-21 07:00:00,19.91,19.96,19.65,19.87,1231700,SSB
2024-03-22 07:00:00,19.87,19.91,19.69,19.69,1353300,SSB
2024-03-25 07:00:00,19.56,19.74,19.47,19.47,1428100,SSB
2024-03-26 07:00:00,19.56,19.69,19.38,19.65,1385400,SSB
2024-03-27 07:00:00,19.43,19.69,19.38,19.56,1430400,SSB
2024-03-28 07:00:00,19.43,19.56,19.34,19.56,1341100,SSB
2024-03-29 07:00:00,19.34,19.52,19.34,19.47,1373400,SSB
2024-04-01 07:00:00,19.47,19.52,19.21,19.47,1403100,SSB
2024-04-02 07:00:00,19.21,19.47,19.12,19.43,1350000,SSB
2024-04-03 07:00:00,19.16,19.43,19.03,19.38,2067000,SSB
2024-04-04 07:00:00,19.43,19.47,19.16,19.38,1371800,SSB
2024-04-05 07:00:00,19.16,19.38,19.07,19.34,1408600,SSB
2024-04-08 07:00:00,19.16,19.34,19.03,19.3,1447900,SSB
2024-04-09 07:00:00,19.12,19.3,19.03,19.3,1600200,SSB
2024-04-10 07:00:00,19.3,19.38,19.07,19.38,2010100,SSB
2024-04-11 07:00:00,19.12,19.43,19.12,19.43,2017000,SSB
2024-04-12 07:00:00,19.47,19.91,19.38,19.91,2563000,SSB
2024-04-15 07:00:00,19.87,19.91,19.38,19.69,2154300,SSB
2024-04-16 07:00:00,19.74,19.74,18.33,19.52,2586800,SSB
2024-04-17 07:00:00,19.56,19.91,19.25,19.56,2151900,SSB
2024-04-19 07:00:00,19.56,19.6,18.94,19.47,2113300,SSB
2024-04-22 07:00:00,19.47,19.65,19.16,19.52,2197000,SSB
2024-04-23 07:00:00,19.3,19.52,18.94,19.38,2202200,SSB
2024-04-24 07:00:00,19.38,19.52,19.3,19.47,2019500,SSB
2024-04-25 07:00:00,19.43,19.47,19.03,19.38,2171400,SSB
2024-04-26 07:00:00,19.38,19.38,18.94,19.38,2234700,SSB
2024-05-02 07:00:00,19.38,19.43,19.07,19.34,1786600,SSB
2024-05-03 07:00:00,19.38,19.38,19.12,19.3,1906500,SSB
2024-05-06 07:00:00,19.3,19.38,19.12,19.38,1884800,SSB
2024-05-07 07:00:00,19.38,19.43,19.21,19.43,1926100,SSB
2024-05-08 07:00:00,19.43,19.47,19.16,19.3,2727000,SSB
2024-05-09 07:00:00,19.34,19.38,19.16,19.34,1979600,SSB
2024-05-10 07:00:00,19.34,19.38,19.12,19.16,2040500,SSB
2024-05-13 07:00:00,19.21,19.25,19.03,19.16,1855700,SSB
2024-05-14 07:00:00,19.21,19.21,19.03,19.12,1292400,SSB
2024-05-15 07:00:00,19.12,19.16,18.99,19.16,1498900,SSB
2024-05-16 07:00:00,19.16,19.52,19.03,19.47,1895000,SSB
2024-05-17 07:00:00,19.47,19.47,19.12,19.38,1717000,SSB
2024-05-20 07:00:00,19.38,19.43,19.21,19.38,1771800,SSB
2024-05-21 07:00:00,19.38,19.38,19.16,19.34,1643200,SSB
2024-05-22 07:00:00,19.34,19.38,19.12,19.3,1707100,SSB
2024-05-23 07:00:00,19.3,19.34,19.07,19.34,1793000,SSB
2024-05-24 07:00:00,19.34,19.34,19.03,19.25,1869800,SSB
2024-05-27 07:00:00,19.16,19.25,19.03,19.07,1599200,SSB
2024-05-28 07:00:00,19.07,19.07,18.85,19.07,1794600,SSB
2024-05-29 07:00:00,19.07,19.07,18.77,19.03,1908900,SSB
2024-05-30 07:00:00,18.85,18.99,18.77,18.94,1810400,SSB
2024-05-31 07:00:00,18.94,18.94,18.77,18.94,1554800,SSB
2024-06-03 07:00:00,18.94,19.12,18.85,19.03,1535900,SSB
2024-06-04 07:00:00,19.03,19.03,18.85,19.03,1588500,SSB
2024-06-05 07:00:00,18.9,19.12,18.9,19.12,1514300,SSB
2024-06-06 07:00:00,19.21,19.21,18.99,19.12,1707800,SSB
2024-06-07 07:00:00,19.07,19.16,18.94,19.07,1625900,SSB
2024-06-10 07:00:00,19.07,19.12,18.94,19.07,1530600,SSB
2024-06-11 07:00:00,19.07,19.07,18.81,18.99,1541300,SSB
2024-06-12 07:00:00,18.99,19.03,18.72,19.03,1670200,SSB
2024-06-13 07:00:00,19.03,19.12,18.99,19.12,2331700,SSB
2024-06-14 07:00:00,19.12,20.09,19.03,19.38,3329800,SSB
2024-06-17 07:00:00,19.6,20.26,19.43,19.74,4299500,SSB
2024-06-18 07:00:00,19.82,20.35,19.82,20.0,4049200,SSB
2024-06-19 07:00:00,20.09,20.35,20.0,20.18,4467700,SSB
2024-06-20 07:00:00,20.22,20.7,20.22,20.48,4498200,SSB
2024-06-21 07:00:00,20.66,21.15,20.62,20.93,4238500,SSB
2024-06-24 07:00:00,21.06,21.1,19.78,19.91,5240400,SSB
2024-06-25 07:00:00,19.91,19.96,18.63,18.63,3715200,SSB
2024-06-26 07:00:00,18.72,19.34,18.24,18.63,3417600,SSB
2024-06-27 07:00:00,18.68,18.68,17.62,18.33,3590900,SSB
2024-06-28 07:00:00,18.28,18.33,17.8,18.33,3106500,SSB
2024-07-01 07:00:00,18.33,18.37,17.97,18.37,3335700,SSB
2024-07-02 07:00:00,18.41,18.41,18.02,18.41,3652200,SSB
2024-07-03 07:00:00,18.37,18.46,18.11,18.46,3008600,SSB
2024-07-04 07:00:00,18.46,18.5,18.24,18.41,2808500,SSB
2024-07-05 07:00:00,18.41,18.41,18.24,18.41,2556000,SSB
2024-07-08 07:00:00,18.37,18.41,18.06,18.37,2656400,SSB
2024-07-09 07:00:00,18.15,18.41,18.11,18.41,2912200,SSB
2024-07-10 07:00:00,18.24,18.46,18.24,18.41,2778300,SSB
2024-07-11 07:00:00,18.37,18.46,18.33,18.41,2678200,SSB
2024-07-12 07:00:00,18.37,18.46,18.28,18.33,2682600,SSB
2024-07-15 07:00:00,18.33,18.33,18.15,18.33,2564900,SSB
2024-07-16 07:00:00,18.28,18.41,18.15,18.33,2565300,SSB
2024-07-17 07:00:00,18.37,18.41,18.19,18.33,2663900,SSB
2024-07-18 07:00:00,18.33,18.5,18.15,18.5,2941600,SSB
2024-07-19 07:00:00,18.46,18.59,18.33,18.55,2690500,SSB
2024-07-22 07:00:00,18.59,18.68,18.37,18.63,2891000,SSB
2024-07-23 07:00:00,18.68,18.94,18.55,18.9,2703400,SSB
2024-07-24 07:00:00,18.94,19.38,18.85,19.34,2670500,SSB
2024-07-25 07:00:00,18.63,19.3,18.63,19.3,2473700,SSB
2024-07-26 07:00:00,19.38,19.38,19.03,19.34,2276500,SSB
2024-07-29 07:00:00,19.34,19.34,19.07,19.34,2376500,SSB
2024-07-30 07:00:00,19.12,19.34,19.12,19.3,2209700,SSB
2024-07-31 07:00:00,19.3,19.3,19.03,19.21,2533400,SSB
2024-08-01 07:00:00,19.21,19.65,19.03,19.34,2893400,SSB
2024-08-02 07:00:00,19.34,19.91,18.85,19.91,2979300,SSB
2024-08-05 07:00:00,19.65,19.65,18.55,19.3,2951100,SSB
2024-08-06 07:00:00,19.47,19.47,18.99,19.38,3062200,SSB
2024-08-07 07:00:00,19.07,19.38,19.03,19.03,2693400,SSB
2024-08-08 07:00:00,18.68,19.07,18.68,19.03,2521800,SSB
2024-08-09 07:00:00,19.07,19.12,18.85,19.12,2280100,SSB
2024-08-12 07:00:00,19.03,19.25,18.99,19.16,2237000,SSB
2024-08-13 07:00:00,19.03,19.25,18.77,18.77,2397400,SSB
2024-08-14 07:00:00,18.99,19.03,18.9,19.03,2116300,SSB
2024-08-15 07:00:00,19.12,19.12,18.85,18.99,2099200,SSB
2024-08-16 07:00:00,19.03,19.07,18.85,19.03,2739200,SSB
2024-08-19 07:00:00,19.07,19.07,18.85,19.03,2474200,SSB
2024-08-20 07:00:00,19.03,19.07,18.94,19.03,3006000,SSB
2024-08-21 07:00:00,18.9,19.07,18.85,19.07,2853400,SSB
2024-08-22 07:00:00,18.99,20.0,18.99,20.0,4991900,SSB
2024-08-23 07:00:00,19.65,20.45,19.65,20.0,2788900,SSB
2024-08-26 07:00:00,19.8,19.9,19.7,19.85,2721600,SSB
2024-08-27 07:00:00,19.7,19.85,19.35,19.4,2236900,SSB
2024-08-28 07:00:00,19.45,19.45,19.1,19.25,2382300,SSB
2024-08-29 07:00:00,19.1,19.25,19.05,19.15,2521600,SSB
2024-08-30 07:00:00,19.35,19.35,19.0,19.2,2269900,SSB
2024-09-04 07:00:00,18.75,19.2,18.5,18.5,2612000,SSB
2024-09-05 07:00:00,18.5,18.7,18.4,18.5,2495900,SSB
2024-09-06 07:00:00,18.55,18.55,18.0,18.0,1715300,SSB
2024-09-09 07:00:00,18.0,18.1,17.75,18.1,809600,SSB
2024-09-10 07:00:00,17.9,18.1,17.0,17.0,2494800,SSB
2024-09-11 07:00:00,17.0,17.5,16.0,16.0,2221300,SSB
2024-09-12 07:00:00,16.1,16.5,15.05,15.05,5282900,SSB
2024-09-13 07:00:00,15.5,15.7,15.2,15.25,2204100,SSB
2024-09-16 07:00:00,15.4,15.9,15.2,15.25,2986500,SSB
2024-09-17 07:00:00,15.5,15.7,15.25,15.45,1635400,SSB
2024-09-18 07:00:00,15.6,15.8,15.6,15.6,1747600,SSB
2024-09-19 07:00:00,15.8,16.65,15.75,16.65,2750200,SSB
2024-09-20 07:00:00,16.85,17.3,16.45,16.55,2707200,SSB
2024-09-23 07:00:00,16.7,16.7,15.95,15.95,2009000,SSB
2024-09-24 07:00:00,16.0,16.65,15.9,16.5,1049400,SSB
2024-09-25 07:00:00,17.0,17.0,16.55,16.65,1935700,SSB
2024-09-26 07:00:00,16.65,17.05,16.65,17.0,2563400,SSB
2024-09-27 07:00:00,17.0,17.15,16.85,17.0,1643800,SSB
2024-09-30 07:00:00,17.0,17.05,16.85,17.05,1546400,SSB
2024-10-01 07:00:00,17.05,17.55,17.0,17.45,2012200,SSB
2024-10-02 07:00:00,17.3,17.6,17.2,17.55,1753500,SSB
2024-10-03 07:00:00,17.5,18.0,17.5,17.8,2634500,SSB
2024-10-04 07:00:00,17.8,17.8,17.45,17.5,2103800,SSB
2024-10-07 07:00:00,17.45,17.5,17.1,17.1,1635800,SSB
2024-10-08 07:00:00,17.1,17.2,16.95,17.1,2261400,SSB
2024-10-09 07:00:00,17.1,18.0,16.95,17.5,2214700,SSB
2024-10-10 07:00:00,17.6,17.8,17.5,17.5,2135500,SSB
2024-10-11 07:00:00,17.65,17.7,17.5,17.6,1601800,SSB
2024-10-14 07:00:00,17.75,17.75,17.4,17.4,2022200,SSB
2024-10-15 07:00:00,17.1,17.6,17.1,17.4,1610900,SSB
2024-10-16 07:00:00,17.0,17.3,16.7,16.7,1669500,SSB
2024-10-17 07:00:00,16.7,16.8,16.2,16.75,2139900,SSB
2024-10-18 07:00:00,16.75,17.15,16.7,16.7,1700300,SSB
2024-10-21 07:00:00,16.45,16.75,16.45,16.7,2019800,SSB
2024-10-22 07:00:00,16.65,16.7,16.45,16.7,1849500,SSB
2024-10-23 07:00:00,16.7,16.7,16.45,16.65,1855300,SSB
2024-10-24 07:00:00,16.6,16.65,16.4,16.65,1717700,SSB
2024-10-25 07:00:00,16.65,16.65,16.35,16.65,1739600,SSB
2024-10-28 07:00:00,16.4,16.65,16.4,16.65,1894000,SSB
2024-10-29 07:00:00,16.65,16.7,16.45,16.6,1841000,SSB
2024-10-30 07:00:00,16.5,16.5,16.25,16.5,3265100,SSB
2024-10-31 07:00:00,16.45,16.55,16.25,16.55,1930400,SSB
2024-11-01 07:00:00,16.35,16.95,16.35,16.95,2696400,SSB
2024-11-04 07:00:00,16.8,16.8,16.4,16.7,2028700,SSB
2024-11-05 07:00:00,16.6,16.75,16.35,16.75,1757500,SSB
2024-11-06 07:00:00,16.75,16.95,16.65,16.9,1858600,SSB
2024-11-07 07:00:00,16.9,17.0,16.65,16.85,1616800,SSB
2024-11-08 07:00:00,16.85,16.9,16.5,16.75,1735000,SSB
2024-11-11 07:00:00,16.75,16.8,16.4,16.7,1706700,SSB
2024-11-12 07:00:00,16.7,16.7,16.45,16.65,1717000,SSB
2024-11-13 07:00:00,16.4,16.7,16.35,16.7,1860900,SSB
2024-11-14 07:00:00,16.4,16.75,16.4,16.75,1872500,SSB
2024-11-15 07:00:00,16.7,16.8,16.55,16.8,1783500,SSB
2024-11-18 07:00:00,16.6,16.85,16.4,16.85,3545400,SSB
2024-11-19 07:00:00,16.55,17.0,16.5,16.9,3297900,SSB
2024-11-20 07:00:00,16.55,16.9,16.55,16.9,1905200,SSB
2024-11-21 07:00:00,16.7,16.9,16.55,16.9,2243100,SSB
2024-11-22 07:00:00,16.85,16.9,16.7,16.9,1697400,SSB
2024-11-25 07:00:00,16.85,16.9,16.7,16.85,1972900,SSB
2024-11-26 07:00:00,16.8,16.9,16.75,16.9,1845000,SSB
2024-11-27 07:00:00,16.75,16.95,16.75,16.95,1939200,SSB
2024-11-28 07:00:00,17.0,17.1,16.8,17.0,1942700,SSB
2024-11-29 07:00:00,17.0,17.0,16.8,17.0,2162800,SSB
2024-12-02 07:00:00,17.0,17.05,16.85,16.95,1740600,SSB
2024-12-03 07:00:00,16.95,17.0,16.75,17.0,1829200,SSB
2024-12-04 07:00:00,16.8,16.95,16.75,16.95,1748200,SSB
2024-12-05 07:00:00,16.95,17.2,16.8,17.2,2301900,SSB
2024-12-06 07:00:00,17.0,17.6,17.0,17.25,1856600,SSB
2024-12-09 07:00:00,17.1,17.4,17.0,17.3,2470500,SSB
2024-12-10 07:00:00,17.3,17.45,17.25,17.35,2288800,SSB
2024-12-11 07:00:00,17.35,17.4,17.1,17.35,2086500,SSB
2024-12-12 07:00:00,17.35,17.4,17.15,17.4,1754100,SSB
2024-12-13 07:00:00,17.25,17.4,17.1,17.35,1793700,SSB
2024-12-16 07:00:00,17.35,17.35,17.1,17.3,1704900,SSB
2024-12-17 07:00:00,17.25,17.3,16.95,17.3,2372600,SSB
2024-12-18 07:00:00,17.1,17.25,17.1,17.25,1526600,SSB
2024-12-19 07:00:00,17.05,17.1,16.5,16.5,2264900,SSB
2024-12-20 07:00:00,16.8,16.9,16.5,16.7,1581500,SSB
2024-12-23 07:00:00,16.65,16.95,16.6,16.95,1748500,SSB
2024-12-24 07:00:00,16.9,17.05,16.75,17.05,1701000,SSB
2024-12-25 07:00:00,16.85,17.25,16.85,17.25,1924800,SSB
2024-12-26 07:00:00,17.25,17.3,16.9,16.9,1693500,SSB
2024-12-27 07:00:00,17.05,17.2,16.9,16.9,1741800,SSB
2024-12-30 07:00:00,16.8,16.95,16.7,16.7,1727400,SSB
2024-12-31 07:00:00,16.85,16.85,16.6,16.75,1631400,SSB
2025-01-02 07:00:00,16.9,16.9,16.45,16.75,1644600,SSB
2025-01-03 07:00:00,16.75,16.8,16.5,16.8,1760500,SSB
2025-01-06 07:00:00,16.65,16.75,16.6,16.75,1709400,SSB
2025-01-07 07:00:00,16.75,16.8,16.55,16.8,3200600,SSB
2025-01-08 07:00:00,16.65,17.1,16.6,17.1,2124100,SSB
2025-01-09 07:00:00,17.3,17.3,16.9,17.05,1946700,SSB
2025-01-10 07:00:00,17.05,17.4,16.95,17.4,2155900,SSB
2025-01-13 07:00:00,17.05,17.6,17.05,17.5,2534200,SSB
2025-01-14 07:00:00,17.15,17.45,17.15,17.45,1885900,SSB
2025-01-15 07:00:00,17.25,17.7,17.1,17.7,3355300,SSB
2025-01-16 07:00:00,17.7,17.8,17.3,17.8,2524600,SSB
2025-01-17 07:00:00,17.6,17.9,17.6,17.9,2076800,SSB
2025-01-20 07:00:00,17.65,18.0,17.65,18.0,1936100,SSB
2025-01-21 07:00:00,18.0,18.45,17.95,18.45,2690900,SSB
2025-01-22 07:00:00,18.6,18.75,18.35,18.75,1963400,SSB
2025-01-23 07:00:00,18.75,18.95,18.6,18.75,2134900,SSB
2025-01-24 07:00:00,18.6,18.8,18.1,18.75,2277800,SSB
2025-02-03 07:00:00,18.3,18.7,17.6,18.7,2092500,SSB
2025-02-04 07:00:00,18.7,18.8,18.1,18.8,1935400,SSB
2025-02-05 07:00:00,18.55,18.8,18.5,18.65,1994200,SSB
2025-02-06 07:00:00,18.8,18.8,18.35,18.65,2183600,SSB
2025-02-07 07:00:00,18.2,18.75,18.2,18.7,2242800,SSB
2025-02-10 07:00:00,18.5,18.7,18.1,18.7,2478900,SSB
2025-02-11 07:00:00,18.65,18.95,18.45,18.95,2694000,SSB
2025-02-12 07:00:00,18.95,18.95,18.7,18.95,2281200,SSB
2025-02-13 07:00:00,18.9,19.05,18.65,19.05,1660800,SSB
2025-02-14 07:00:00,19.2,19.5,19.15,19.5,2370900,SSB
2025-02-17 07:00:00,19.35,19.9,19.25,19.85,2083400,SSB
2025-02-18 07:00:00,19.9,19.9,19.6,19.75,1975300,SSB
2025-02-19 07:00:00,19.6,19.8,19.5,19.6,1772200,SSB
2025-02-20 07:00:00,19.4,19.75,19.3,19.6,2215100,SSB
2025-02-21 07:00:00,19.5,19.6,19.3,19.55,1843000,SSB
2025-02-24 07:00:00,19.3,19.65,19.15,19.65,2045600,SSB
2025-02-25 07:00:00,19.65,19.7,19.4,19.6,1774600,SSB
2025-02-26 07:00:00,19.7,19.7,19.3,19.3,1780700,SSB
2025-02-27 07:00:00,19.3,19.5,19.05,19.5,1773800,SSB
2025-02-28 07:00:00,19.55,19.55,19.05,19.4,2261100,SSB
2025-03-03 07:00:00,19.4,19.6,19.1,19.45,1711300,SSB
2025-03-04 07:00:00,19.15,19.45,19.15,19.45,1911600,SSB
2025-03-05 07:00:00,19.45,19.5,19.3,19.45,1802100,SSB
2025-03-06 07:00:00,19.5,19.75,19.4,19.45,1879100,SSB
2025-03-07 07:00:00,19.45,19.65,19.3,19.65,1792000,SSB
2025-03-10 07:00:00,19.7,19.85,19.65,19.8,1858800,SSB
2025-03-11 07:00:00,19.8,19.8,19.45,19.8,1855300,SSB
2025-03-12 07:00:00,19.8,19.9,19.55,19.85,1620700,SSB
2025-03-13 07:00:00,19.85,19.85,19.55,19.8,1847300,SSB
2025-03-14 07:00:00,19.8,19.8,19.6,19.8,1681100,SSB
2025-03-17 07:00:00,19.9,19.9,19.65,19.8,1791700,SSB
2025-03-18 07:00:00,19.85,19.85,19.6,19.7,1512100,SSB
2025-03-19 07:00:00,19.7,19.8,19.55,19.8,1732600,SSB
2025-03-20 07:00:00,19.8,19.85,19.65,19.85,2060900,SSB
2025-03-21 07:00:00,19.8,19.85,19.55,19.85,1985100,SSB
2025-03-24 07:00:00,19.85,19.85,19.5,19.75,2007000,SSB
2025-03-25 07:00:00,19.8,19.9,19.5,19.8,1989900,SSB
2025-03-26 07:00:00,19.6,19.85,19.55,19.55,1910700,SSB
2025-03-27 07:00:00,19.8,19.8,19.4,19.6,1795100,SSB
2025-03-28 07:00:00,19.65,19.7,19.4,19.7,1925500,SSB
2025-03-31 07:00:00,19.7,19.7,19.35,19.55,1833700,SSB
2025-04-01 07:00:00,19.6,19.6,19.35,19.55,1960400,SSB
2025-04-02 07:00:00,19.6,19.6,19.2,19.2,2059600,SSB
2025-04-03 07:00:00,19.5,19.5,18.55,18.7,1898600,SSB
2025-04-04 07:00:00,19.8,19.8,18.85,19.2,2660300,SSB
2025-04-08 07:00:00,19.3,19.3,18.15,19.0,1598700,SSB
2025-04-09 07:00:00,18.9,19.35,18.1,19.3,2471600,SSB
2025-04-10 07:00:00,20.45,20.65,20.0,20.65,2667000,SSB
2025-04-11 07:00:00,19.55,20.8,19.55,20.0,2330100,SSB
2025-04-14 07:00:00,19.15,19.95,19.1,19.15,2444100,SSB
2025-04-15 07:00:00,18.6,19.1,18.1,18.6,1968800,SSB
2025-04-16 07:00:00,18.3,18.7,18.15,18.7,1980400,SSB
2025-04-17 07:00:00,19.1,19.75,18.9,19.35,2852200,SSB
2025-04-18 07:00:00,19.6,19.6,19.25,19.35,1995600,SSB
2025-04-21 07:00:00,19.3,19.35,18.8,19.05,1827300,SSB
2025-04-22 07:00:00,18.8,19.2,18.25,19.2,2622300,SSB
2025-04-23 07:00:00,19.85,19.9,18.5,18.5,1961400,SSB
2025-04-24 07:00:00,18.55,18.9,18.45,18.6,2196800,SSB
2025-04-25 07:00:00,18.7,18.75,18.1,18.1,4411600,SSB
2025-04-28 07:00:00,18.25,18.7,18.2,18.6,1786900,SSB
2025-04-29 07:00:00,18.7,18.8,18.4,18.4,1740900,SSB
2025-05-05 07:00:00,18.45,18.5,18.2,18.45,1808600,SSB
2025-05-06 07:00:00,18.45,18.6,18.25,18.45,1711400,SSB
2025-05-07 07:00:00,18.5,18.55,18.35,18.55,1759000,SSB
2025-05-08 07:00:00,18.45,18.7,18.4,18.7,2035800,SSB
2025-05-09 07:00:00,18.5,18.8,18.5,18.7,1682700,SSB
2025-05-12 07:00:00,18.75,19.15,18.6,19.0,2485200,SSB
2025-05-13 07:00:00,19.0,19.05,18.7,18.7,2102300,SSB
2025-05-14 07:00:00,18.6,18.9,18.6,18.85,2399400,SSB
2025-05-15 07:00:00,18.75,19.5,18.75,19.4,2779900,SSB
2025-05-16 07:00:00,19.25,19.4,18.95,19.0,1978400,SSB
2025-05-19 07:00:00,19.0,19.0,18.65,18.8,1967900,SSB
2025-05-20 07:00:00,18.6,18.85,18.5,18.85,2086000,SSB
2025-05-21 07:00:00,18.85,18.85,18.6,18.7,2214000,SSB
2025-05-22 07:00:00,18.6,18.65,18.5,18.65,2079700,SSB
2025-05-23 07:00:00,18.7,18.8,18.5,18.65,1738500,SSB
2025-05-26 07:00:00,18.55,18.65,18.25,18.65,2406400,SSB
2025-05-27 07:00:00,18.65,18.65,18.45,18.45,1758800,SSB
2025-05-28 07:00:00,18.45,18.65,18.45,18.6,1998900,SSB
2025-05-29 07:00:00,18.6,18.6,18.4,18.4,1922700,SSB
2025-05-30 07:00:00,18.4,18.4,18.25,18.4,2367100,SSB
2025-06-02 07:00:00,18.4,18.55,18.2,18.5,2170100,SSB
2025-06-03 07:00:00,18.5,18.6,18.3,18.3,2281000,SSB
2025-06-04 07:00:00,18.35,18.45,18.25,18.25,2370800,SSB
2025-06-05 07:00:00,18.35,18.4,18.1,18.1,2249700,SSB
2025-06-06 07:00:00,18.05,18.25,18.0,18.2,1947500,SSB
2025-06-09 07:00:00,18.1,18.15,18.0,18.15,1993000,SSB
2025-06-10 07:00:00,18.35,18.35,18.05,18.1,2092800,SSB
2025-06-11 07:00:00,18.05,18.2,17.95,18.05,2170400,SSB
2025-06-12 07:00:00,18.2,18.2,17.95,18.15,2037000,SSB
2025-06-13 07:00:00,18.1,18.1,17.7,17.95,2316800,SSB
2025-06-16 07:00:00,18.0,18.0,17.75,17.95,2072400,SSB
2025-06-17 07:00:00,18.0,18.0,17.75,17.95,1958800,SSB
2025-06-18 07:00:00,17.95,18.0,17.75,17.95,1891600,SSB
2025-06-19 07:00:00,17.75,18.1,17.75,18.1,2225700,SSB
2025-06-20 07:00:00,18.1,18.15,18.0,18.15,2576500,SSB
2025-06-23 07:00:00,18.1,18.1,18.0,18.1,1808700,SSB
2025-06-24 07:00:00,18.1,18.15,17.95,18.1,2140500,SSB
2025-06-25 07:00:00,18.1,18.1,17.9,18.1,1935800,SSB
2025-06-26 07:00:00,17.95,18.15,17.9,18.15,2159200,SSB
2025-06-27 07:00:00,18.15,18.15,17.95,18.15,2028600,SSB
2025-06-30 07:00:00,18.15,18.15,18.05,18.15,1902200,SSB
2025-07-01 07:00:00,18.15,18.15,18.0,18.0,1931900,SSB
2025-07-02 07:00:00,18.0,18.15,18.0,18.15,2086600,SSB
2025-07-03 07:00:00,18.15,18.35,18.05,18.3,2136600,SSB
2025-07-04 07:00:00,18.4,18.5,18.25,18.5,2056400,SSB
2025-07-07 07:00:00,18.5,18.9,18.5,18.9,2645100,SSB
2025-07-08 07:00:00,18.85,19.0,18.7,18.9,2218100,SSB
2025-07-09 07:00:00,18.9,19.1,18.85,19.1,2517600,SSB
2025-07-10 07:00:00,19.15,19.2,19.0,19.2,2569300,SSB
2025-07-11 07:00:00,19.25,19.4,19.05,19.3,2510900,SSB
2025-07-14 07:00:00,19.35,19.35,19.05,19.25,2322900,SSB
2025-07-15 07:00:00,19.3,19.3,19.1,19.3,2193700,SSB
2025-07-16 07:00:00,19.25,19.4,19.2,19.4,2425800,SSB
2025-07-17 07:00:00,19.5,20.0,19.3,20.0,2829600,SSB
2025-07-18 07:00:00,19.95,20.0,19.65,19.8,2325700,SSB
2025-07-21 07:00:00,19.8,19.95,19.6,19.9,2555900,SSB
2025-07-22 07:00:00,20.05,20.05,19.5,20.0,3366200,SSB
2025-07-23 07:00:00,20.0,20.1,19.75,19.85,2397100,SSB
2025-07-24 07:00:00,19.9,20.1,19.8,19.95,1940700,SSB
2025-07-25 07:00:00,19.95,20.95,19.95,20.7,2938100,SSB
2025-07-28 07:00:00,20.9,21.15,20.5,21.1,3189100,SSB
2025-07-29 07:00:00,20.7,21.15,19.9,19.9,2382100,SSB
2025-07-30 07:00:00,19.85,20.25,19.1,19.25,2625600,SSB
2025-07-31 07:00:00,19.55,20.15,19.5,19.5,2878700,SSB
2025-08-01 07:00:00,20.85,20.85,19.6,19.6,4120500,SSB
2025-08-04 07:00:00,19.85,20.25,19.15,20.25,2964500,SSB
2025-08-05 07:00:00,20.25,20.85,19.5,19.6,4152900,SSB
2025-08-06 07:00:00,19.8,20.5,19.7,20.0,4508800,SSB
2025-08-07 07:00:00,20.05,20.2,19.6,19.8,4214700,SSB
2025-08-08 07:00:00,19.9,20.1,19.8,20.1,3829100,SSB
2025-08-11 07:00:00,20.1,20.6,20.0,20.5,5104900,SSB
2025-08-12 07:00:00,20.5,20.55,20.1,20.4,4137100,SSB
2025-08-13 07:00:00,20.4,20.45,19.85,19.95,4278200,SSB
2025-08-14 07:00:00,20.25,20.8,19.95,20.8,5193500,SSB
2025-08-15 07:00:00,21.9,21.9,20.55,20.65,5448200,SSB
2025-08-18 07:00:00,20.7,20.8,20.25,20.6,3329200,SSB
2025-08-19 07:00:00,20.6,20.8,20.3,20.7,3538700,SSB
2025-08-20 07:00:00,20.7,21.6,20.4,21.6,6438900,SSB
2025-08-21 07:00:00,21.9,23.1,21.6,23.1,4812800,SSB
2025-08-22 07:00:00,23.1,23.8,21.9,22.1,5135900,SSB
2025-08-25 07:00:00,22.55,22.55,20.7,20.75,4142400,SSB
2025-08-26 07:00:00,20.7,21.8,20.2,21.8,2771500,SSB
2025-08-27 07:00:00,21.8,21.85,21.1,21.4,3034400,SSB
2025-08-28 07:00:00,21.3,21.65,20.8,21.5,2658800,SSB
2025-08-29 07:00:00,21.65,21.8,21.2,21.4,2959500,SSB
2025-09-03 07:00:00,21.1,21.5,21.05,21.15,2673700,SSB
2025-09-04 07:00:00,21.4,21.65,21.2,21.65,2610700,SSB
2025-09-05 07:00:00,21.65,21.95,21.0,21.0,3371100,SSB
2025-09-08 07:00:00,21.05,21.15,19.95,19.95,3580400,SSB
2025-09-09 07:00:00,19.95,20.2,19.6,19.65,2869100,SSB
2025-09-10 07:00:00,19.75,20.1,19.75,19.95,2497400,SSB
2025-09-11 07:00:00,20.0,20.3,19.2,20.1,2716500,SSB
2025-09-12 07:00:00,20.1,20.25,19.6,19.65,2536500,SSB
2025-09-15 07:00:00,19.9,19.9,19.6,19.85,2671200,SSB
2025-09-16 07:00:00,20.0,20.1,19.65,20.0,3093100,SSB
2025-09-17 07:00:00,19.95,20.2,19.8,20.1,2913100,SSB
2025-09-18 07:00:00,20.1,20.15,19.55,20.0,2467200,SSB
2025-09-19 07:00:00,19.95,20.0,19.6,19.6,2227200,SSB
2025-09-22 07:00:00,19.6,19.85,19.3,19.3,4008900,SSB
2025-09-23 07:00:00,19.35,19.55,19.2,19.3,3914100,SSB
2025-09-24 07:00:00,19.3,20.0,19.0,19.5,2851600,SSB
2025-09-25 07:00:00,19.55,19.8,19.45,19.45,3513000,SSB
2025-09-26 07:00:00,19.55,19.6,19.3,19.5,2932100,SSB
2025-09-29 07:00:00,19.5,19.5,19.05,19.5,2517300,SSB
2025-09-30 07:00:00,19.5,19.5,19.05,19.3,2226500,SSB
2025-10-01 07:00:00,19.3,19.4,19.1,19.4,2442200,SSB
2025-10-02 07:00:00,19.4,19.45,19.2,19.3,2991600,SSB
2025-10-03 07:00:00,19.35,19.35,19.0,19.0,2246100,SSB
2025-10-06 07:00:00,19.9,19.9,19.1,19.7,2617500,SSB
2025-10-07 07:00:00,19.7,19.75,19.2,19.2,2272700,SSB
2025-10-08 07:00:00,19.35,19.45,19.2,19.2,3085500,SSB
2025-10-09 07:00:00,19.15,19.35,19.05,19.1,2535600,SSB
2025-10-10 07:00:00,19.1,19.45,19.05,19.45,2942500,SSB
2025-10-13 07:00:00,19.2,19.45,19.0,19.45,3553700,SSB
2025-10-14 07:00:00,19.45,19.45,19.1,19.4,2917500,SSB
2025-10-15 07:00:00,19.2,19.35,19.0,19.0,2606800,SSB
2025-10-16 07:00:00,19.05,19.15,18.6,19.0,3680100,SSB
2025-10-17 07:00:00,18.95,18.95,18.45,18.45,2762100,SSB
2025-10-20 07:00:00,18.65,18.8,17.4,17.4,3426900,SSB
2025-10-21 07:00:00,17.9,18.6,17.45,18.55,3554400,SSB
2025-10-22 07:00:00,18.7,18.7,17.65,18.25,2608400,SSB
2025-10-23 07:00:00,18.4,18.4,17.8,18.15,2610600,SSB
2025-10-24 07:00:00,18.15,18.15,17.65,18.0,2741100,SSB
2025-10-27 07:00:00,17.95,17.95,17.55,17.55,2726800,SSB
2025-10-28 07:00:00,17.6,17.75,17.05,17.75,2472300,SSB
2025-10-29 07:00:00,17.75,17.95,17.4,17.95,3224700,SSB
2025-10-30 07:00:00,17.95,17.95,17.55,17.9,2596100,SSB
2025-10-31 07:00:00,17.8,17.9,17.45,17.7,4153600,SSB
2025-11-03 07:00:00,17.7,17.75,17.3,17.75,2881500,SSB
2025-11-04 07:00:00,17.4,17.8,17.2,17.8,3181700,SSB
2025-11-05 07:00:00,17.7,17.75,17.35,17.5,2439000,SSB
2025-11-06 07:00:00,17.35,17.5,17.2,17.45,2484600,SSB
2025-11-07 07:00:00,17.2,17.35,16.9,17.2,2922400,SSB
2025-11-10 07:00:00,17.25,17.25,16.85,16.85,2662400,SSB
2025-11-11 07:00:00,16.9,16.9,16.6,16.6,2890700,SSB
2025-11-12 07:00:00,16.65,17.2,16.6,17.15,3631700,SSB
2025-11-13 07:00:00,17.0,17.25,16.9,17.15,3530100,SSB
2025-11-14 07:00:00,17.05,17.1,16.9,17.0,3215900,SSB
2025-11-17 07:00:00,17.0,17.45,16.9,17.45,3402100,SSB
2025-11-18 07:00:00,17.45,17.45,17.05,17.35,3411700,SSB
2025-11-19 07:00:00,17.35,17.35,17.0,17.2,3170900,SSB
2025-11-20 07:00:00,17.15,17.2,17.0,17.0,3061400,SSB
2025-11-21 07:00:00,16.8,17.15,16.8,17.15,2856900,SSB
2025-11-24 07:00:00,17.1,17.4,16.95,17.4,2411300,SSB
2025-11-25 07:00:00,17.2,17.3,16.9,17.1,2522200,SSB
2025-11-26 07:00:00,17.05,17.25,17.0,17.25,3297200,SSB
2025-11-27 07:00:00,17.3,17.45,17.15,17.35,2879200,SSB
2025-11-28 07:00:00,17.2,17.35,17.1,17.3,2727500,SSB
2025-12-01 07:00:00,17.3,17.3,17.05,17.2,2656000,SSB
2025-12-02 07:00:00,17.2,17.25,17.05,17.25,2774500,SSB
2025-12-03 07:00:00,17.3,17.75,17.25,17.75,3152900,SSB
2025-12-04 07:00:00,17.8,17.8,17.5,17.7,2560600,SSB
2025-12-05 07:00:00,17.7,17.7,17.35,17.7,2918800,SSB
2025-12-08 07:00:00,17.35,17.6,17.35,17.55,2404700,SSB
2025-12-09 07:00:00,17.4,17.5,17.1,17.4,2738100,SSB
2025-12-10 07:00:00,17.3,17.55,17.2,17.45,2436500,SSB
2025-12-11 07:00:00,17.5,17.5,17.2,17.45,2337400,SSB
2025-12-12 07:00:00,17.45,17.45,17.0,17.3,2485800,SSB
2025-12-15 07:00:00,17.25,17.25,17.0,17.2,2725400,SSB
2025-12-16 07:00:00,17.2,17.55,17.05,17.55,2453500,SSB
2025-12-17 07:00:00,17.45,17.5,17.2,17.45,2422900,SSB
2025-12-18 07:00:00,17.4,17.45,17.1,17.45,3120600,SSB
2025-12-19 07:00:00,17.45,17.5,17.3,17.5,2247700,SSB
2025-12-22 07:00:00,17.5,17.75,17.35,17.75,2158300,SSB
2025-12-23 07:00:00,17.7,17.7,17.4,17.5,2662000,SSB
2025-12-24 07:00:00,17.6,17.6,17.2,17.5,2308400,SSB
2025-12-25 07:00:00,17.3,17.5,17.2,17.35,2046100,SSB
2025-12-26 07:00:00,17.4,17.4,17.1,17.3,2094200,SSB
2025-12-29 07:00:00,17.15,17.3,17.1,17.3,1789700,SSB
2025-12-30 07:00:00,17.3,17.3,17.1,17.2,1789000,SSB
2025-12-31 07:00:00,17.25,17.45,17.05,17.45,2414500,SSB
2026-01-05 07:00:00,17.4,17.4,17.05,17.2,2068200,SSB
2026-01-06 07:00:00,17.25,17.3,17.0,17.3,2070200,SSB
2026-01-07 07:00:00,17.3,17.35,17.15,17.35,2370600,SSB
2026-01-08 07:00:00,17.35,17.5,17.2,17.4,2679300,SSB
2026-01-09 07:00:00,17.4,17.45,17.25,17.35,2096900,SSB
2026-01-12 07:00:00,17.4,17.75,17.3,17.75,2809700,SSB
2026-01-13 07:00:00,17.8,17.8,17.5,17.7,2656400,SSB
2026-01-14 07:00:00,17.7,17.95,17.55,17.9,3407100,SSB
2026-01-15 07:00:00,17.9,17.95,17.65,17.95,2163500,SSB
2026-01-16 07:00:00,17.95,18.0,17.8,18.0,1922600,SSB
2026-01-19 07:00:00,18.0,18.0,17.8,18.0,2356200,SSB
2026-01-20 07:00:00,17.95,17.95,17.65,17.7,2623600,SSB
2026-01-21 07:00:00,17.65,17.65,17.25,17.4,2311100,SSB
2026-01-22 07:00:00,17.3,17.7,17.3,17.7,1974100,SSB
2026-01-23 07:00:00,17.55,17.7,17.4,17.65,1993100,SSB
2026-01-26 07:00:00,17.6,17.6,17.2,17.35,1968900,SSB
2026-01-27 07:00:00,17.35,17.5,17.2,17.45,1800800,SSB
2026-01-28 07:00:00,17.5,17.55,17.25,17.45,1848500,SSB
2026-01-29 07:00:00,17.45,17.45,17.25,17.45,1856000,SSB
2026-01-30 07:00:00,17.4,17.5,17.15,17.15,2376700,SSB
2026-02-02 07:00:00,17.05,17.15,16.75,17.15,2938100,SSB
2026-02-03 07:00:00,17.05,17.15,16.85,17.0,2106100,SSB
2026-02-04 07:00:00,17.0,17.0,16.85,17.0,2104600,SSB
2026-02-05 07:00:00,16.95,17.0,16.8,16.8,2233600,SSB
2026-02-06 07:00:00,16.8,16.8,16.55,16.8,2245700,SSB
2026-02-09 07:00:00,16.7,16.8,16.55,16.75,2211700,SSB
2026-02-10 07:00:00,16.7,16.75,16.5,16.75,2014100,SSB
2026-02-11 07:00:00,16.7,17.0,16.6,17.0,2253800,SSB
2026-02-12 07:00:00,17.0,17.0,16.65,16.95,2132500,SSB
2026-02-13 07:00:00,16.9,17.0,16.75,17.0,2280700,SSB
2026-02-23 07:00:00,17.15,17.15,16.95,17.1,1608100,SSB
2026-02-24 07:00:00,17.0,17.05,16.9,17.0,2218700,SSB
2026-02-25 07:00:00,16.9,17.0,16.8,16.95,2121400,SSB
2026-02-26 07:00:00,16.95,17.0,16.75,17.0,2113700,SSB
2026-02-27 07:00:00,16.95,17.0,16.75,16.9,1992800,SSB
2026-03-02 07:00:00,16.6,16.8,16.55,16.8,2260000,SSB
2026-03-03 07:00:00,16.8,16.8,16.5,16.75,1925800,SSB
2026-03-04 07:00:00,16.55,16.8,16.4,16.8,2359000,SSB
2026-03-05 07:00:00,16.6,17.0,16.5,17.0,2783600,SSB
2026-03-06 07:00:00,16.95,17.0,16.65,17.0,2315400,SSB
2026-03-09 07:00:00,16.6,16.65,15.95,16.3,2308700,SSB
2026-03-10 07:00:00,16.5,16.55,16.2,16.5,2037900,SSB
2026-03-11 07:00:00,16.3,16.65,16.25,16.6,1996100,SSB
2026-03-12 07:00:00,16.35,16.55,16.3,16.55,2119000,SSB
2026-03-13 07:00:00,16.5,16.55,16.35,16.55,1559000,SSB
2026-03-16 07:00:00,16.55,16.55,16.35,16.55,2104500,SSB
2026-03-17 07:00:00,16.55,16.65,16.55,16.65,1751800,SSB
2026-03-18 07:00:00,16.7,16.8,16.6,16.8,1828900,SSB
2026-03-19 07:00:00,16.65,17.0,16.6,16.95,2877700,SSB
2026-03-20 07:00:00,16.95,16.95,16.75,16.9,1830300,SSB
2026-03-23 07:00:00,16.85,16.85,16.35,16.8,1855100,SSB
2026-03-24 07:00:00,16.8,16.8,16.6,16.8,1994400,SSB
2026-03-25 07:00:00,16.75,16.85,16.65,16.75,1774600,SSB
2026-03-26 07:00:00,16.75,16.75,16.6,16.75,2022600,SSB
2026-03-27 07:00:00,16.7,16.9,16.65,16.9,1878400,SSB
2026-03-30 07:00:00,16.85,16.9,16.6,16.9,1937100,SSB
2026-03-31 07:00:00,16.85,16.95,16.75,16.95,1800000,SSB
2026-04-01 07:00:00,17.0,17.05,16.9,17.0,1746800,SSB
2026-04-02 07:00:00,16.95,16.95,16.75,16.9,1858400,SSB
2026-04-03 07:00:00,16.9,16.95,16.7,16.8,1802200,SSB
2026-04-06 07:00:00,16.8,16.8,16.65,16.75,1938300,SSB
2026-04-07 07:00:00,16.8,16.8,16.65,16.8,1853300,SSB
2026-04-08 07:00:00,17.0,17.0,16.85,17.0,1785200,SSB
2026-04-09 07:00:00,17.35,17.35,17.05,17.15,1709800,SSB
2026-04-10 07:00:00,17.15,17.15,16.9,17.15,2369900,SSB
2026-04-13 07:00:00,16.95,17.15,16.95,17.1,2041600,SSB
2026-04-14 07:00:00,17.1,17.1,16.9,17.0,2184000,SSB
2026-04-15 07:00:00,17.0,17.05,16.8,16.9,1931900,SSB
2026-04-16 07:00:00,16.8,16.9,16.6,16.65,1956100,SSB
2026-04-17 07:00:00,16.65,16.85,16.55,16.85,2120100,SSB
2026-04-20 07:00:00,16.8,16.9,16.65,16.85,2195800,SSB
2026-04-21 07:00:00,16.85,16.85,16.65,16.8,1838800,SSB
2026-04-22 07:00:00,16.8,16.85,16.6,16.8,2355800,SSB
2026-04-23 07:00:00,16.75,16.8,16.6,16.7,2016900,SSB
2026-04-24 07:00:00,16.7,16.75,16.5,16.65,1888400,SSB
2026-04-28 07:00:00,16.65,16.65,16.5,16.65,1415200,SSB
2026-04-29 07:00:00,16.55,16.7,16.5,16.7,1809600,SSB
2026-05-04 07:00:00,16.7,16.75,16.6,16.75,1989700,SSB
2026-05-05 07:00:00,16.75,16.75,16.6,16.7,616100,SSB
2023-05-08 07:00:00,6.95,7.2,6.87,7.2,2069698,ABB
2023-05-09 07:00:00,7.12,7.36,7.12,7.28,1726090,ABB
2023-05-10 07:00:00,7.28,7.36,7.2,7.36,1242798,ABB
2023-05-11 07:00:00,7.28,7.36,7.2,7.28,1095537,ABB
2023-05-12 07:00:00,7.28,7.36,7.2,7.28,1056290,ABB
2023-05-15 07:00:00,7.36,7.86,7.28,7.7,4380539,ABB
2023-05-16 07:00:00,7.7,7.78,7.61,7.7,2010305,ABB
2023-05-17 07:00:00,7.7,7.7,7.45,7.53,1606336,ABB
2023-05-18 07:00:00,7.53,7.61,7.45,7.61,973351,ABB
2023-05-19 07:00:00,7.61,7.61,7.28,7.45,3328652,ABB
2023-05-22 07:00:00,7.45,7.53,7.28,7.45,2033613,ABB
2023-05-23 07:00:00,7.45,7.61,7.45,7.53,2155444,ABB
2023-05-24 07:00:00,7.53,7.61,7.45,7.53,1109708,ABB
2023-05-25 07:00:00,7.45,7.53,7.36,7.45,1184936,ABB
2023-05-26 07:00:00,7.45,7.53,7.36,7.45,1706658,ABB
2023-05-29 07:00:00,7.36,7.7,7.28,7.61,3690115,ABB
2023-05-30 07:00:00,8.3,8.3,7.66,7.93,3014285,ABB
2023-05-31 07:00:00,7.84,7.93,7.66,7.75,2210378,ABB
2023-06-01 07:00:00,7.75,8.02,7.66,8.02,2725255,ABB
2023-06-02 07:00:00,8.02,8.39,7.93,8.3,6134157,ABB
2023-06-05 07:00:00,8.39,8.48,8.12,8.3,3119194,ABB
2023-06-06 07:00:00,8.3,8.39,8.12,8.3,2885420,ABB
2023-06-07 07:00:00,8.21,8.3,8.12,8.21,2430840,ABB
2023-06-08 07:00:00,8.21,8.3,8.02,8.02,2321085,ABB
2023-06-09 07:00:00,8.02,8.12,7.75,7.93,5019925,ABB
2023-06-12 07:00:00,7.84,8.12,7.84,8.12,1781500,ABB
2023-06-13 07:00:00,8.12,8.12,7.93,8.12,1030745,ABB
2023-06-14 07:00:00,8.12,8.21,7.93,8.02,2741901,ABB
2023-06-15 07:00:00,8.02,8.02,7.93,8.02,950149,ABB
2023-06-16 07:00:00,8.02,8.21,7.93,8.02,3418361,ABB
2023-06-19 07:00:00,8.02,8.12,7.84,7.93,1146657,ABB
2023-06-20 07:00:00,7.93,8.02,7.84,8.02,716704,ABB
2023-06-21 07:00:00,8.02,8.21,7.93,8.21,2639174,ABB
2023-06-22 07:00:00,8.21,8.21,8.02,8.21,1252209,ABB
2023-06-23 07:00:00,8.21,8.21,8.02,8.12,1532404,ABB
2023-06-26 07:00:00,8.12,8.21,7.93,8.12,1901966,ABB
2023-06-27 07:00:00,8.12,8.12,7.93,8.12,1348817,ABB
2023-06-28 07:00:00,8.02,8.12,7.93,8.02,1909479,ABB
2023-06-29 07:00:00,7.93,8.12,7.93,8.02,1984839,ABB
2023-06-30 07:00:00,8.02,8.02,7.93,8.02,750165,ABB
2023-07-03 07:00:00,8.02,8.02,7.93,8.02,905216,ABB
2023-07-04 07:00:00,8.02,8.12,7.93,8.12,1319312,ABB
2023-07-05 07:00:00,8.12,8.12,8.02,8.12,1682927,ABB
2023-07-06 07:00:00,8.12,8.12,7.93,8.02,1046583,ABB
2023-07-07 07:00:00,7.93,8.02,7.84,7.93,959030,ABB
2023-07-10 07:00:00,7.93,8.02,7.93,8.02,1293076,ABB
2023-07-11 07:00:00,8.02,8.3,8.02,8.21,4893172,ABB
2023-07-12 07:00:00,8.21,8.3,8.12,8.21,1504608,ABB
2023-07-13 07:00:00,8.21,8.3,8.02,8.21,1997691,ABB
2023-07-14 07:00:00,8.21,8.21,8.02,8.02,1773997,ABB
2023-07-17 07:00:00,8.02,8.21,8.02,8.12,1841807,ABB
2023-07-18 07:00:00,8.12,8.21,8.02,8.21,1635542,ABB
2023-07-19 07:00:00,8.12,8.3,8.02,8.21,4351185,ABB
2023-07-20 07:00:00,8.12,8.21,8.02,8.21,1229069,ABB
2023-07-21 07:00:00,8.12,8.21,7.93,8.12,3193516,ABB
2023-07-24 07:00:00,8.02,8.12,8.02,8.02,1756175,ABB
2023-07-25 07:00:00,8.02,8.21,8.02,8.02,2878736,ABB
2023-07-26 07:00:00,8.02,8.12,7.93,8.02,2404007,ABB
2023-07-27 07:00:00,8.02,8.12,7.84,7.93,3000755,ABB
2023-07-28 07:00:00,7.93,8.02,7.84,7.93,2475779,ABB
2023-07-31 07:00:00,7.93,8.12,7.93,8.02,3029338,ABB
2023-08-01 07:00:00,8.02,8.48,8.02,8.21,8729316,ABB
2023-08-02 07:00:00,8.12,8.3,8.12,8.3,2070253,ABB
2023-08-03 07:00:00,8.3,8.39,8.12,8.21,3118570,ABB
2023-08-04 07:00:00,8.3,8.3,8.12,8.21,2620985,ABB
2023-08-07 07:00:00,8.21,8.48,8.21,8.39,6346257,ABB
2023-08-08 07:00:00,8.39,8.85,8.3,8.66,6025271,ABB
2023-08-09 07:00:00,8.66,8.76,8.39,8.57,3904754,ABB
2023-08-10 07:00:00,8.48,8.57,8.21,8.39,4285380,ABB
2023-08-11 07:00:00,8.39,8.48,8.12,8.3,3169598,ABB
2023-08-14 07:00:00,8.3,8.39,8.21,8.3,2431957,ABB
2023-08-15 07:00:00,8.3,8.39,8.21,8.3,1747390,ABB
2023-08-16 07:00:00,8.3,8.39,8.21,8.3,2161385,ABB
2023-08-17 07:00:00,8.3,8.39,8.21,8.21,1670067,ABB
2023-08-18 07:00:00,8.21,8.21,7.57,7.84,5456444,ABB
2023-08-21 07:00:00,7.84,7.93,7.66,7.84,2369323,ABB
2023-08-22 07:00:00,7.84,7.84,7.57,7.75,1980614,ABB
2023-08-23 07:00:00,7.75,7.93,7.75,7.75,1103883,ABB
2023-08-24 07:00:00,7.75,7.84,7.66,7.84,714537,ABB
2023-08-25 07:00:00,7.84,7.93,7.75,7.84,1100696,ABB
2023-08-28 07:00:00,7.84,7.93,7.75,7.84,669881,ABB
2023-08-29 07:00:00,7.84,7.93,7.84,7.93,804990,ABB
2023-08-30 07:00:00,7.93,7.93,7.84,7.93,955780,ABB
2023-08-31 07:00:00,7.84,8.02,7.84,7.93,1320123,ABB
2023-09-05 07:00:00,7.93,8.21,7.93,8.12,2096124,ABB
2023-09-06 07:00:00,8.12,9.12,8.02,8.57,5067898,ABB
2023-09-07 07:00:00,8.66,9.12,8.39,8.66,5545034,ABB
2023-09-08 07:00:00,8.76,8.76,8.39,8.57,3785485,ABB
2023-09-11 07:00:00,9.3,9.3,8.3,8.39,4143271,ABB
2023-09-12 07:00:00,8.48,8.48,8.3,8.48,1779730,ABB
2023-09-13 07:00:00,8.39,8.48,8.21,8.39,2825198,ABB
2023-09-14 07:00:00,8.3,8.39,8.21,8.3,1666371,ABB
2023-09-15 07:00:00,8.3,8.48,8.21,8.3,1269685,ABB
2023-09-18 07:00:00,8.3,8.3,8.12,8.12,1406083,ABB
2023-09-19 07:00:00,8.21,8.3,8.02,8.21,1230113,ABB
2023-09-20 07:00:00,8.12,8.3,8.12,8.3,646564,ABB
2023-09-21 07:00:00,8.3,8.3,8.12,8.21,835510,ABB
2023-09-22 07:00:00,8.21,8.21,7.84,8.02,2561871,ABB
2023-09-25 07:00:00,8.02,8.02,7.66,7.75,2452560,ABB
2023-09-26 07:00:00,7.75,7.84,7.66,7.75,1653147,ABB
2023-09-27 07:00:00,7.75,7.84,7.66,7.84,1133415,ABB
2023-09-28 07:00:00,7.84,7.84,7.66,7.84,635119,ABB
2023-09-29 07:00:00,7.75,7.84,7.75,7.84,399067,ABB
2023-10-02 07:00:00,7.84,7.84,7.75,7.84,480082,ABB
2023-10-03 07:00:00,7.84,7.84,7.48,7.57,1649902,ABB
2023-10-04 07:00:00,7.57,7.66,7.48,7.57,1696593,ABB
2023-10-05 07:00:00,7.57,7.66,7.3,7.39,1254775,ABB
2023-10-06 07:00:00,7.39,7.57,7.3,7.57,1205894,ABB
2023-10-09 07:00:00,7.48,7.48,7.39,7.48,781812,ABB
2023-10-10 07:00:00,7.48,7.57,7.39,7.48,1083584,ABB
2023-10-11 07:00:00,7.48,7.57,7.39,7.48,672087,ABB
2023-10-12 07:00:00,7.48,7.57,7.48,7.57,825905,ABB
2023-10-13 07:00:00,7.57,7.57,7.39,7.48,464311,ABB
2023-10-16 07:00:00,7.39,7.57,7.39,7.48,554347,ABB
2023-10-17 07:00:00,7.39,7.48,7.3,7.39,748444,ABB
2023-10-18 07:00:00,7.39,7.39,7.11,7.39,1068800,ABB
2023-10-19 07:00:00,7.3,7.39,7.11,7.2,493276,ABB
2023-10-20 07:00:00,7.2,7.39,7.11,7.39,755551,ABB
2023-10-23 07:00:00,7.3,7.39,7.2,7.3,262911,ABB
2023-10-24 07:00:00,7.2,7.3,7.2,7.3,523435,ABB
2023-10-25 07:00:00,7.3,7.39,7.2,7.3,511959,ABB
2023-10-26 07:00:00,7.3,7.3,6.84,7.02,2132155,ABB
2023-10-27 07:00:00,6.93,7.11,6.93,7.11,615136,ABB
2023-10-30 07:00:00,7.11,7.11,6.93,6.93,422667,ABB
2023-10-31 07:00:00,6.93,7.02,6.75,6.93,832697,ABB
2023-11-01 07:00:00,6.84,6.93,6.84,6.93,595421,ABB
2023-11-02 07:00:00,6.93,7.11,6.84,7.11,1219581,ABB
2023-11-03 07:00:00,7.11,7.11,7.02,7.02,558441,ABB
2023-11-06 07:00:00,7.11,7.11,7.02,7.11,541713,ABB
2023-11-07 07:00:00,7.02,7.11,6.93,7.02,1326681,ABB
2023-11-08 07:00:00,7.02,7.3,6.93,7.2,1404594,ABB
2023-11-09 07:00:00,7.3,7.39,7.11,7.2,1202719,ABB
2023-11-10 07:00:00,7.3,7.3,7.11,7.2,613110,ABB
2023-11-13 07:00:00,7.2,7.3,7.11,7.2,575077,ABB
2023-11-14 07:00:00,7.2,7.48,7.2,7.3,2087407,ABB
2023-11-15 07:00:00,7.39,7.57,7.3,7.39,797830,ABB
2023-11-16 07:00:00,7.39,7.39,7.2,7.39,634039,ABB
2023-11-17 07:00:00,7.2,7.39,7.11,7.11,1029851,ABB
2023-11-20 07:00:00,7.11,7.2,7.02,7.2,413061,ABB
2023-11-21 07:00:00,7.11,7.3,7.11,7.3,451065,ABB
2023-11-22 07:00:00,7.3,7.3,7.11,7.2,517738,ABB
2023-11-23 07:00:00,7.2,7.3,7.02,7.11,938797,ABB
2023-11-24 07:00:00,7.11,7.11,6.93,7.11,1158993,ABB
2023-11-27 07:00:00,7.02,7.11,7.02,7.02,322785,ABB
2023-11-28 07:00:00,7.02,7.11,6.93,7.11,373891,ABB
2023-11-29 07:00:00,7.02,7.11,7.02,7.02,382079,ABB
2023-11-30 07:00:00,7.11,7.11,6.93,7.02,307350,ABB
2023-12-01 07:00:00,6.93,7.11,6.93,7.02,662158,ABB
2023-12-04 07:00:00,7.02,7.2,7.02,7.11,749333,ABB
2023-12-05 07:00:00,7.11,7.2,7.02,7.11,349452,ABB
2023-12-06 07:00:00,7.11,7.2,7.02,7.2,536923,ABB
2023-12-07 07:00:00,7.2,7.2,7.11,7.2,734312,ABB
2023-12-08 07:00:00,7.2,7.2,7.11,7.2,325602,ABB
2023-12-11 07:00:00,7.2,7.2,7.02,7.11,635047,ABB
2023-12-12 07:00:00,7.11,7.2,7.02,7.02,723597,ABB
2023-12-13 07:00:00,7.11,7.2,7.02,7.11,518136,ABB
2023-12-14 07:00:00,7.02,7.2,7.02,7.11,607028,ABB
2023-12-15 07:00:00,7.02,7.2,7.02,7.02,523464,ABB
2023-12-18 07:00:00,7.11,7.2,7.02,7.02,564466,ABB
2023-12-19 07:00:00,7.11,7.3,6.93,7.3,2759931,ABB
2023-12-20 07:00:00,7.3,7.3,7.2,7.3,420890,ABB
2023-12-21 07:00:00,7.2,7.3,7.2,7.3,480339,ABB
2023-12-22 07:00:00,7.3,7.3,7.11,7.2,402789,ABB
2023-12-25 07:00:00,7.2,7.3,7.11,7.3,775091,ABB
2023-12-26 07:00:00,7.3,7.3,7.2,7.3,537196,ABB
2023-12-27 07:00:00,7.3,7.3,7.2,7.2,263946,ABB
2023-12-28 07:00:00,7.2,7.3,7.11,7.2,776098,ABB
2023-12-29 07:00:00,7.2,7.3,7.2,7.3,623931,ABB
2024-01-02 07:00:00,7.3,7.84,7.2,7.48,5601666,ABB
2024-01-03 07:00:00,7.48,7.57,7.39,7.57,1637046,ABB
2024-01-04 07:00:00,7.57,7.75,7.48,7.57,4623006,ABB
2024-01-05 07:00:00,7.57,7.57,7.39,7.48,1200962,ABB
2024-01-08 07:00:00,7.57,7.57,7.39,7.48,962879,ABB
2024-01-09 07:00:00,7.57,7.57,7.39,7.39,1638752,ABB
2024-01-10 07:00:00,7.39,7.66,7.39,7.57,2748710,ABB
2024-01-11 07:00:00,7.57,8.02,7.48,7.75,6136154,ABB
2024-01-12 07:00:00,7.75,7.84,7.57,7.75,3054970,ABB
2024-01-15 07:00:00,7.75,7.75,7.48,7.57,2271431,ABB
2024-01-16 07:00:00,7.57,7.66,7.48,7.66,1152701,ABB
2024-01-17 07:00:00,7.66,7.66,7.48,7.57,1826651,ABB
2024-01-18 07:00:00,7.48,7.57,7.39,7.57,1447788,ABB
2024-01-19 07:00:00,7.57,7.57,7.39,7.57,2654475,ABB
2024-01-22 07:00:00,7.57,7.66,7.48,7.57,1616804,ABB
2024-01-23 07:00:00,7.57,7.57,7.48,7.48,2264829,ABB
2024-01-24 07:00:00,7.48,7.57,7.48,7.57,1580648,ABB
2024-01-25 07:00:00,7.57,7.57,7.39,7.39,499665,ABB
2024-01-26 07:00:00,7.48,7.57,7.39,7.57,841775,ABB
2024-01-29 07:00:00,7.48,7.57,7.39,7.39,550855,ABB
2024-01-30 07:00:00,7.39,7.48,7.39,7.48,1724142,ABB
2024-01-31 07:00:00,7.39,7.48,7.3,7.39,1194754,ABB
2024-02-01 07:00:00,7.3,7.48,7.3,7.39,910463,ABB
2024-02-02 07:00:00,7.39,7.48,7.3,7.39,496082,ABB
2024-02-05 07:00:00,7.39,7.57,7.3,7.48,1377688,ABB
2024-02-06 07:00:00,7.48,7.57,7.39,7.48,512015,ABB
2024-02-07 07:00:00,7.48,7.57,7.39,7.57,853468,ABB
2024-02-15 07:00:00,7.57,7.84,7.48,7.75,3671430,ABB
2024-02-16 07:00:00,7.75,7.75,7.57,7.75,1345596,ABB
2024-02-19 07:00:00,7.66,7.75,7.57,7.66,1383385,ABB
2024-02-20 07:00:00,7.66,7.66,7.57,7.66,862573,ABB
2024-02-21 07:00:00,7.66,7.75,7.57,7.66,1458861,ABB
2024-02-22 07:00:00,7.66,7.75,7.57,7.66,1874476,ABB
2024-02-23 07:00:00,7.66,7.84,7.57,7.66,4788089,ABB
2024-02-26 07:00:00,7.66,7.75,7.57,7.66,683508,ABB
2024-02-27 07:00:00,7.66,7.66,7.48,7.57,1621447,ABB
2024-02-28 07:00:00,7.66,7.66,7.57,7.66,1048821,ABB
2024-02-29 07:00:00,7.66,7.66,7.57,7.57,577321,ABB
2024-03-01 07:00:00,7.57,7.84,7.57,7.66,3380881,ABB
2024-03-04 07:00:00,7.66,7.75,7.57,7.66,826578,ABB
2024-03-05 07:00:00,7.66,7.66,7.48,7.66,2399183,ABB
2024-03-06 07:00:00,7.66,7.66,7.48,7.57,2610300,ABB
2024-03-07 07:00:00,7.48,7.57,7.39,7.57,1630431,ABB
2024-03-08 07:00:00,7.57,7.57,7.39,7.48,1116536,ABB
2024-03-11 07:00:00,7.48,7.48,7.3,7.39,1231759,ABB
2024-03-12 07:00:00,7.39,7.48,7.3,7.39,554564,ABB
2024-03-13 07:00:00,7.39,7.48,7.3,7.48,1277562,ABB
2024-03-14 07:00:00,7.39,7.48,7.3,7.48,929536,ABB
2024-03-15 07:00:00,7.39,7.48,7.3,7.48,1116857,ABB
2024-03-18 07:00:00,7.48,7.48,7.2,7.2,1931497,ABB
2024-03-19 07:00:00,7.3,7.39,7.2,7.2,515732,ABB
2024-03-20 07:00:00,7.3,7.39,7.2,7.3,396002,ABB
2024-03-21 07:00:00,7.3,7.39,7.3,7.3,1114370,ABB
2024-03-22 07:00:00,7.3,7.48,7.3,7.39,1526277,ABB
2024-03-25 07:00:00,7.39,7.39,7.2,7.39,1164813,ABB
2024-03-26 07:00:00,7.3,7.39,7.2,7.39,1074368,ABB
2024-03-27 07:00:00,7.3,7.39,7.2,7.3,955763,ABB
2024-03-28 07:00:00,7.3,7.39,7.2,7.39,2444673,ABB
2024-03-29 07:00:00,7.39,7.39,7.2,7.39,1077938,ABB
2024-04-01 07:00:00,7.3,7.39,7.2,7.3,997861,ABB
2024-04-02 07:00:00,7.3,7.3,7.11,7.3,1317390,ABB
2024-04-03 07:00:00,7.2,7.3,7.2,7.3,1327146,ABB
2024-04-04 07:00:00,7.3,7.3,7.11,7.3,1112154,ABB
2024-04-05 07:00:00,7.3,7.3,7.11,7.2,974311,ABB
2024-04-08 07:00:00,7.2,7.2,7.11,7.2,817717,ABB
2024-04-09 07:00:00,7.11,7.2,7.02,7.2,1300250,ABB
2024-04-10 07:00:00,7.2,7.48,7.11,7.39,4682103,ABB
2024-04-11 07:00:00,7.3,7.48,7.3,7.48,2687623,ABB
2024-04-12 07:00:00,7.48,7.48,7.2,7.48,2499514,ABB
2024-04-15 07:00:00,7.39,7.39,7.11,7.3,4056223,ABB
2024-04-16 07:00:00,7.3,7.3,7.02,7.2,2450456,ABB
2024-04-17 07:00:00,7.11,7.2,7.02,7.11,1708191,ABB
2024-04-19 07:00:00,7.11,7.11,6.84,6.84,1419991,ABB
2024-04-22 07:00:00,6.93,7.02,6.84,6.93,1071222,ABB
2024-04-23 07:00:00,7.02,7.02,6.84,6.93,676628,ABB
2024-04-24 07:00:00,6.93,7.02,6.84,6.93,754524,ABB
2024-04-25 07:00:00,7.02,7.11,6.93,7.11,1053983,ABB
2024-04-26 07:00:00,7.11,7.11,6.93,7.02,856832,ABB
2024-05-02 07:00:00,7.02,7.11,6.93,7.02,316222,ABB
2024-05-03 07:00:00,6.93,7.11,6.93,7.02,750944,ABB
2024-05-06 07:00:00,7.02,7.11,6.93,7.11,727443,ABB
2024-05-07 07:00:00,7.11,7.11,7.02,7.02,254033,ABB
2024-05-08 07:00:00,7.02,7.11,7.02,7.11,1374915,ABB
2024-05-09 07:00:00,7.02,7.3,7.02,7.2,2527280,ABB
2024-05-10 07:00:00,7.3,7.3,7.11,7.2,1001991,ABB
2024-05-13 07:00:00,7.11,7.2,7.02,7.02,708253,ABB
2024-05-14 07:00:00,7.02,7.11,7.02,7.11,548025,ABB
2024-05-15 07:00:00,7.11,7.11,7.02,7.11,1126339,ABB
2024-05-16 07:00:00,7.11,7.2,7.02,7.02,2043183,ABB
2024-05-17 07:00:00,7.11,7.2,7.02,7.11,965251,ABB
2024-05-20 07:00:00,7.11,7.57,7.11,7.48,11447105,ABB
2024-05-21 07:00:00,7.39,8.48,7.39,8.3,68718379,ABB
2024-05-22 07:00:00,8.3,8.48,7.75,7.75,15769715,ABB
2024-05-23 07:00:00,7.84,7.93,7.57,7.75,8082882,ABB
2024-05-24 07:00:00,7.84,8.21,7.66,7.84,5527617,ABB
2024-05-27 07:00:00,7.93,7.93,7.66,7.84,2376879,ABB
2024-05-28 07:00:00,7.75,7.84,7.57,7.75,3561446,ABB
2024-05-29 07:00:00,7.75,8.3,7.66,8.02,7527986,ABB
2024-05-30 07:00:00,8.02,8.02,7.75,7.93,2564341,ABB
2024-05-31 07:00:00,7.84,7.93,7.75,7.84,1913126,ABB
2024-06-03 07:00:00,7.84,8.02,7.75,8.02,2865689,ABB
2024-06-04 07:00:00,7.84,8.02,7.84,7.93,2184025,ABB
2024-06-05 07:00:00,7.93,8.02,7.75,7.84,2174616,ABB
2024-06-06 07:00:00,7.84,7.93,7.66,7.84,2363845,ABB
2024-06-07 07:00:00,7.84,7.93,7.75,7.93,2185267,ABB
2024-06-10 07:00:00,7.93,8.02,7.84,7.93,2468147,ABB
2024-06-11 07:00:00,7.84,8.02,7.75,7.84,1809540,ABB
2024-06-12 07:00:00,7.84,7.93,7.75,7.93,1970944,ABB
2024-06-13 07:00:00,7.93,8.02,7.75,7.93,1743768,ABB
2024-06-14 07:00:00,7.93,7.93,7.66,7.75,3159498,ABB
2024-06-17 07:00:00,7.75,7.75,7.57,7.66,1570280,ABB
2024-06-18 07:00:00,7.66,7.75,7.66,7.66,1063813,ABB
2024-06-19 07:00:00,7.66,7.75,7.57,7.66,927578,ABB
2024-06-20 07:00:00,7.75,7.75,7.57,7.66,1234770,ABB
2024-06-21 07:00:00,7.57,7.75,7.48,7.57,1068435,ABB
2024-06-24 07:00:00,7.66,7.66,7.39,7.48,1766192,ABB
2024-06-25 07:00:00,7.48,7.57,7.39,7.48,915849,ABB
2024-06-26 07:00:00,7.48,7.48,7.3,7.48,1247241,ABB
2024-06-27 07:00:00,7.39,7.48,7.3,7.48,795494,ABB
2024-06-28 07:00:00,7.48,7.48,7.3,7.39,965097,ABB
2024-07-01 07:00:00,7.39,7.39,7.2,7.3,907384,ABB
2024-07-02 07:00:00,7.3,7.39,7.2,7.39,695003,ABB
2024-07-03 07:00:00,7.39,7.48,7.3,7.39,808924,ABB
2024-07-04 07:00:00,7.39,7.48,7.3,7.39,618796,ABB
2024-07-05 07:00:00,7.39,7.48,7.3,7.48,553864,ABB
2024-07-08 07:00:00,7.39,7.48,7.3,7.48,602355,ABB
2024-07-09 07:00:00,7.39,7.48,7.3,7.48,805097,ABB
2024-07-10 07:00:00,7.48,7.48,7.3,7.39,564437,ABB
2024-07-11 07:00:00,7.39,7.48,7.3,7.48,644888,ABB
2024-07-12 07:00:00,7.39,7.39,7.3,7.39,383747,ABB
2024-07-15 07:00:00,7.39,7.48,7.3,7.39,769622,ABB
2024-07-16 07:00:00,7.3,7.48,7.3,7.39,962570,ABB
2024-07-17 07:00:00,7.39,7.75,7.39,7.57,4622139,ABB
2024-07-18 07:00:00,7.57,7.57,7.39,7.57,766058,ABB
2024-07-19 07:00:00,7.57,7.57,7.3,7.39,1682032,ABB
2024-07-22 07:00:00,7.39,7.48,7.2,7.39,1905705,ABB
2024-07-23 07:00:00,7.3,7.39,7.11,7.2,1286074,ABB
2024-07-24 07:00:00,7.2,7.3,7.11,7.2,1128643,ABB
2024-07-25 07:00:00,7.11,7.2,7.11,7.2,1200457,ABB
2024-07-26 07:00:00,7.11,7.3,7.11,7.2,924577,ABB
2024-07-29 07:00:00,7.11,7.3,7.11,7.2,652464,ABB
2024-07-30 07:00:00,7.2,7.3,7.2,7.2,651156,ABB
2024-07-31 07:00:00,7.2,7.3,7.11,7.3,1087806,ABB
2024-08-01 07:00:00,7.2,7.3,7.02,7.2,1884762,ABB
2024-08-02 07:00:00,7.11,7.2,6.93,7.11,2458788,ABB
2024-08-05 07:00:00,7.11,7.11,6.84,6.93,3048976,ABB
2024-08-06 07:00:00,6.84,7.02,6.84,7.02,1024253,ABB
2024-08-07 07:00:00,7.02,7.02,6.93,7.02,388017,ABB
2024-08-08 07:00:00,7.02,7.02,6.84,6.93,850771,ABB
2024-08-09 07:00:00,6.93,7.02,6.93,6.93,276019,ABB
2024-08-12 07:00:00,6.93,7.02,6.93,7.02,599966,ABB
2024-08-13 07:00:00,6.93,7.02,6.84,7.02,609114,ABB
2024-08-14 07:00:00,6.93,7.02,6.93,7.02,555778,ABB
2024-08-15 07:00:00,7.02,7.02,6.84,7.02,390481,ABB
2024-08-16 07:00:00,7.02,7.11,6.93,7.02,759091,ABB
2024-08-19 07:00:00,7.02,7.11,7.02,7.11,544809,ABB
2024-08-20 07:00:00,7.11,7.11,7.02,7.11,657750,ABB
2024-08-21 07:00:00,7.11,7.11,7.02,7.11,1158366,ABB
2024-08-22 07:00:00,7.11,7.2,7.11,7.11,1238941,ABB
2024-08-23 07:00:00,7.11,7.2,7.02,7.11,776531,ABB
2024-08-26 07:00:00,7.2,7.2,7.02,7.2,1568916,ABB
2024-08-27 07:00:00,7.11,7.2,7.02,7.2,427923,ABB
2024-08-28 07:00:00,7.11,7.2,7.02,7.2,709429,ABB
2024-08-29 07:00:00,7.02,7.2,7.02,7.11,561268,ABB
2024-08-30 07:00:00,7.11,7.2,7.02,7.2,614724,ABB
2024-09-04 07:00:00,7.2,7.2,7.02,7.11,202535,ABB
2024-09-05 07:00:00,7.02,7.11,7.02,7.11,953397,ABB
2024-09-06 07:00:00,7.11,7.11,6.93,7.11,831960,ABB
2024-09-09 07:00:00,7.11,7.11,6.84,7.02,1083527,ABB
2024-09-10 07:00:00,6.93,7.02,6.84,6.93,455667,ABB
2024-09-11 07:00:00,6.93,7.02,6.84,6.93,1111040,ABB
2024-09-12 07:00:00,7.02,7.02,6.93,7.02,352531,ABB
2024-09-13 07:00:00,7.02,7.02,6.84,6.93,576468,ABB
2024-09-16 07:00:00,6.93,7.02,6.84,6.93,600021,ABB
2024-09-17 07:00:00,6.93,7.02,6.84,7.02,505709,ABB
2024-09-18 07:00:00,7.02,7.02,6.93,7.02,505802,ABB
2024-09-19 07:00:00,7.02,7.02,6.93,7.02,212952,ABB
2024-09-20 07:00:00,6.93,7.11,6.93,7.02,1431875,ABB
2024-09-23 07:00:00,7.02,7.02,6.93,7.02,260077,ABB
2024-09-24 07:00:00,6.66,7.02,6.66,7.02,418045,ABB
2024-09-25 07:00:00,7.02,7.11,6.93,7.11,1136561,ABB
2024-09-26 07:00:00,7.02,7.2,7.02,7.2,2184419,ABB
2024-09-27 07:00:00,7.2,7.57,7.11,7.39,3456474,ABB
2024-09-30 07:00:00,7.3,7.39,7.2,7.39,1737725,ABB
2024-10-01 07:00:00,7.39,7.39,7.2,7.3,1292921,ABB
2024-10-02 07:00:00,7.3,7.3,7.11,7.3,1576882,ABB
2024-10-03 07:00:00,7.3,7.48,7.2,7.3,4402793,ABB
2024-10-04 07:00:00,7.39,7.39,7.11,7.3,1016650,ABB
2024-10-07 07:00:00,7.3,7.3,7.02,7.2,1879953,ABB
2024-10-08 07:00:00,7.2,7.3,7.11,7.2,1093523,ABB
2024-10-09 07:00:00,7.2,7.2,7.02,7.11,988867,ABB
2024-10-10 07:00:00,7.11,7.2,7.11,7.2,1051698,ABB
2024-10-11 07:00:00,7.2,7.2,7.11,7.2,1172907,ABB
2024-10-14 07:00:00,7.11,7.2,7.02,7.11,1342466,ABB
2024-10-15 07:00:00,7.11,7.2,7.02,7.11,829684,ABB
2024-10-16 07:00:00,7.11,7.2,7.02,7.11,864463,ABB
2024-10-17 07:00:00,7.11,7.2,7.02,7.2,654860,ABB
2024-10-18 07:00:00,7.11,7.2,7.11,7.2,573615,ABB
2024-10-21 07:00:00,7.11,7.11,6.93,7.11,1459448,ABB
2024-10-22 07:00:00,7.02,7.11,6.93,7.11,948732,ABB
2024-10-23 07:00:00,6.93,7.02,6.93,7.02,765778,ABB
2024-10-24 07:00:00,7.02,7.11,6.93,7.11,2377906,ABB
2024-10-25 07:00:00,7.02,7.11,6.93,7.11,758077,ABB
2024-10-28 07:00:00,7.11,7.11,7.02,7.02,285299,ABB
2024-10-29 07:00:00,7.02,7.11,7.02,7.02,386909,ABB
2024-10-30 07:00:00,7.02,7.11,6.93,7.02,744609,ABB
2024-10-31 07:00:00,7.02,7.11,6.93,7.02,1839831,ABB
2024-11-01 07:00:00,7.02,7.02,6.84,6.93,1065834,ABB
2024-11-04 07:00:00,6.93,6.93,6.84,6.84,502159,ABB
2024-11-05 07:00:00,6.93,6.93,6.84,6.93,213905,ABB
2024-11-06 07:00:00,6.84,7.02,6.84,6.93,1111938,ABB
2024-11-07 07:00:00,7.02,7.02,6.93,6.93,453153,ABB
2024-11-08 07:00:00,6.93,7.02,6.84,6.93,379590,ABB
2024-11-11 07:00:00,6.84,6.93,6.84,6.84,585269,ABB
2024-11-12 07:00:00,6.93,6.93,6.84,6.93,833551,ABB
2024-11-13 07:00:00,6.84,6.93,6.75,6.84,676616,ABB
2024-11-14 07:00:00,6.84,6.93,6.75,6.75,286994,ABB
2024-11-15 07:00:00,6.75,6.84,6.75,6.75,591961,ABB
2024-11-18 07:00:00,6.75,6.84,6.66,6.75,412208,ABB
2024-11-19 07:00:00,6.75,6.84,6.66,6.75,462541,ABB
2024-11-20 07:00:00,6.75,6.84,6.66,6.84,965311,ABB
2024-11-21 07:00:00,6.75,6.84,6.66,6.75,419631,ABB
2024-11-22 07:00:00,6.75,6.75,6.66,6.75,109337,ABB
2024-11-25 07:00:00,6.66,6.75,6.66,6.66,751630,ABB
2024-11-26 07:00:00,6.75,6.75,6.66,6.75,442293,ABB
2024-11-27 07:00:00,6.75,6.75,6.57,6.66,762284,ABB
2024-11-28 07:00:00,6.66,6.75,6.57,6.66,1048773,ABB
2024-11-29 07:00:00,6.66,6.75,6.57,6.66,616749,ABB
2024-12-02 07:00:00,6.66,6.75,6.57,6.75,838697,ABB
2024-12-03 07:00:00,6.66,6.75,6.57,6.66,356047,ABB
2024-12-04 07:00:00,6.66,6.66,6.57,6.66,280475,ABB
2024-12-05 07:00:00,6.66,6.75,6.57,6.66,1074861,ABB
2024-12-06 07:00:00,6.75,6.75,6.57,6.66,1051052,ABB
2024-12-09 07:00:00,6.66,6.75,6.66,6.75,105032,ABB
2024-12-10 07:00:00,6.75,6.75,6.66,6.75,320893,ABB
2024-12-11 07:00:00,6.75,6.75,6.66,6.75,172864,ABB
2024-12-12 07:00:00,6.66,6.75,6.57,6.66,725794,ABB
2024-12-13 07:00:00,6.66,6.66,6.57,6.66,336253,ABB
2024-12-16 07:00:00,6.66,6.66,6.57,6.66,229031,ABB
2024-12-17 07:00:00,6.66,6.66,6.57,6.66,377245,ABB
2024-12-18 07:00:00,6.57,6.66,6.57,6.66,292031,ABB
2024-12-19 07:00:00,6.66,6.66,6.48,6.57,935427,ABB
2024-12-20 07:00:00,6.57,6.57,6.48,6.57,239582,ABB
2024-12-23 07:00:00,6.57,6.66,6.57,6.66,453961,ABB
2024-12-24 07:00:00,6.57,6.66,6.57,6.66,1630317,ABB
2024-12-25 07:00:00,6.57,6.84,6.57,6.84,1363555,ABB
2024-12-26 07:00:00,6.75,6.84,6.66,6.75,162756,ABB
2024-12-27 07:00:00,6.75,6.75,6.66,6.75,395475,ABB
2024-12-30 07:00:00,6.66,6.75,6.57,6.75,287974,ABB
2024-12-31 07:00:00,6.66,6.75,6.57,6.75,347244,ABB
2025-01-02 07:00:00,6.75,6.75,6.57,6.75,266815,ABB
2025-01-03 07:00:00,6.75,6.75,6.57,6.66,778858,ABB
2025-01-06 07:00:00,6.66,6.66,6.57,6.66,395284,ABB
2025-01-07 07:00:00,6.66,6.66,6.48,6.57,437914,ABB
2025-01-08 07:00:00,6.57,6.66,6.48,6.57,346559,ABB
2025-01-09 07:00:00,6.57,6.66,6.48,6.48,390419,ABB
2025-01-10 07:00:00,6.48,6.57,6.48,6.57,192770,ABB
2025-01-13 07:00:00,6.57,6.57,6.48,6.48,636415,ABB
2025-01-14 07:00:00,6.48,6.48,6.48,6.48,438705,ABB
2025-01-15 07:00:00,6.48,6.57,6.38,6.57,370164,ABB
2025-01-16 07:00:00,6.57,6.57,6.48,6.57,122339,ABB
2025-01-17 07:00:00,6.57,6.57,6.38,6.57,477318,ABB
2025-01-20 07:00:00,6.57,6.57,6.38,6.48,581148,ABB
2025-01-21 07:00:00,6.48,6.57,6.48,6.48,175093,ABB
2025-01-22 07:00:00,6.48,6.57,6.38,6.48,445858,ABB
2025-01-23 07:00:00,6.48,6.57,6.48,6.48,213073,ABB
2025-01-24 07:00:00,6.48,6.57,6.48,6.48,184629,ABB
2025-02-03 07:00:00,6.57,6.66,6.48,6.66,748907,ABB
2025-02-04 07:00:00,6.66,6.75,6.57,6.75,969355,ABB
2025-02-05 07:00:00,6.75,6.75,6.66,6.75,248446,ABB
2025-02-06 07:00:00,6.66,6.75,6.57,6.75,884879,ABB
2025-02-07 07:00:00,6.75,6.84,6.66,6.84,1149195,ABB
2025-02-10 07:00:00,6.84,6.84,6.66,6.75,721617,ABB
2025-02-11 07:00:00,6.66,6.84,6.66,6.84,531644,ABB
2025-02-12 07:00:00,6.75,6.84,6.66,6.75,400538,ABB
2025-02-13 07:00:00,6.75,6.75,6.57,6.75,721994,ABB
2025-02-14 07:00:00,6.57,7.02,6.57,7.02,2489065,ABB
2025-02-17 07:00:00,7.02,7.3,6.93,7.2,2936316,ABB
2025-02-18 07:00:00,7.2,7.2,7.02,7.11,1340165,ABB
2025-02-19 07:00:00,7.11,7.11,6.84,7.02,1733652,ABB
2025-02-20 07:00:00,7.02,7.2,6.93,7.11,2062320,ABB
2025-02-21 07:00:00,7.11,7.3,7.02,7.2,1865805,ABB
2025-02-24 07:00:00,7.2,7.2,7.02,7.2,1052716,ABB
2025-02-25 07:00:00,7.11,7.2,7.02,7.2,906837,ABB
2025-02-26 07:00:00,7.11,7.2,6.93,7.02,1969282,ABB
2025-02-27 07:00:00,7.02,7.11,6.93,7.02,559803,ABB
2025-02-28 07:00:00,7.02,7.02,6.84,6.93,1292755,ABB
2025-03-03 07:00:00,6.93,6.93,6.84,6.84,742032,ABB
2025-03-04 07:00:00,6.93,6.93,6.75,6.93,683695,ABB
2025-03-05 07:00:00,6.84,7.02,6.84,6.93,1006391,ABB
2025-03-06 07:00:00,6.93,7.02,6.84,7.02,638892,ABB
2025-03-07 07:00:00,6.93,7.39,6.93,7.2,6830747,ABB
2025-03-10 07:00:00,7.2,7.66,7.2,7.48,9494409,ABB
2025-03-11 07:00:00,7.48,7.48,7.3,7.48,1282131,ABB
2025-03-12 07:00:00,7.48,7.57,7.2,7.3,10458204,ABB
2025-03-13 07:00:00,7.3,7.3,7.11,7.3,1558082,ABB
2025-03-14 07:00:00,7.2,7.48,7.2,7.48,3097747,ABB
2025-03-17 07:00:00,7.39,7.66,7.39,7.66,5395303,ABB
2025-03-18 07:00:00,8.66,8.66,7.57,7.84,20722023,ABB
2025-03-19 07:00:00,9.03,9.03,7.39,7.57,4368360,ABB
2025-03-20 07:00:00,7.57,7.66,7.11,7.2,6012296,ABB
2025-03-21 07:00:00,8.02,8.02,7.2,7.48,2614842,ABB
2025-03-24 07:00:00,7.57,7.57,7.2,7.39,1193082,ABB
2025-03-25 07:00:00,7.39,7.48,7.2,7.39,1922783,ABB
2025-03-26 07:00:00,7.39,7.39,7.11,7.2,1997006,ABB
2025-03-27 07:00:00,7.2,7.3,7.11,7.2,1486243,ABB
2025-03-28 07:00:00,7.2,7.2,7.02,7.2,1492578,ABB
2025-03-31 07:00:00,7.11,7.2,7.02,7.11,1441900,ABB
2025-04-01 07:00:00,7.2,7.2,7.11,7.2,596406,ABB
2025-04-02 07:00:00,7.2,7.39,7.2,7.39,3361239,ABB
2025-04-03 07:00:00,7.2,7.3,6.48,6.75,8472241,ABB
2025-04-04 07:00:00,6.75,6.75,6.2,6.57,4865285,ABB
2025-04-08 07:00:00,6.48,6.66,5.93,6.2,4687149,ABB
2025-04-09 07:00:00,5.56,6.29,5.56,6.11,2674757,ABB
2025-04-10 07:00:00,6.38,7.02,6.38,7.02,4817837,ABB
2025-04-11 07:00:00,7.02,7.2,6.66,6.93,3223005,ABB
2025-04-14 07:00:00,6.93,6.93,6.57,6.66,1761447,ABB
2025-04-15 07:00:00,6.75,6.75,6.57,6.57,1004435,ABB
2025-04-16 07:00:00,6.57,6.66,6.48,6.66,1444765,ABB
2025-04-17 07:00:00,6.57,6.66,6.48,6.66,1156002,ABB
2025-04-18 07:00:00,6.66,6.84,6.66,6.84,2415594,ABB
2025-04-21 07:00:00,6.75,6.93,6.66,6.75,839020,ABB
2025-04-22 07:00:00,6.75,6.75,6.2,6.48,3329580,ABB
2025-04-23 07:00:00,6.57,6.75,6.57,6.66,698182,ABB
2025-04-24 07:00:00,6.66,6.75,6.57,6.66,1067833,ABB
2025-04-25 07:00:00,6.66,6.75,6.57,6.75,1215572,ABB
2025-04-28 07:00:00,6.66,6.75,6.57,6.66,794542,ABB
2025-04-29 07:00:00,6.66,6.75,6.57,6.75,868676,ABB
2025-05-05 07:00:00,6.75,6.84,6.66,6.84,1113900,ABB
2025-05-06 07:00:00,6.84,6.84,6.66,6.84,1414900,ABB
2025-05-07 07:00:00,6.84,6.84,6.66,6.75,792000,ABB
2025-05-08 07:00:00,6.75,6.84,6.66,6.84,1454600,ABB
2025-05-09 07:00:00,6.75,6.84,6.66,6.84,862700,ABB
2025-05-12 07:00:00,6.84,6.84,6.66,6.84,748600,ABB
2025-05-13 07:00:00,6.75,6.84,6.75,6.84,1175700,ABB
2025-05-14 07:00:00,6.75,6.93,6.75,6.93,2509400,ABB
2025-05-15 07:00:00,6.93,7.11,6.84,7.11,4009300,ABB
2025-05-16 07:00:00,7.02,7.11,6.84,7.02,1793900,ABB
2025-05-19 07:00:00,6.93,7.02,6.84,6.93,1491200,ABB
2025-05-20 07:00:00,6.93,7.02,6.84,6.93,1561500,ABB
2025-05-21 07:00:00,6.93,7.11,6.84,7.02,2959500,ABB
2025-05-22 07:00:00,7.02,7.02,6.84,6.93,1551800,ABB
2025-05-23 07:00:00,6.93,6.93,6.84,6.93,1124600,ABB
2025-05-26 07:00:00,6.93,7.02,6.75,7.02,3431800,ABB
2025-05-27 07:00:00,6.93,7.39,6.93,7.3,6121000,ABB
2025-05-28 07:00:00,7.3,7.57,7.2,7.48,7970000,ABB
2025-05-29 07:00:00,7.39,7.57,7.3,7.39,3498100,ABB
2025-05-30 07:00:00,7.39,7.48,7.2,7.3,2732400,ABB
2025-06-02 07:00:00,7.3,7.39,7.11,7.39,2988300,ABB
2025-06-03 07:00:00,7.39,7.48,7.2,7.39,2716400,ABB
2025-06-04 07:00:00,7.39,7.57,7.3,7.39,3129900,ABB
2025-06-05 07:00:00,7.39,7.48,7.3,7.39,2031500,ABB
2025-06-06 07:00:00,7.39,7.39,7.2,7.3,2012100,ABB
2025-06-09 07:00:00,7.3,7.3,7.11,7.2,2373100,ABB
2025-06-10 07:00:00,7.2,7.39,7.11,7.3,3051500,ABB
2025-06-11 07:00:00,7.3,7.75,7.3,7.57,6889300,ABB
2025-06-12 07:00:00,7.57,7.75,7.48,7.66,2947900,ABB
2025-06-13 07:00:00,7.57,7.66,7.39,7.48,3266900,ABB
2025-06-16 07:00:00,7.48,7.66,7.39,7.66,2653700,ABB
2025-06-17 07:00:00,7.66,7.93,7.57,7.75,3831400,ABB
2025-06-18 07:00:00,7.75,7.75,7.57,7.66,2733800,ABB
2025-06-19 07:00:00,7.66,7.75,7.48,7.66,2321900,ABB
2025-06-20 07:00:00,7.57,7.75,7.48,7.75,2654900,ABB
2025-06-23 07:00:00,7.66,7.75,7.48,7.66,1950600,ABB
2025-06-24 07:00:00,7.57,7.66,7.57,7.66,1879100,ABB
2025-06-25 07:00:00,7.66,7.75,7.48,7.66,3212900,ABB
2025-06-26 07:00:00,7.66,7.66,7.48,7.57,1904500,ABB
2025-06-27 07:00:00,7.57,7.75,7.57,7.66,2144300,ABB
2025-06-30 07:00:00,7.66,7.75,7.57,7.66,1226900,ABB
2025-07-01 07:00:00,7.57,7.66,7.48,7.66,1854100,ABB
2025-07-02 07:00:00,7.57,7.66,7.48,7.66,1069700,ABB
2025-07-03 07:00:00,7.57,7.66,7.48,7.57,1893000,ABB
2025-07-04 07:00:00,7.57,7.66,7.48,7.66,1306600,ABB
2025-07-07 07:00:00,7.93,7.93,7.57,7.75,5678700,ABB
2025-07-08 07:00:00,7.75,7.93,7.57,7.84,4260500,ABB
2025-07-09 07:00:00,7.84,8.21,7.75,8.12,6703800,ABB
2025-07-10 07:00:00,8.12,8.21,7.93,8.02,3154100,ABB
2025-07-11 07:00:00,8.02,8.12,7.93,8.12,3988400,ABB
2025-07-14 07:00:00,8.12,8.21,7.93,8.21,2969600,ABB
2025-07-15 07:00:00,8.21,8.3,8.12,8.21,4004300,ABB
2025-07-16 07:00:00,8.21,8.21,8.02,8.21,2290100,ABB
2025-07-17 07:00:00,8.12,8.39,8.12,8.3,4016200,ABB
2025-07-18 07:00:00,8.3,8.39,8.21,8.3,3478100,ABB
2025-07-21 07:00:00,8.3,8.39,8.12,8.21,3313900,ABB
2025-07-22 07:00:00,8.21,8.3,8.02,8.3,3600900,ABB
2025-07-23 07:00:00,8.3,9.3,8.21,9.03,13457800,ABB
2025-07-24 07:00:00,9.03,9.3,8.94,9.12,4756300,ABB
2025-07-25 07:00:00,9.12,9.39,9.12,9.3,6646500,ABB
2025-07-28 07:00:00,9.3,10.49,9.3,10.4,17912000,ABB
2025-07-29 07:00:00,10.49,10.85,9.67,9.85,14781300,ABB
2025-07-30 07:00:00,9.76,10.94,9.76,10.94,13980100,ABB
2025-07-31 07:00:00,11.4,11.95,11.04,11.95,28340200,ABB
2025-08-01 07:00:00,12.04,12.68,11.67,11.86,12167600,ABB
2025-08-04 07:00:00,11.95,11.95,11.49,11.86,10521500,ABB
2025-08-05 07:00:00,11.86,12.22,11.04,11.58,16637900,ABB
2025-08-06 07:00:00,11.76,11.86,11.31,11.67,9673800,ABB
2025-08-07 07:00:00,11.58,11.76,11.31,11.58,7426300,ABB
2025-08-08 07:00:00,11.58,12.22,11.58,11.76,11640800,ABB
2025-08-11 07:00:00,11.76,11.95,11.49,11.86,9262300,ABB
2025-08-12 07:00:00,11.86,12.04,11.67,11.86,8773800,ABB
2025-08-13 07:00:00,11.86,12.58,11.86,12.22,14722800,ABB
2025-08-14 07:00:00,12.58,12.58,12.04,12.49,14400300,ABB
2025-08-15 07:00:00,12.49,12.58,11.86,12.04,11271500,ABB
2025-08-18 07:00:00,12.04,12.13,11.67,11.86,9693800,ABB
2025-08-19 07:00:00,11.86,12.04,11.67,11.86,9054200,ABB
2025-08-20 07:00:00,11.86,12.77,11.76,12.31,19773400,ABB
2025-08-21 07:00:00,12.4,13.04,12.31,12.68,15887200,ABB
2025-08-22 07:00:00,12.77,12.77,11.67,11.95,15808100,ABB
2025-08-25 07:00:00,12.13,12.22,10.76,11.04,15258700,ABB
2025-08-26 07:00:00,11.04,11.58,10.94,11.49,8003900,ABB
2025-08-27 07:00:00,11.58,11.86,11.31,11.49,4392200,ABB
2025-08-28 07:00:00,11.49,11.58,11.22,11.49,5252300,ABB
2025-08-29 07:00:00,11.4,11.67,11.4,11.49,5265800,ABB
2025-09-03 07:00:00,11.67,11.76,11.4,11.58,2746600,ABB
2025-09-04 07:00:00,11.58,11.76,11.49,11.76,4043800,ABB
2025-09-05 07:00:00,11.67,12.13,11.49,11.58,8627400,ABB
2025-09-08 07:00:00,11.67,11.76,10.94,11.22,6952800,ABB
2025-09-09 07:00:00,11.22,11.31,11.04,11.31,4150200,ABB
2025-09-10 07:00:00,11.31,11.31,11.04,11.22,1654600,ABB
2025-09-11 07:00:00,11.22,11.22,10.49,10.94,5422100,ABB
2025-09-12 07:00:00,10.85,11.13,10.85,11.13,2054500,ABB
2025-09-15 07:00:00,11.13,11.13,10.94,11.04,2145500,ABB
2025-09-16 07:00:00,11.04,11.31,11.04,11.31,3359000,ABB
2025-09-17 07:00:00,11.31,11.76,11.22,11.49,6422700,ABB
2025-09-18 07:00:00,11.49,11.67,11.22,11.31,2377800,ABB
2025-09-19 07:00:00,11.31,11.4,11.13,11.31,1923600,ABB
2025-09-22 07:00:00,11.22,11.4,10.85,10.94,3661900,ABB
2025-09-23 07:00:00,11.04,11.13,10.94,11.13,1315600,ABB
2025-09-24 07:00:00,11.04,11.31,11.04,11.31,2117300,ABB
2025-09-25 07:00:00,11.13,11.4,11.13,11.22,2392000,ABB
2025-09-26 07:00:00,11.22,11.4,11.13,11.13,2305400,ABB
2025-09-29 07:00:00,11.22,11.22,11.04,11.22,2671200,ABB
2025-09-30 07:00:00,11.22,11.31,11.04,11.22,2365200,ABB
2025-10-01 07:00:00,11.13,11.4,11.13,11.31,1424100,ABB
2025-10-02 07:00:00,11.31,11.58,11.22,11.4,3672600,ABB
2025-10-03 07:00:00,11.4,11.4,11.22,11.31,1836600,ABB
2025-10-06 07:00:00,11.31,11.67,11.22,11.58,3717200,ABB
2025-10-07 07:00:00,11.67,11.76,11.4,11.58,2302900,ABB
2025-10-08 07:00:00,11.67,11.86,11.4,11.58,2220800,ABB
2025-10-09 07:00:00,11.58,11.67,11.4,11.58,3578000,ABB
2025-10-10 07:00:00,11.49,11.76,11.49,11.67,4042800,ABB
2025-10-13 07:00:00,11.58,11.67,11.4,11.67,3413300,ABB
2025-10-14 07:00:00,11.67,11.76,11.49,11.58,4702000,ABB
2025-10-15 07:00:00,11.58,11.67,11.49,11.67,3446700,ABB
2025-10-16 07:00:00,11.67,11.76,11.58,11.76,5030100,ABB
2025-10-17 07:00:00,11.76,12.58,11.67,12.13,9134300,ABB
2025-10-20 07:00:00,12.22,12.31,11.4,11.58,9166400,ABB
2025-10-21 07:00:00,11.58,11.76,11.31,11.49,5020900,ABB
2025-10-22 07:00:00,11.58,12.13,11.49,12.13,4670100,ABB
2025-10-23 07:00:00,12.13,12.4,12.04,12.22,7170200,ABB
2025-10-24 07:00:00,12.22,12.58,11.86,12.22,5934300,ABB
2025-10-27 07:00:00,12.31,12.49,11.58,11.67,5331900,ABB
2025-10-28 07:00:00,11.76,11.95,11.58,11.86,4027300,ABB
2025-10-29 07:00:00,11.76,12.31,11.76,12.22,4095200,ABB
2025-10-30 07:00:00,12.77,12.77,11.95,12.13,3415700,ABB
2025-10-31 07:00:00,12.13,12.13,11.76,11.86,2122100,ABB
2025-11-03 07:00:00,11.86,11.86,11.58,11.58,3864400,ABB
2025-11-04 07:00:00,11.58,11.95,11.49,11.86,4787200,ABB
2025-11-05 07:00:00,11.86,11.95,11.67,11.76,1608600,ABB
2025-11-06 07:00:00,11.76,11.95,11.67,11.67,970800,ABB
2025-11-07 07:00:00,11.67,11.76,11.49,11.58,2493700,ABB
2025-11-10 07:00:00,11.67,12.04,11.58,11.76,1619500,ABB
2025-11-11 07:00:00,11.67,12.13,11.67,11.95,2302200,ABB
2025-11-12 07:00:00,11.95,12.13,11.86,12.04,2060600,ABB
2025-11-13 07:00:00,12.4,12.77,12.04,12.4,10818400,ABB
2025-11-14 07:00:00,12.4,12.68,12.4,12.68,3590000,ABB
2025-11-17 07:00:00,12.68,13.59,12.68,13.5,12444100,ABB
2025-11-18 07:00:00,13.5,13.68,13.31,13.5,4040800,ABB
2025-11-19 07:00:00,13.5,13.5,12.95,13.13,4214000,ABB
2025-11-20 07:00:00,13.13,13.68,12.95,13.5,3771600,ABB
2025-11-21 07:00:00,13.41,13.59,13.22,13.5,2847600,ABB
2025-11-24 07:00:00,13.59,13.68,13.31,13.41,3640000,ABB
2025-11-25 07:00:00,13.41,13.5,12.95,12.95,5530400,ABB
2025-11-26 07:00:00,12.95,13.41,12.86,13.31,4045300,ABB
2025-11-27 07:00:00,13.22,13.41,13.13,13.22,1530400,ABB
2025-11-28 07:00:00,13.31,13.41,12.68,13.13,5621500,ABB
2025-12-01 07:00:00,12.95,13.22,12.77,12.95,3708000,ABB
2025-12-02 07:00:00,13.04,13.31,12.86,13.22,3338300,ABB
2025-12-03 07:00:00,13.13,14.04,13.13,13.95,8667000,ABB
2025-12-04 07:00:00,13.95,14.23,13.77,14.04,3803700,ABB
2025-12-05 07:00:00,13.95,14.14,13.86,14.04,4908400,ABB
2025-12-08 07:00:00,14.04,14.32,13.86,14.04,2554600,ABB
2025-12-09 07:00:00,14.04,14.32,13.95,14.14,4108000,ABB
2025-12-10 07:00:00,13.68,14.32,13.68,14.32,3472800,ABB
2025-12-11 07:00:00,14.23,14.77,14.14,14.41,4219600,ABB
2025-12-12 07:00:00,14.5,14.5,13.59,14.04,9232800,ABB
2025-12-15 07:00:00,14.04,14.04,13.5,13.59,3274300,ABB
2025-12-16 07:00:00,13.59,14.14,13.59,14.14,2725900,ABB
2025-12-17 07:00:00,14.23,14.23,13.95,14.14,2087400,ABB
2025-12-18 07:00:00,14.14,14.41,14.04,14.32,2615000,ABB
2025-12-19 07:00:00,14.32,14.41,14.14,14.32,2355500,ABB
2025-12-22 07:00:00,14.32,14.68,14.32,14.59,8073600,ABB
2025-12-23 07:00:00,14.59,14.68,14.14,14.41,3123600,ABB
2025-12-24 07:00:00,14.41,14.5,14.23,14.41,1615300,ABB
2025-12-25 07:00:00,14.5,14.59,14.23,14.32,5485000,ABB
2025-12-26 07:00:00,14.32,14.41,14.04,14.41,5801700,ABB
2025-12-29 07:00:00,14.41,14.5,14.23,14.5,3348500,ABB
2025-12-30 07:00:00,14.5,14.5,14.32,14.5,3367800,ABB
2025-12-31 07:00:00,14.41,14.68,14.23,14.68,17255200,ABB
2026-01-05 07:00:00,14.68,14.77,14.41,14.41,3326000,ABB
2026-01-06 07:00:00,14.41,14.59,14.14,14.59,6834300,ABB
2026-01-07 07:00:00,14.59,14.59,14.41,14.5,9995400,ABB
2026-01-08 07:00:00,14.5,14.59,14.23,14.41,4212300,ABB
2026-01-09 07:00:00,14.41,14.5,14.04,14.41,8869800,ABB
2026-01-12 07:00:00,14.5,14.5,14.04,14.41,23721400,ABB
2026-01-13 07:00:00,14.41,15.05,14.14,14.86,32171100,ABB
2026-01-14 07:00:00,16.4,16.4,15.1,15.4,4080700,ABB
2026-01-15 07:00:00,15.4,15.5,15.0,15.1,1293600,ABB
2026-01-16 07:00:00,15.1,15.2,14.8,14.9,1648400,ABB
2026-01-19 07:00:00,14.9,14.9,14.5,14.5,1811600,ABB
2026-01-20 07:00:00,14.5,14.7,14.5,14.6,1170500,ABB
2026-01-21 07:00:00,14.6,14.6,14.2,14.3,1992700,ABB
2026-01-22 07:00:00,14.4,14.4,14.1,14.1,1728600,ABB
2026-01-23 07:00:00,14.1,14.4,14.0,14.2,719800,ABB
2026-01-26 07:00:00,14.2,14.5,13.9,13.9,1797700,ABB
2026-01-27 07:00:00,13.9,14.0,13.4,13.8,3216200,ABB
2026-01-28 07:00:00,13.8,13.9,13.6,13.8,834100,ABB
2026-01-29 07:00:00,13.7,13.9,13.6,13.9,1688900,ABB
2026-01-30 07:00:00,13.8,14.0,13.8,13.9,775800,ABB
2026-02-02 07:00:00,14.0,14.2,13.8,14.0,1334200,ABB
2026-02-03 07:00:00,14.0,14.5,13.9,14.3,1971500,ABB
2026-02-04 07:00:00,14.3,14.4,14.1,14.1,787900,ABB
2026-02-05 07:00:00,14.2,14.2,13.8,13.9,1715800,ABB
2026-02-06 07:00:00,13.9,13.9,13.6,13.8,1893200,ABB
2026-02-09 07:00:00,13.8,13.8,13.6,13.7,1718300,ABB
2026-02-10 07:00:00,13.8,13.9,13.6,13.6,1671500,ABB
2026-02-11 07:00:00,13.8,13.9,13.8,13.9,387600,ABB
2026-02-12 07:00:00,14.0,14.0,13.7,14.0,733300,ABB
2026-02-13 07:00:00,14.0,14.1,13.8,14.1,829200,ABB
2026-02-23 07:00:00,14.1,14.1,13.9,13.9,399100,ABB
2026-02-24 07:00:00,14.0,14.0,13.8,13.9,465200,ABB
2026-02-25 07:00:00,14.2,14.2,13.9,14.0,679300,ABB
2026-02-26 07:00:00,14.0,14.0,13.8,14.0,935800,ABB
2026-02-27 07:00:00,14.0,14.0,13.8,13.9,1193500,ABB
2026-03-02 07:00:00,13.8,13.9,12.3,13.8,1356600,ABB
2026-03-03 07:00:00,13.8,13.9,13.6,13.7,1298900,ABB
2026-03-04 07:00:00,13.7,13.8,13.5,13.7,3196500,ABB
2026-03-05 07:00:00,13.7,13.9,13.6,13.7,662800,ABB
2026-03-06 07:00:00,13.7,13.9,13.5,13.8,364700,ABB
2026-03-09 07:00:00,13.7,13.7,12.7,13.1,7227800,ABB
2026-03-10 07:00:00,13.0,13.5,13.0,13.4,628600,ABB
2026-03-11 07:00:00,13.3,13.7,13.3,13.7,182600,ABB
2026-03-12 07:00:00,13.7,13.7,13.3,13.4,627700,ABB
2026-03-13 07:00:00,13.4,13.5,13.3,13.5,254400,ABB
2026-03-16 07:00:00,13.4,13.6,13.4,13.5,123500,ABB
2026-03-17 07:00:00,13.6,13.6,13.4,13.6,605300,ABB
2026-03-18 07:00:00,13.6,13.8,13.6,13.7,622600,ABB
2026-03-19 07:00:00,13.0,13.8,13.0,13.8,689500,ABB
2026-03-20 07:00:00,13.7,13.8,13.6,13.8,1431000,ABB
2026-03-23 07:00:00,13.7,13.9,13.6,13.8,1542400,ABB
2026-03-24 07:00:00,13.8,13.9,13.7,13.8,842800,ABB
2026-03-25 07:00:00,14.0,14.0,13.7,13.9,549100,ABB
2026-03-26 07:00:00,13.8,13.9,13.7,13.8,605200,ABB
2026-03-27 07:00:00,13.8,14.4,13.7,14.4,1544100,ABB
2026-03-30 07:00:00,14.4,14.6,14.1,14.6,640800,ABB
2026-03-31 07:00:00,14.5,15.0,14.5,14.8,1953200,ABB
2026-04-01 07:00:00,14.8,14.9,14.7,14.7,1507700,ABB
2026-04-02 07:00:00,14.7,14.8,14.3,14.5,1878300,ABB
2026-04-03 07:00:00,14.5,14.7,14.5,14.5,663800,ABB
2026-04-06 07:00:00,14.5,14.6,14.5,14.6,956600,ABB
2026-04-07 07:00:00,14.5,14.7,14.4,14.6,1569400,ABB
2026-04-08 07:00:00,14.7,15.3,14.7,14.9,861300,ABB
2026-04-09 07:00:00,14.9,15.0,14.6,14.6,435500,ABB
2026-04-10 07:00:00,14.6,14.8,14.6,14.7,550500,ABB
2026-04-13 07:00:00,14.7,15.0,14.4,14.6,680400,ABB
2026-04-14 07:00:00,14.8,14.8,14.6,14.6,284200,ABB
2026-04-15 07:00:00,14.6,14.7,14.5,14.5,463800,ABB
2026-04-16 07:00:00,14.5,14.6,14.5,14.6,604400,ABB
2026-04-17 07:00:00,14.6,14.7,14.5,14.6,554600,ABB
2026-04-20 07:00:00,14.6,15.0,14.5,15.0,1631700,ABB
2026-04-21 07:00:00,15.2,15.2,14.7,14.9,630700,ABB
2026-04-22 07:00:00,14.9,14.9,14.7,14.9,225400,ABB
2026-04-23 07:00:00,14.9,15.0,14.7,14.9,439200,ABB
2026-04-24 07:00:00,15.0,15.0,14.8,14.8,126200,ABB
2026-04-28 07:00:00,14.9,15.0,14.8,15.0,670600,ABB
2026-04-29 07:00:00,15.0,15.1,14.8,14.9,1094200,ABB
2026-05-04 07:00:00,14.9,15.0,14.8,15.0,609500,ABB
2026-05-05 07:00:00,14.9,15.0,14.9,14.9,446500,ABB
2023-05-08 07:00:00,9.21,9.48,9.21,9.21,202381,BVB
2023-05-09 07:00:00,9.3,9.48,9.21,9.3,172112,BVB
2023-05-10 07:00:00,9.21,9.39,9.21,9.3,284810,BVB
2023-05-11 07:00:00,9.3,9.39,9.3,9.3,198649,BVB
2023-05-12 07:00:00,9.39,9.39,9.21,9.3,417425,BVB
2023-05-15 07:00:00,9.39,9.48,9.3,9.48,790620,BVB
2023-05-16 07:00:00,9.48,9.48,9.3,9.39,153471,BVB
2023-05-17 07:00:00,9.39,9.39,9.12,9.3,456859,BVB
2023-05-18 07:00:00,9.3,9.3,9.12,9.21,182992,BVB
2023-05-19 07:00:00,9.12,9.39,9.12,9.3,124705,BVB
2023-05-22 07:00:00,9.21,9.39,9.21,9.3,132701,BVB
2023-05-23 07:00:00,9.3,9.57,9.21,9.39,802290,BVB
2023-05-24 07:00:00,9.48,9.57,9.3,9.48,256168,BVB
2023-05-25 07:00:00,9.39,9.57,9.3,9.3,246475,BVB
2023-05-26 07:00:00,9.3,9.48,9.21,9.3,256302,BVB
2023-05-29 07:00:00,9.21,9.48,9.21,9.39,228469,BVB
2023-05-30 07:00:00,9.48,9.57,9.3,9.57,576165,BVB
2023-05-31 07:00:00,9.57,9.57,9.39,9.48,283459,BVB
2023-06-01 07:00:00,9.39,10.1,9.39,10.1,1019178,BVB
2023-06-02 07:00:00,10.1,10.64,10.1,10.55,1491743,BVB
2023-06-05 07:00:00,10.55,10.91,10.37,10.55,1319613,BVB
2023-06-06 07:00:00,10.55,10.73,10.19,10.37,874539,BVB
2023-06-07 07:00:00,10.46,10.46,10.1,10.19,924025,BVB
2023-06-08 07:00:00,10.19,10.37,9.84,10.1,740736,BVB
2023-06-09 07:00:00,10.02,10.19,9.93,10.02,518654,BVB
2023-06-12 07:00:00,10.02,10.19,10.02,10.1,355519,BVB
2023-06-13 07:00:00,10.1,10.19,9.93,10.02,520945,BVB
2023-06-14 07:00:00,10.02,10.28,10.02,10.1,665547,BVB
2023-06-15 07:00:00,10.1,10.19,10.02,10.02,308890,BVB
2023-06-16 07:00:00,10.1,10.46,10.02,10.28,1164784,BVB
2023-06-19 07:00:00,10.28,10.28,10.1,10.28,264991,BVB
2023-06-20 07:00:00,10.28,10.28,10.1,10.28,337674,BVB
2023-06-21 07:00:00,10.28,10.37,10.1,10.37,383627,BVB
2023-06-22 07:00:00,10.19,10.37,10.1,10.19,370779,BVB
2023-06-23 07:00:00,10.19,10.37,10.1,10.28,885285,BVB
2023-06-26 07:00:00,10.28,10.37,10.02,10.19,691853,BVB
2023-06-27 07:00:00,10.19,10.28,10.1,10.1,256330,BVB
2023-06-28 07:00:00,10.1,10.19,10.02,10.1,269556,BVB
2023-06-29 07:00:00,10.1,10.1,9.93,9.93,270381,BVB
2023-06-30 07:00:00,9.93,10.02,9.66,9.66,523421,BVB
2023-07-03 07:00:00,9.93,9.93,9.66,9.84,236180,BVB
2023-07-04 07:00:00,9.75,9.93,9.66,9.75,521542,BVB
2023-07-05 07:00:00,9.84,9.84,9.66,9.75,521024,BVB
2023-07-06 07:00:00,9.75,9.84,9.66,9.84,177706,BVB
2023-07-07 07:00:00,9.75,9.84,9.66,9.66,208506,BVB
2023-07-10 07:00:00,9.75,9.84,9.66,9.75,342586,BVB
2023-07-11 07:00:00,9.84,10.02,9.75,9.84,394857,BVB
2023-07-12 07:00:00,9.84,10.02,9.84,9.84,205132,BVB
2023-07-13 07:00:00,9.93,10.02,9.75,9.84,266699,BVB
2023-07-14 07:00:00,9.84,9.93,9.75,9.84,280256,BVB
2023-07-17 07:00:00,9.84,9.84,9.66,9.75,341013,BVB
2023-07-18 07:00:00,9.66,9.84,9.66,9.75,231166,BVB
2023-07-19 07:00:00,9.84,9.84,9.66,9.75,286555,BVB
2023-07-20 07:00:00,9.84,9.84,9.66,9.75,236553,BVB
2023-07-21 07:00:00,9.66,9.75,9.66,9.75,181828,BVB
2023-07-24 07:00:00,9.75,9.84,9.66,9.75,229721,BVB
2023-07-25 07:00:00,9.75,10.1,9.75,10.02,1449816,BVB
2023-07-26 07:00:00,10.02,10.02,9.84,9.93,199513,BVB
2023-07-27 07:00:00,9.84,9.93,9.75,9.84,461317,BVB
2023-07-28 07:00:00,9.84,9.93,9.66,9.66,763298,BVB
2023-07-31 07:00:00,9.66,9.84,9.66,9.84,526759,BVB
2023-08-01 07:00:00,9.84,10.19,9.84,9.84,1691805,BVB
2023-08-02 07:00:00,9.84,10.1,9.84,10.02,1466154,BVB
2023-08-03 07:00:00,10.02,10.28,10.02,10.1,1008637,BVB
2023-08-04 07:00:00,10.1,10.19,10.02,10.1,677890,BVB
2023-08-07 07:00:00,10.19,10.64,10.1,10.46,2160172,BVB
2023-08-08 07:00:00,10.46,10.64,10.28,10.46,901442,BVB
2023-08-09 07:00:00,10.46,10.46,10.1,10.28,815599,BVB
2023-08-10 07:00:00,10.28,10.37,9.93,10.02,824968,BVB
2023-08-11 07:00:00,10.1,10.1,9.84,10.02,554347,BVB
2023-08-14 07:00:00,10.02,10.1,9.93,10.1,537193,BVB
2023-08-15 07:00:00,10.1,10.19,9.93,10.1,340784,BVB
2023-08-16 07:00:00,10.1,10.1,9.93,10.02,683028,BVB
2023-08-17 07:00:00,10.02,10.02,9.84,9.84,426196,BVB
2023-08-18 07:00:00,9.93,9.93,9.12,9.3,1608277,BVB
2023-08-21 07:00:00,9.39,9.48,9.21,9.3,476725,BVB
2023-08-22 07:00:00,9.3,9.48,9.12,9.39,591906,BVB
2023-08-23 07:00:00,9.3,9.39,9.21,9.21,229010,BVB
2023-08-24 07:00:00,9.3,9.39,9.21,9.3,306298,BVB
2023-08-25 07:00:00,9.39,9.48,9.21,9.3,324048,BVB
2023-08-28 07:00:00,9.3,9.48,9.3,9.39,326286,BVB
2023-08-29 07:00:00,9.39,9.57,9.3,9.48,336243,BVB
2023-08-30 07:00:00,9.48,9.48,9.39,9.48,312603,BVB
2023-08-31 07:00:00,9.39,9.57,9.39,9.48,396812,BVB
2023-09-05 07:00:00,9.66,9.84,9.48,9.75,800007,BVB
2023-09-06 07:00:00,9.66,9.84,9.57,9.75,365818,BVB
2023-09-07 07:00:00,9.84,9.93,9.66,9.75,757146,BVB
2023-09-08 07:00:00,9.75,9.84,9.66,9.75,444502,BVB
2023-09-11 07:00:00,9.66,9.84,9.48,9.66,377683,BVB
2023-09-12 07:00:00,9.66,9.66,9.48,9.66,245449,BVB
2023-09-13 07:00:00,9.66,9.75,9.48,9.57,335782,BVB
2023-09-14 07:00:00,9.57,9.75,9.48,9.48,470140,BVB
2023-09-15 07:00:00,9.57,9.66,9.48,9.57,324062,BVB
2023-09-18 07:00:00,9.48,9.57,9.39,9.48,166836,BVB
2023-09-19 07:00:00,9.48,9.57,9.3,9.39,371246,BVB
2023-09-20 07:00:00,9.39,9.57,9.3,9.48,249614,BVB
2023-09-21 07:00:00,9.39,9.57,9.39,9.48,165248,BVB
2023-09-22 07:00:00,9.39,9.48,9.03,9.3,708794,BVB
2023-09-25 07:00:00,9.3,9.39,8.94,9.03,447667,BVB
2023-09-26 07:00:00,9.12,9.21,8.94,9.03,662125,BVB
2023-09-27 07:00:00,9.12,9.3,9.03,9.3,493761,BVB
2023-09-28 07:00:00,9.3,9.3,9.12,9.21,107367,BVB
2023-09-29 07:00:00,9.12,9.3,9.12,9.3,227682,BVB
2023-10-02 07:00:00,9.39,9.39,9.21,9.3,121175,BVB
2023-10-03 07:00:00,9.21,9.3,9.03,9.21,457582,BVB
2023-10-04 07:00:00,9.12,9.39,9.03,9.39,293233,BVB
2023-10-05 07:00:00,9.39,9.48,9.21,9.39,196168,BVB
2023-10-06 07:00:00,9.21,9.39,9.21,9.39,298517,BVB
2023-10-09 07:00:00,9.21,9.48,9.21,9.48,153192,BVB
2023-10-10 07:00:00,9.39,9.57,9.3,9.48,221360,BVB
2023-10-11 07:00:00,9.48,9.48,9.3,9.48,279078,BVB
2023-10-12 07:00:00,9.39,9.48,9.39,9.48,215163,BVB
2023-10-13 07:00:00,9.48,9.57,9.3,9.48,135584,BVB
2023-10-16 07:00:00,9.39,9.48,9.3,9.3,205010,BVB
2023-10-17 07:00:00,9.21,9.39,9.21,9.21,142886,BVB
2023-10-18 07:00:00,9.21,9.3,9.03,9.3,288924,BVB
2023-10-19 07:00:00,9.21,9.3,9.03,9.21,205181,BVB
2023-10-20 07:00:00,9.12,9.39,9.03,9.21,162136,BVB
2023-10-23 07:00:00,9.21,9.3,9.03,9.21,85851,BVB
2023-10-24 07:00:00,9.12,9.3,9.03,9.21,132721,BVB
2023-10-25 07:00:00,9.12,9.3,9.12,9.21,173210,BVB
2023-10-26 07:00:00,9.21,9.21,8.85,8.94,712294,BVB
2023-10-27 07:00:00,8.94,9.12,8.85,9.03,249491,BVB
2023-10-30 07:00:00,8.94,9.12,8.94,8.94,248569,BVB
2023-10-31 07:00:00,8.94,9.03,8.85,9.03,265338,BVB
2023-11-01 07:00:00,8.94,9.12,8.85,9.03,217070,BVB
2023-11-02 07:00:00,9.03,9.21,9.03,9.21,222209,BVB
2023-11-03 07:00:00,9.21,9.39,9.12,9.12,141101,BVB
2023-11-06 07:00:00,9.12,9.21,9.03,9.21,175211,BVB
2023-11-07 07:00:00,9.12,9.21,8.94,8.94,235077,BVB
2023-11-08 07:00:00,9.03,9.3,9.03,9.21,199206,BVB
2023-11-09 07:00:00,9.3,9.3,9.12,9.21,146573,BVB
2023-11-10 07:00:00,9.21,9.3,9.12,9.21,167832,BVB
2023-11-13 07:00:00,9.21,9.3,9.12,9.12,105992,BVB
2023-11-14 07:00:00,9.21,9.48,9.21,9.39,633008,BVB
2023-11-15 07:00:00,9.48,9.66,9.39,9.48,306662,BVB
2023-11-16 07:00:00,9.39,9.57,9.39,9.48,168761,BVB
2023-11-17 07:00:00,9.48,9.66,9.3,9.3,332511,BVB
2023-11-20 07:00:00,9.3,9.57,9.21,9.48,240699,BVB
2023-11-21 07:00:00,9.39,9.57,9.39,9.39,109086,BVB
2023-11-22 07:00:00,9.39,9.66,9.3,9.39,307012,BVB
2023-11-23 07:00:00,9.48,9.57,9.3,9.3,106597,BVB
2023-11-24 07:00:00,9.3,9.3,9.21,9.3,87415,BVB
2023-11-27 07:00:00,9.21,9.48,9.21,9.21,35420,BVB
2023-11-28 07:00:00,9.21,9.3,9.12,9.3,128006,BVB
2023-11-29 07:00:00,9.3,9.39,9.21,9.39,109605,BVB
2023-11-30 07:00:00,9.39,9.39,9.3,9.39,76660,BVB
2023-12-01 07:00:00,9.3,9.39,9.21,9.39,160217,BVB
2023-12-04 07:00:00,9.39,9.57,9.3,9.48,271193,BVB
2023-12-05 07:00:00,9.48,9.57,9.39,9.48,79411,BVB
2023-12-06 07:00:00,9.48,9.57,9.39,9.48,118030,BVB
2023-12-07 07:00:00,9.48,9.57,9.3,9.48,277198,BVB
2023-12-08 07:00:00,9.57,9.66,9.39,9.48,147500,BVB
2023-12-11 07:00:00,9.48,9.48,9.39,9.48,156801,BVB
2023-12-12 07:00:00,9.48,9.57,9.39,9.39,150342,BVB
2023-12-13 07:00:00,9.39,9.48,9.39,9.48,100678,BVB
2023-12-14 07:00:00,9.39,9.48,9.3,9.39,81015,BVB
2023-12-15 07:00:00,9.3,9.48,9.3,9.39,128741,BVB
2023-12-18 07:00:00,9.3,9.39,9.3,9.39,50510,BVB
2023-12-19 07:00:00,9.3,9.39,9.21,9.39,97510,BVB
2023-12-20 07:00:00,9.39,9.39,9.3,9.39,108096,BVB
2023-12-21 07:00:00,9.39,9.39,9.21,9.3,21609,BVB
2023-12-22 07:00:00,9.3,9.39,9.21,9.3,77955,BVB
2023-12-25 07:00:00,9.3,9.48,9.3,9.39,89677,BVB
2023-12-26 07:00:00,9.48,9.48,9.3,9.39,42936,BVB
2023-12-27 07:00:00,9.39,9.39,9.21,9.39,125960,BVB
2023-12-28 07:00:00,9.3,9.39,9.21,9.3,53735,BVB
2023-12-29 07:00:00,9.3,9.66,9.3,9.48,533553,BVB
2024-01-02 07:00:00,9.48,9.57,9.39,9.39,48634,BVB
2024-01-03 07:00:00,9.48,9.57,9.3,9.57,200436,BVB
2024-01-04 07:00:00,9.48,9.93,9.39,9.84,1427493,BVB
2024-01-05 07:00:00,9.93,10.02,9.75,9.93,946460,BVB
2024-01-08 07:00:00,9.93,10.1,9.84,9.93,412968,BVB
2024-01-09 07:00:00,9.93,10.02,9.75,9.84,373311,BVB
2024-01-10 07:00:00,9.93,10.02,9.75,10.02,1131112,BVB
2024-01-11 07:00:00,10.02,10.19,9.93,10.1,2059816,BVB
2024-01-12 07:00:00,10.1,10.19,9.84,10.02,962389,BVB
2024-01-15 07:00:00,10.02,10.1,9.75,9.93,636167,BVB
2024-01-16 07:00:00,9.93,10.02,9.75,9.93,264801,BVB
2024-01-17 07:00:00,9.93,10.02,9.75,9.75,482105,BVB
2024-01-18 07:00:00,9.84,10.02,9.75,9.93,460298,BVB
2024-01-19 07:00:00,9.84,10.1,9.84,10.02,821748,BVB
2024-01-22 07:00:00,10.02,10.19,9.93,10.02,678405,BVB
2024-01-23 07:00:00,10.02,10.1,9.84,9.84,304227,BVB
2024-01-24 07:00:00,10.02,10.02,9.75,9.93,351532,BVB
2024-01-25 07:00:00,9.84,9.93,9.75,9.93,106499,BVB
2024-01-26 07:00:00,9.84,9.93,9.75,9.84,148633,BVB
2024-01-29 07:00:00,9.75,9.84,9.66,9.66,543875,BVB
2024-01-30 07:00:00,9.66,9.84,9.57,9.66,311576,BVB
2024-01-31 07:00:00,9.66,9.84,9.48,9.57,367347,BVB
2024-02-01 07:00:00,9.48,9.75,9.48,9.57,210116,BVB
2024-02-02 07:00:00,9.57,9.75,9.48,9.66,213544,BVB
2024-02-05 07:00:00,9.57,9.75,9.48,9.66,265984,BVB
2024-02-06 07:00:00,9.75,9.84,9.66,9.66,192949,BVB
2024-02-07 07:00:00,9.57,9.84,9.57,9.84,301938,BVB
2024-02-15 07:00:00,9.84,10.02,9.75,9.93,749395,BVB
2024-02-16 07:00:00,9.93,9.93,9.84,9.93,235784,BVB
2024-02-19 07:00:00,9.93,10.02,9.75,9.93,431806,BVB
2024-02-20 07:00:00,9.93,9.93,9.75,9.84,182926,BVB
2024-02-21 07:00:00,9.84,9.93,9.75,9.84,355871,BVB
2024-02-22 07:00:00,9.84,9.84,9.66,9.75,268074,BVB
2024-02-23 07:00:00,9.75,10.02,9.66,9.84,1495317,BVB
2024-02-26 07:00:00,9.84,9.84,9.66,9.84,343111,BVB
2024-02-27 07:00:00,9.84,9.93,9.66,9.75,411581,BVB
2024-02-28 07:00:00,9.84,9.84,9.66,9.75,343169,BVB
2024-02-29 07:00:00,9.75,9.84,9.66,9.84,419251,BVB
2024-03-01 07:00:00,9.75,10.55,9.75,10.28,1805948,BVB
2024-03-04 07:00:00,10.28,10.46,10.1,10.19,480028,BVB
2024-03-05 07:00:00,10.19,10.28,9.93,10.1,670170,BVB
2024-03-06 07:00:00,10.1,10.1,9.84,9.84,658461,BVB
2024-03-07 07:00:00,9.84,10.02,9.84,9.93,349295,BVB
2024-03-08 07:00:00,10.02,10.02,9.66,9.66,585890,BVB
2024-03-11 07:00:00,9.66,9.84,9.57,9.57,246799,BVB
2024-03-12 07:00:00,9.66,9.75,9.57,9.75,251450,BVB
2024-03-13 07:00:00,9.75,9.84,9.57,9.84,279679,BVB
2024-03-14 07:00:00,9.84,9.93,9.66,9.75,305882,BVB
2024-03-15 07:00:00,9.75,9.84,9.66,9.84,210581,BVB
2024-03-18 07:00:00,9.75,9.84,9.39,9.66,474491,BVB
2024-03-19 07:00:00,9.75,9.75,9.57,9.66,119178,BVB
2024-03-20 07:00:00,9.66,9.84,9.57,9.75,348895,BVB
2024-03-21 07:00:00,9.75,9.84,9.66,9.84,247367,BVB
2024-03-22 07:00:00,9.75,9.93,9.66,9.75,195291,BVB
2024-03-25 07:00:00,9.75,9.84,9.57,9.57,132765,BVB
2024-03-26 07:00:00,9.66,9.75,9.57,9.66,182076,BVB
2024-03-27 07:00:00,9.57,9.66,9.57,9.66,180040,BVB
2024-03-28 07:00:00,9.66,9.84,9.57,9.57,176595,BVB
2024-03-29 07:00:00,9.66,9.84,9.57,9.75,183380,BVB
2024-04-01 07:00:00,9.75,9.75,9.57,9.66,111160,BVB
2024-04-02 07:00:00,9.66,9.75,9.57,9.66,283916,BVB
2024-04-03 07:00:00,9.66,9.66,9.57,9.66,195819,BVB
2024-04-04 07:00:00,9.66,9.66,9.57,9.66,164487,BVB
2024-04-05 07:00:00,9.66,9.66,9.48,9.57,356917,BVB
2024-04-08 07:00:00,9.57,9.66,9.48,9.48,145178,BVB
2024-04-09 07:00:00,9.57,9.66,9.48,9.66,188033,BVB
2024-04-10 07:00:00,9.57,10.28,9.57,10.1,2282044,BVB
2024-04-11 07:00:00,10.02,10.28,9.93,10.02,856932,BVB
2024-04-12 07:00:00,10.02,10.1,9.84,9.93,597687,BVB
2024-04-15 07:00:00,9.93,10.02,9.3,9.48,944642,BVB
2024-04-16 07:00:00,9.57,9.75,9.39,9.75,393813,BVB
2024-04-17 07:00:00,9.66,9.93,9.48,9.57,296587,BVB
2024-04-19 07:00:00,9.57,9.75,9.3,9.39,340250,BVB
2024-04-22 07:00:00,9.57,9.84,9.48,9.66,200489,BVB
2024-04-23 07:00:00,9.57,9.75,9.48,9.57,185281,BVB
2024-04-24 07:00:00,9.48,9.75,9.48,9.75,187018,BVB
2024-04-25 07:00:00,9.66,9.93,9.66,9.84,297852,BVB
2024-04-26 07:00:00,9.84,9.93,9.66,9.84,193229,BVB
2024-05-02 07:00:00,9.66,9.84,8.32,9.75,112700,BVB
2024-05-03 07:00:00,9.66,9.93,9.66,9.75,206432,BVB
2024-05-06 07:00:00,9.75,9.84,9.66,9.75,246030,BVB
2024-05-07 07:00:00,9.84,9.93,9.66,9.84,308903,BVB
2024-05-08 07:00:00,9.84,10.37,9.75,10.37,2457826,BVB
2024-05-09 07:00:00,10.19,11.36,10.19,11.0,3166875,BVB
2024-05-10 07:00:00,10.91,11.27,10.55,11.0,1739595,BVB
2024-05-13 07:00:00,11.09,11.27,10.55,10.73,1894663,BVB
2024-05-14 07:00:00,10.73,11.18,10.55,10.73,762344,BVB
2024-05-15 07:00:00,10.82,10.91,10.55,10.73,1244627,BVB
2024-05-16 07:00:00,10.91,11.18,10.82,11.09,2014054,BVB
2024-05-17 07:00:00,11.09,11.36,11.0,11.27,2196759,BVB
2024-05-20 07:00:00,11.27,11.45,11.18,11.27,1699375,BVB
2024-05-21 07:00:00,11.36,11.36,10.91,11.09,1661542,BVB
2024-05-22 07:00:00,11.18,11.27,10.73,11.0,1625902,BVB
2024-05-23 07:00:00,11.09,11.18,10.64,10.91,1729656,BVB
2024-05-24 07:00:00,10.73,11.0,10.46,10.73,2203120,BVB
2024-05-27 07:00:00,10.82,10.91,10.64,10.82,665459,BVB
2024-05-28 07:00:00,10.82,11.09,10.64,11.09,2838938,BVB
2024-05-29 07:00:00,11.09,11.98,11.09,11.63,7027676,BVB
2024-05-30 07:00:00,11.54,11.71,11.18,11.45,2979298,BVB
2024-05-31 07:00:00,11.45,11.63,11.18,11.27,2856757,BVB
2024-06-03 07:00:00,11.27,11.54,11.18,11.54,3085709,BVB
2024-06-04 07:00:00,11.54,11.71,11.18,11.36,2902444,BVB
2024-06-05 07:00:00,11.45,11.63,11.18,11.36,2060001,BVB
2024-06-06 07:00:00,11.36,11.36,11.09,11.18,2593108,BVB
2024-06-07 07:00:00,11.18,11.36,11.09,11.18,1786393,BVB
2024-06-10 07:00:00,11.18,11.27,11.09,11.18,1516136,BVB
2024-06-11 07:00:00,11.18,11.27,11.0,11.18,1558571,BVB
2024-06-12 07:00:00,11.18,11.18,10.91,11.18,1938662,BVB
2024-06-13 07:00:00,11.18,11.54,11.09,11.54,3125938,BVB
2024-06-14 07:00:00,11.45,11.63,11.0,11.09,3343638,BVB
2024-06-17 07:00:00,11.09,11.18,10.82,10.82,1792665,BVB
2024-06-18 07:00:00,10.91,11.09,10.82,10.91,1438776,BVB
2024-06-19 07:00:00,11.0,11.27,10.73,10.91,1222102,BVB
2024-06-20 07:00:00,10.73,11.0,10.73,10.91,1089438,BVB
2024-06-21 07:00:00,10.91,11.09,10.82,10.91,948066,BVB
2024-06-24 07:00:00,11.0,11.09,10.64,10.64,1487783,BVB
2024-06-25 07:00:00,10.73,10.82,10.64,10.73,622005,BVB
2024-06-26 07:00:00,10.82,10.91,10.64,10.82,659924,BVB
2024-06-27 07:00:00,10.73,10.82,10.64,10.73,338997,BVB
2024-06-28 07:00:00,10.82,10.82,10.37,10.55,1295892,BVB
2024-07-01 07:00:00,10.64,10.64,10.37,10.46,535558,BVB
2024-07-02 07:00:00,10.46,10.73,10.37,10.73,935748,BVB
2024-07-03 07:00:00,10.73,10.82,10.64,10.73,625949,BVB
2024-07-04 07:00:00,10.82,11.0,10.64,10.82,1360198,BVB
2024-07-05 07:00:00,10.91,11.0,10.73,10.91,884591,BVB
2024-07-08 07:00:00,10.91,11.0,10.73,10.91,1400169,BVB
2024-07-09 07:00:00,10.82,11.09,10.82,11.09,1555637,BVB
2024-07-10 07:00:00,11.09,11.45,11.09,11.36,4278607,BVB
2024-07-11 07:00:00,11.36,11.45,11.27,11.36,1433906,BVB
2024-07-12 07:00:00,11.36,11.36,11.09,11.09,1259641,BVB
2024-07-15 07:00:00,11.18,11.27,11.0,11.09,1094927,BVB
2024-07-16 07:00:00,11.18,11.89,11.18,11.71,10188159,BVB
2024-07-17 07:00:00,11.71,12.79,11.71,12.52,9713365,BVB
2024-07-18 07:00:00,12.52,12.79,12.07,12.43,5573804,BVB
2024-07-19 07:00:00,12.43,12.7,12.16,12.52,4672575,BVB
2024-07-22 07:00:00,12.43,12.7,11.8,12.07,6651955,BVB
2024-07-23 07:00:00,12.16,12.25,10.91,11.27,9052111,BVB
2024-07-24 07:00:00,11.27,11.63,10.91,11.27,4468517,BVB
2024-07-25 07:00:00,11.27,11.54,11.18,11.27,2446392,BVB
2024-07-26 07:00:00,11.27,11.45,11.18,11.45,2088361,BVB
2024-07-29 07:00:00,11.45,11.63,11.27,11.45,2359679,BVB
2024-07-30 07:00:00,11.45,11.54,10.91,11.18,2493099,BVB
2024-07-31 07:00:00,11.18,11.36,11.0,11.18,1362324,BVB
2024-08-01 07:00:00,11.18,11.27,10.73,10.82,2689030,BVB
2024-08-02 07:00:00,10.91,11.0,10.55,11.0,2201952,BVB
2024-08-05 07:00:00,10.91,11.09,10.46,10.46,2415964,BVB
2024-08-06 07:00:00,10.55,10.82,10.55,10.82,1354316,BVB
2024-08-07 07:00:00,10.82,10.91,10.64,10.82,521746,BVB
2024-08-08 07:00:00,10.73,11.0,10.64,10.73,1369613,BVB
2024-08-09 07:00:00,10.82,11.09,10.73,10.91,1100704,BVB
2024-08-12 07:00:00,11.09,11.18,11.0,11.09,574695,BVB
2024-08-13 07:00:00,11.09,11.27,10.91,11.09,984564,BVB
2024-08-14 07:00:00,11.09,11.18,10.91,11.0,1232620,BVB
2024-08-15 07:00:00,11.46,11.46,10.97,11.07,2130904,BVB
2024-08-16 07:00:00,11.17,11.37,11.07,11.37,2222043,BVB
2024-08-19 07:00:00,11.27,11.46,11.17,11.17,872901,BVB
2024-08-20 07:00:00,11.17,11.46,11.17,11.46,1246158,BVB
2024-08-21 07:00:00,11.37,11.56,11.27,11.56,1330285,BVB
2024-08-22 07:00:00,11.56,11.76,11.46,11.66,2097032,BVB
2024-08-23 07:00:00,11.66,11.85,11.46,11.56,1301758,BVB
2024-08-26 07:00:00,11.56,11.95,11.46,11.56,917930,BVB
2024-08-27 07:00:00,11.56,11.66,11.27,11.37,826596,BVB
2024-08-28 07:00:00,11.37,11.56,11.17,11.37,1564419,BVB
2024-08-29 07:00:00,11.46,11.66,11.37,11.46,759729,BVB
2024-08-30 07:00:00,11.56,11.56,11.27,11.27,517036,BVB
2024-09-04 07:00:00,11.37,11.37,10.97,11.17,1177215,BVB
2024-09-05 07:00:00,11.07,11.17,10.88,10.88,675736,BVB
2024-09-06 07:00:00,10.97,11.07,10.78,11.07,880305,BVB
2024-09-09 07:00:00,10.88,11.07,10.88,10.97,421707,BVB
2024-09-10 07:00:00,10.97,11.07,10.88,10.97,599969,BVB
2024-09-11 07:00:00,10.97,10.97,10.78,10.97,505757,BVB
2024-09-12 07:00:00,10.97,11.07,10.88,10.97,501795,BVB
2024-09-13 07:00:00,10.97,11.07,10.88,10.88,386886,BVB
2024-09-16 07:00:00,10.88,10.97,10.78,10.88,523208,BVB
2024-09-17 07:00:00,10.88,10.97,10.78,10.97,586649,BVB
2024-09-18 07:00:00,11.07,11.17,10.88,11.07,670269,BVB
2024-09-19 07:00:00,11.07,11.17,10.88,11.17,1103446,BVB
2024-09-20 07:00:00,11.07,11.27,11.07,11.17,1532785,BVB
2024-09-23 07:00:00,11.17,11.27,11.07,11.17,581548,BVB
2024-09-24 07:00:00,11.17,11.27,11.07,11.27,464536,BVB
2024-09-25 07:00:00,11.27,11.46,11.17,11.46,1375537,BVB
2024-09-26 07:00:00,11.46,11.66,11.37,11.56,3313333,BVB
2024-09-27 07:00:00,11.56,11.95,11.56,11.76,3923983,BVB
2024-09-30 07:00:00,11.76,11.85,11.46,11.56,1992956,BVB
2024-10-01 07:00:00,11.56,11.85,11.46,11.56,2981441,BVB
2024-10-02 07:00:00,11.56,11.66,11.37,11.46,1908692,BVB
2024-10-03 07:00:00,11.46,12.05,11.46,11.76,7660606,BVB
2024-10-04 07:00:00,11.76,11.76,11.37,11.56,1913152,BVB
2024-10-07 07:00:00,11.56,11.56,11.37,11.56,1299655,BVB
2024-10-08 07:00:00,11.56,11.66,11.37,11.46,2243647,BVB
2024-10-09 07:00:00,11.46,11.56,11.37,11.46,1197564,BVB
2024-10-10 07:00:00,11.56,11.76,11.56,11.66,3669641,BVB
2024-10-11 07:00:00,11.66,11.76,11.46,11.66,1366395,BVB
2024-10-14 07:00:00,11.66,11.85,11.46,11.46,2144313,BVB
2024-10-15 07:00:00,11.56,11.66,11.46,11.56,1071793,BVB
2024-10-16 07:00:00,11.56,11.56,11.37,11.46,1237692,BVB
2024-10-17 07:00:00,11.46,11.66,11.37,11.56,1359440,BVB
2024-10-18 07:00:00,11.56,12.05,11.56,11.76,5291032,BVB
2024-10-21 07:00:00,11.66,11.85,11.56,11.66,1112806,BVB
2024-10-22 07:00:00,11.66,11.76,11.46,11.46,1838442,BVB
2024-10-23 07:00:00,11.56,11.66,11.46,11.56,1013276,BVB
2024-10-24 07:00:00,11.56,11.56,11.17,11.27,2645929,BVB
2024-10-25 07:00:00,11.37,11.46,11.07,11.17,1923321,BVB
2024-10-28 07:00:00,11.27,11.37,11.17,11.37,404699,BVB
2024-10-29 07:00:00,11.27,11.46,11.27,11.27,668884,BVB
2024-10-30 07:00:00,11.37,11.37,11.17,11.27,725423,BVB
2024-10-31 07:00:00,11.27,11.46,11.17,11.37,669450,BVB
2024-11-01 07:00:00,11.17,11.37,11.17,11.27,624117,BVB
2024-11-04 07:00:00,11.27,11.46,11.17,11.17,606481,BVB
2024-11-05 07:00:00,11.17,11.37,11.17,11.27,509050,BVB
2024-11-06 07:00:00,11.37,11.56,11.27,11.56,1268273,BVB
2024-11-07 07:00:00,11.46,11.66,11.27,11.27,982115,BVB
2024-11-08 07:00:00,11.27,11.37,11.07,11.17,1056002,BVB
2024-11-11 07:00:00,11.17,11.17,10.88,10.97,2499744,BVB
2024-11-12 07:00:00,11.07,11.17,10.88,10.97,453514,BVB
2024-11-13 07:00:00,10.97,11.07,10.88,10.97,437524,BVB
2024-11-14 07:00:00,10.97,11.07,10.88,10.97,692730,BVB
2024-11-15 07:00:00,10.88,11.07,10.68,10.88,931043,BVB
2024-11-18 07:00:00,10.68,10.97,10.68,10.88,762307,BVB
2024-11-19 07:00:00,10.78,10.97,10.68,10.78,524160,BVB
2024-11-20 07:00:00,10.78,11.07,10.68,10.88,835833,BVB
2024-11-21 07:00:00,10.88,10.97,10.88,10.97,328530,BVB
2024-11-22 07:00:00,10.88,10.97,10.78,10.88,367850,BVB
2024-11-25 07:00:00,10.88,10.97,10.78,10.88,267086,BVB
2024-11-26 07:00:00,10.97,10.97,10.88,10.88,492264,BVB
2024-11-27 07:00:00,10.97,11.07,10.88,10.97,315599,BVB
2024-11-28 07:00:00,11.07,11.07,10.88,10.97,264822,BVB
2024-11-29 07:00:00,10.97,11.07,10.88,10.97,341192,BVB
2024-12-02 07:00:00,11.07,11.07,10.88,10.88,222669,BVB
2024-12-03 07:00:00,11.07,11.07,10.97,11.07,404862,BVB
2024-12-04 07:00:00,10.97,11.07,10.97,11.07,623362,BVB
2024-12-05 07:00:00,10.97,11.37,10.97,11.27,1318608,BVB
2024-12-06 07:00:00,11.27,11.46,11.17,11.27,558328,BVB
2024-12-09 07:00:00,11.27,11.46,11.17,11.17,299773,BVB
2024-12-10 07:00:00,11.17,11.37,11.17,11.37,437318,BVB
2024-12-11 07:00:00,11.27,11.46,11.27,11.27,406958,BVB
2024-12-12 07:00:00,11.27,11.37,11.17,11.27,416921,BVB
2024-12-13 07:00:00,11.37,11.46,11.17,11.17,301591,BVB
2024-12-16 07:00:00,11.27,11.37,10.88,11.07,980786,BVB
2024-12-17 07:00:00,11.17,11.27,11.07,11.17,172296,BVB
2024-12-18 07:00:00,11.17,11.27,11.07,11.07,224580,BVB
2024-12-19 07:00:00,11.07,11.17,10.97,11.17,669257,BVB
2024-12-20 07:00:00,11.17,11.27,11.07,11.07,753264,BVB
2024-12-23 07:00:00,11.07,11.27,11.07,11.07,167314,BVB
2024-12-24 07:00:00,11.17,11.27,11.07,11.17,357631,BVB
2024-12-25 07:00:00,11.17,11.56,11.17,11.46,1959946,BVB
2024-12-26 07:00:00,11.37,11.66,11.37,11.56,843146,BVB
2024-12-27 07:00:00,11.56,11.76,11.37,11.37,807998,BVB
2024-12-30 07:00:00,11.37,11.46,11.17,11.37,598799,BVB
2024-12-31 07:00:00,11.37,11.56,11.27,11.37,654394,BVB
2025-01-02 07:00:00,11.37,11.56,11.27,11.46,855710,BVB
2025-01-03 07:00:00,11.46,11.66,11.27,11.37,758571,BVB
2025-01-06 07:00:00,11.37,11.46,11.07,11.07,507386,BVB
2025-01-07 07:00:00,11.07,11.27,11.07,11.17,247277,BVB
2025-01-08 07:00:00,11.17,11.17,10.97,11.17,306374,BVB
2025-01-09 07:00:00,11.17,11.56,11.07,11.27,269716,BVB
2025-01-10 07:00:00,11.27,11.27,11.07,11.17,426471,BVB
2025-01-13 07:00:00,11.07,11.17,11.07,11.17,424225,BVB
2025-01-14 07:00:00,11.17,11.17,11.07,11.17,135643,BVB
2025-01-15 07:00:00,11.07,11.37,11.07,11.27,272711,BVB
2025-01-16 07:00:00,11.17,11.37,11.07,11.27,202537,BVB
2025-01-17 07:00:00,11.37,11.46,11.17,11.37,262065,BVB
2025-01-20 07:00:00,11.37,11.46,11.27,11.37,586863,BVB
2025-01-21 07:00:00,11.37,11.95,11.27,11.76,2970896,BVB
2025-01-22 07:00:00,11.66,11.85,11.56,11.66,612776,BVB
2025-01-23 07:00:00,11.95,12.05,11.76,11.95,2166352,BVB
2025-01-24 07:00:00,11.95,12.44,11.95,12.25,4124480,BVB
2025-02-03 07:00:00,12.25,13.62,12.25,13.23,5760341,BVB
2025-02-04 07:00:00,13.32,13.62,13.13,13.32,3797145,BVB
2025-02-05 07:00:00,13.23,13.52,13.13,13.42,3996439,BVB
2025-02-06 07:00:00,13.42,13.91,13.42,13.72,4583101,BVB
2025-02-07 07:00:00,13.72,13.91,13.42,13.72,3190782,BVB
2025-02-10 07:00:00,13.62,14.01,13.42,13.52,4375080,BVB
2025-02-11 07:00:00,13.62,13.81,13.42,13.52,3524083,BVB
2025-02-12 07:00:00,13.52,13.72,13.23,13.32,4841524,BVB
2025-02-13 07:00:00,13.32,14.11,13.23,14.01,6710563,BVB
2025-02-14 07:00:00,14.11,14.99,14.01,14.3,8073319,BVB
2025-02-17 07:00:00,14.5,14.6,14.11,14.3,6036164,BVB
2025-02-18 07:00:00,14.3,14.6,14.11,14.4,3985400,BVB
2025-02-19 07:00:00,14.3,14.6,14.21,14.4,4547669,BVB
2025-02-20 07:00:00,14.4,14.7,14.3,14.5,4524394,BVB
2025-02-21 07:00:00,14.5,14.6,14.21,14.4,3867151,BVB
2025-02-24 07:00:00,14.4,14.5,14.21,14.5,3307737,BVB
2025-02-25 07:00:00,14.4,14.89,14.4,14.79,7931972,BVB
2025-02-26 07:00:00,14.79,14.99,14.6,14.7,3915495,BVB
2025-02-27 07:00:00,14.79,14.79,14.21,14.5,5129123,BVB
2025-02-28 07:00:00,14.4,14.5,14.21,14.4,3283749,BVB
2025-03-03 07:00:00,14.3,14.89,14.3,14.6,3257848,BVB
2025-03-04 07:00:00,14.6,14.7,14.3,14.6,3403996,BVB
2025-03-05 07:00:00,14.6,14.89,14.3,14.4,4399718,BVB
2025-03-06 07:00:00,14.5,14.5,14.3,14.5,3813557,BVB
2025-03-07 07:00:00,14.5,14.79,14.4,14.4,4153591,BVB
2025-03-10 07:00:00,14.4,14.6,14.21,14.3,3681696,BVB
2025-03-11 07:00:00,14.3,14.3,13.81,14.21,6118647,BVB
2025-03-12 07:00:00,14.11,14.21,13.81,13.91,3092538,BVB
2025-03-13 07:00:00,13.91,14.01,13.42,13.52,5680693,BVB
2025-03-14 07:00:00,13.52,13.91,13.32,13.62,3229575,BVB
2025-03-17 07:00:00,13.62,14.21,13.52,13.91,3769567,BVB
2025-03-18 07:00:00,13.91,14.11,13.52,13.72,2581273,BVB
2025-03-19 07:00:00,13.72,13.72,13.42,13.62,2263719,BVB
2025-03-20 07:00:00,13.52,13.72,13.42,13.72,2267253,BVB
2025-03-21 07:00:00,13.62,14.01,13.62,14.01,4345832,BVB
2025-03-24 07:00:00,14.01,14.5,13.81,14.5,7333204,BVB
2025-03-25 07:00:00,14.3,14.6,14.21,14.3,4206000,BVB
2025-03-26 07:00:00,14.4,14.4,14.01,14.11,4621990,BVB
2025-03-27 07:00:00,14.11,14.11,13.81,14.01,2733242,BVB
2025-03-28 07:00:00,14.01,14.01,13.62,13.72,3009542,BVB
2025-03-31 07:00:00,13.62,13.72,13.32,13.52,4084518,BVB
2025-04-01 07:00:00,13.52,13.81,13.32,13.81,2509424,BVB
2025-04-02 07:00:00,13.72,14.01,13.72,13.72,2434693,BVB
2025-04-03 07:00:00,13.42,13.62,11.95,12.15,13677920,BVB
2025-04-04 07:00:00,12.25,12.54,11.56,12.44,5764485,BVB
2025-04-08 07:00:00,12.05,12.15,10.29,10.48,7103730,BVB
2025-04-09 07:00:00,10.29,11.27,9.41,10.48,5823747,BVB
2025-04-10 07:00:00,11.46,11.85,11.46,11.85,1044499,BVB
2025-04-11 07:00:00,12.64,12.93,11.85,12.25,6305269,BVB
2025-04-14 07:00:00,12.25,12.34,11.85,12.05,3901968,BVB
2025-04-15 07:00:00,12.0,12.5,12.0,12.2,2175325,BVB
2025-04-16 07:00:00,12.2,12.3,11.9,12.0,2513609,BVB
2025-04-17 07:00:00,12.0,12.1,11.7,11.9,1685377,BVB
2025-04-18 07:00:00,11.8,12.3,11.8,12.1,3553598,BVB
2025-04-21 07:00:00,12.1,12.2,11.8,11.9,2271272,BVB
2025-04-22 07:00:00,11.9,12.1,11.0,11.7,4332819,BVB
2025-04-23 07:00:00,11.8,12.2,11.7,12.0,1329291,BVB
2025-04-24 07:00:00,12.0,12.3,11.8,12.1,1655991,BVB
2025-04-25 07:00:00,12.1,12.2,11.9,12.1,1833963,BVB
2025-04-28 07:00:00,12.1,12.2,11.9,12.0,1258852,BVB
2025-04-29 07:00:00,12.0,12.0,11.8,12.0,1054030,BVB
2025-05-05 07:00:00,12.0,12.1,11.9,12.1,1476400,BVB
2025-05-06 07:00:00,12.1,12.6,12.0,12.1,3577900,BVB
2025-05-07 07:00:00,12.2,12.3,12.0,12.2,1497300,BVB
2025-05-08 07:00:00,12.1,12.3,12.0,12.1,3368500,BVB
2025-05-09 07:00:00,12.3,12.3,12.0,12.1,2695400,BVB
2025-05-12 07:00:00,12.2,12.3,12.0,12.2,4716100,BVB
2025-05-13 07:00:00,12.2,12.6,12.1,12.6,5590800,BVB
2025-05-14 07:00:00,12.6,12.6,12.3,12.5,5027900,BVB
2025-05-15 07:00:00,12.5,12.8,12.4,12.8,6775200,BVB
2025-05-16 07:00:00,12.8,12.9,12.5,12.5,3374100,BVB
2025-05-19 07:00:00,12.6,12.6,12.3,12.3,3591500,BVB
2025-05-20 07:00:00,12.3,12.4,12.2,12.4,2521800,BVB
2025-05-21 07:00:00,12.4,12.8,12.4,12.6,5152100,BVB
2025-05-22 07:00:00,12.6,12.6,12.2,12.4,3536800,BVB
2025-05-23 07:00:00,12.4,12.5,12.2,12.4,1522000,BVB
2025-05-26 07:00:00,12.4,12.6,12.2,12.6,4927500,BVB
2025-05-27 07:00:00,12.6,13.5,12.6,13.3,12523500,BVB
2025-05-28 07:00:00,13.3,13.5,13.1,13.2,4872900,BVB
2025-05-29 07:00:00,13.3,13.4,13.0,13.1,5568000,BVB
2025-05-30 07:00:00,13.1,13.2,12.8,13.0,4655800,BVB
2025-06-02 07:00:00,13.0,13.4,12.8,13.4,4537200,BVB
2025-06-03 07:00:00,13.3,13.7,13.2,13.3,4249900,BVB
2025-06-04 07:00:00,13.4,13.4,13.0,13.0,4722200,BVB
2025-06-05 07:00:00,13.2,13.2,12.9,13.1,3180800,BVB
2025-06-06 07:00:00,13.1,13.2,12.9,12.9,2869500,BVB
2025-06-09 07:00:00,12.9,13.0,12.7,12.7,1891800,BVB
2025-06-10 07:00:00,12.8,13.0,12.7,12.8,3601400,BVB
2025-06-11 07:00:00,12.8,12.9,12.7,12.8,1392300,BVB
2025-06-12 07:00:00,12.7,13.1,12.4,13.1,3069000,BVB
2025-06-13 07:00:00,13.1,13.1,12.6,12.7,5006100,BVB
2025-06-16 07:00:00,12.7,13.0,12.6,13.0,2493100,BVB
2025-06-17 07:00:00,13.0,13.6,13.0,13.3,6020400,BVB
2025-06-18 07:00:00,13.3,13.4,13.0,13.1,2728400,BVB
2025-06-19 07:00:00,13.1,13.2,12.8,13.0,2280600,BVB
2025-06-20 07:00:00,13.0,13.4,12.9,13.1,5278600,BVB
2025-06-23 07:00:00,13.0,13.1,12.9,13.1,2275300,BVB
2025-06-24 07:00:00,13.0,13.2,13.0,13.0,2867800,BVB
2025-06-25 07:00:00,13.0,13.1,12.9,12.9,2851600,BVB
2025-06-26 07:00:00,12.9,13.0,12.7,12.9,2691400,BVB
2025-06-27 07:00:00,12.9,12.9,12.7,12.9,1973000,BVB
2025-06-30 07:00:00,12.9,12.9,12.7,12.7,2709500,BVB
2025-07-01 07:00:00,12.8,12.9,12.6,12.8,2857200,BVB
2025-07-02 07:00:00,12.8,12.9,12.6,12.7,3193000,BVB
2025-07-03 07:00:00,12.7,12.9,12.6,12.8,3848400,BVB
2025-07-04 07:00:00,12.8,12.9,12.7,12.8,2260900,BVB
2025-07-07 07:00:00,12.8,13.2,12.8,13.2,7589400,BVB
2025-07-08 07:00:00,13.4,13.9,13.2,13.6,8584100,BVB
2025-07-09 07:00:00,13.6,13.8,13.4,13.6,6222500,BVB
2025-07-10 07:00:00,13.5,13.7,13.3,13.3,4097200,BVB
2025-07-11 07:00:00,13.3,13.5,13.1,13.5,5788400,BVB
2025-07-14 07:00:00,13.5,13.7,13.3,13.7,5939900,BVB
2025-07-15 07:00:00,13.7,13.9,13.5,13.6,6795800,BVB
2025-07-16 07:00:00,13.6,13.7,13.4,13.7,3749700,BVB
2025-07-17 07:00:00,13.7,14.5,13.6,14.5,15023300,BVB
2025-07-18 07:00:00,14.6,14.8,14.2,14.4,6970000,BVB
2025-07-21 07:00:00,14.6,14.8,14.0,14.0,7905000,BVB
2025-07-22 07:00:00,14.0,14.2,13.7,14.2,6438600,BVB
2025-07-23 07:00:00,14.2,14.8,14.0,14.4,9006900,BVB
2025-07-24 07:00:00,14.4,14.7,14.2,14.5,6329300,BVB
2025-07-25 07:00:00,14.5,15.4,14.4,14.9,16462300,BVB
2025-07-28 07:00:00,14.9,15.7,14.8,15.6,13137100,BVB
2025-07-29 07:00:00,15.6,15.6,13.9,14.0,18049700,BVB
2025-07-30 07:00:00,14.0,14.5,13.8,14.3,10370400,BVB
2025-07-31 07:00:00,14.3,14.7,13.8,14.2,8302100,BVB
2025-08-01 07:00:00,14.2,14.3,13.8,13.9,6226200,BVB
2025-08-04 07:00:00,13.9,14.3,13.7,14.3,5647600,BVB
2025-08-05 07:00:00,14.4,14.8,13.9,14.3,16954700,BVB
2025-08-06 07:00:00,14.2,14.5,14.1,14.5,5797800,BVB
2025-08-07 07:00:00,14.4,14.6,14.2,14.6,8713800,BVB
2025-08-08 07:00:00,14.6,15.8,14.4,15.3,20101700,BVB
2025-08-11 07:00:00,15.7,15.7,15.0,15.3,6987600,BVB
2025-08-12 07:00:00,15.3,15.4,14.7,15.0,10618700,BVB
2025-08-13 07:00:00,15.0,15.2,14.6,15.1,10539100,BVB
2025-08-14 07:00:00,15.1,15.9,15.1,15.4,17074100,BVB
2025-08-15 07:00:00,15.4,15.6,14.7,15.0,11346500,BVB
2025-08-18 07:00:00,15.2,15.2,14.7,14.9,5829800,BVB
2025-08-19 07:00:00,14.8,15.2,14.8,15.1,8270400,BVB
2025-08-20 07:00:00,15.1,17.0,15.1,16.2,23612500,BVB
2025-08-21 07:00:00,16.3,17.3,16.2,16.9,14138900,BVB
2025-08-22 07:00:00,16.9,17.7,15.8,16.2,17254200,BVB
2025-08-25 07:00:00,16.2,16.7,15.1,15.5,11609600,BVB
2025-08-26 07:00:00,15.3,16.2,15.1,16.1,8197200,BVB
2025-08-27 07:00:00,16.1,16.3,15.8,16.0,5589800,BVB
2025-08-28 07:00:00,16.0,16.2,15.7,16.0,4097600,BVB
2025-08-29 07:00:00,16.0,16.4,15.8,16.0,8037900,BVB
2025-09-03 07:00:00,16.1,16.3,15.9,16.2,5358900,BVB
2025-09-04 07:00:00,16.1,16.9,15.9,16.5,7425000,BVB
2025-09-05 07:00:00,16.7,16.8,15.8,15.9,9279400,BVB
2025-09-08 07:00:00,15.9,16.0,15.0,15.1,9653000,BVB
2025-09-09 07:00:00,15.1,15.4,14.9,15.3,4203900,BVB
2025-09-10 07:00:00,15.3,15.4,14.9,15.2,2545400,BVB
2025-09-11 07:00:00,15.2,15.2,14.5,14.9,4185000,BVB
2025-09-12 07:00:00,15.0,15.2,14.8,15.0,1987400,BVB
2025-09-15 07:00:00,15.0,15.1,14.8,15.1,2684300,BVB
2025-09-16 07:00:00,15.1,15.4,15.0,15.2,3149300,BVB
2025-09-17 07:00:00,15.1,15.3,14.9,15.0,2826300,BVB
2025-09-18 07:00:00,15.0,15.1,14.7,14.9,2249000,BVB
2025-09-19 07:00:00,14.9,15.0,14.6,14.7,1575300,BVB
2025-09-22 07:00:00,14.8,14.9,14.3,14.4,2923000,BVB
2025-09-23 07:00:00,14.5,14.6,14.3,14.5,1574400,BVB
2025-09-24 07:00:00,14.5,14.5,14.0,14.5,3858900,BVB
2025-09-25 07:00:00,14.5,14.7,14.3,14.4,1801900,BVB
2025-09-26 07:00:00,14.5,14.5,14.3,14.3,1116800,BVB
2025-09-29 07:00:00,14.3,14.5,14.2,14.3,1265000,BVB
2025-09-30 07:00:00,14.2,14.3,13.9,14.1,2778000,BVB
2025-10-01 07:00:00,14.1,14.4,14.0,14.3,830600,BVB
2025-10-02 07:00:00,14.3,14.6,14.2,14.3,1739500,BVB
2025-10-03 07:00:00,14.4,14.4,14.0,14.0,1480800,BVB
2025-10-06 07:00:00,14.0,14.6,14.0,14.5,2983200,BVB
2025-10-07 07:00:00,14.5,14.6,14.2,14.3,1144400,BVB
2025-10-08 07:00:00,14.5,14.8,14.3,14.5,2603700,BVB
2025-10-09 07:00:00,14.5,14.6,14.4,14.5,1749900,BVB
2025-10-10 07:00:00,14.5,14.7,14.4,14.5,2492800,BVB
2025-10-13 07:00:00,14.5,14.5,14.0,14.4,1743300,BVB
2025-10-14 07:00:00,14.3,14.5,14.1,14.2,3019900,BVB
2025-10-15 07:00:00,14.2,14.3,14.0,14.2,2423100,BVB
2025-10-16 07:00:00,14.2,14.3,13.9,14.1,2511300,BVB
2025-10-17 07:00:00,14.1,14.2,13.6,13.8,3661200,BVB
2025-10-20 07:00:00,13.8,13.8,12.2,12.5,5132900,BVB
2025-10-21 07:00:00,13.0,13.0,12.4,12.8,3475100,BVB
2025-10-22 07:00:00,12.8,13.4,12.8,13.1,2936200,BVB
2025-10-23 07:00:00,13.2,13.4,13.1,13.2,984300,BVB
2025-10-24 07:00:00,13.2,13.4,13.0,13.3,1732400,BVB
2025-10-27 07:00:00,13.3,13.4,13.1,13.2,1596900,BVB
2025-10-28 07:00:00,13.2,13.5,13.1,13.4,1278400,BVB
2025-10-29 07:00:00,13.4,14.1,13.4,13.9,3007300,BVB
2025-10-30 07:00:00,14.5,14.5,13.6,13.7,883300,BVB
2025-10-31 07:00:00,13.8,13.8,13.6,13.6,761100,BVB
2025-11-03 07:00:00,13.6,13.8,13.3,13.5,1046500,BVB
2025-11-04 07:00:00,13.5,13.6,13.0,13.6,1525700,BVB
2025-11-05 07:00:00,13.5,13.8,13.3,13.6,645600,BVB
2025-11-06 07:00:00,13.6,13.7,13.4,13.5,610700,BVB
2025-11-07 07:00:00,13.6,13.6,13.3,13.3,867500,BVB
2025-11-10 07:00:00,13.5,13.5,13.1,13.3,511600,BVB
2025-11-11 07:00:00,13.3,13.5,13.1,13.4,522900,BVB
2025-11-12 07:00:00,13.4,13.5,13.1,13.4,1399300,BVB
2025-11-13 07:00:00,13.4,13.5,13.2,13.3,869700,BVB
2025-11-14 07:00:00,13.3,13.5,13.2,13.4,982200,BVB
2025-11-17 07:00:00,13.4,13.8,13.4,13.8,1851800,BVB
2025-11-18 07:00:00,13.8,13.9,13.6,13.7,1318700,BVB
2025-11-19 07:00:00,13.7,13.9,13.5,13.5,612500,BVB
2025-11-20 07:00:00,13.6,13.6,13.4,13.6,601000,BVB
2025-11-21 07:00:00,13.5,13.5,13.2,13.4,798700,BVB
2025-11-24 07:00:00,13.3,13.4,13.2,13.3,696200,BVB
2025-11-25 07:00:00,13.0,13.3,11.3,13.2,585700,BVB
2025-11-26 07:00:00,13.2,13.3,13.1,13.2,628100,BVB
2025-11-27 07:00:00,13.2,13.5,13.1,13.4,826400,BVB
2025-11-28 07:00:00,13.4,13.4,13.1,13.3,581500,BVB
2025-12-01 07:00:00,13.2,13.3,13.1,13.2,524500,BVB
2025-12-02 07:00:00,13.2,13.3,13.1,13.2,519700,BVB
2025-12-03 07:00:00,13.2,13.5,13.1,13.4,1621100,BVB
2025-12-04 07:00:00,13.3,13.5,13.3,13.5,960100,BVB
2025-12-05 07:00:00,13.5,13.5,13.2,13.2,805400,BVB
2025-12-08 07:00:00,13.2,13.3,13.1,13.2,573400,BVB
2025-12-09 07:00:00,13.2,13.3,12.9,13.3,1341500,BVB
2025-12-10 07:00:00,13.2,13.2,13.0,13.0,408800,BVB
2025-12-11 07:00:00,13.1,13.2,12.9,13.0,859100,BVB
2025-12-12 07:00:00,13.0,13.0,12.6,12.7,1244200,BVB
2025-12-15 07:00:00,12.7,12.8,12.6,12.7,554600,BVB
2025-12-16 07:00:00,12.7,12.9,12.5,12.8,783500,BVB
2025-12-17 07:00:00,12.8,12.9,12.7,12.8,291900,BVB
2025-12-18 07:00:00,12.7,12.9,12.7,12.9,605800,BVB
2025-12-19 07:00:00,12.8,12.8,12.7,12.8,414300,BVB
2025-12-22 07:00:00,12.8,13.7,12.8,13.5,4300900,BVB
2025-12-23 07:00:00,13.6,13.8,13.5,13.6,2344600,BVB
2025-12-24 07:00:00,13.6,13.8,13.5,13.7,1587700,BVB
2025-12-25 07:00:00,13.7,13.8,13.3,13.4,1596400,BVB
2025-12-26 07:00:00,13.3,13.5,12.9,13.3,1696200,BVB
2025-12-29 07:00:00,13.5,13.6,13.2,13.4,1155200,BVB
2025-12-30 07:00:00,13.4,13.5,13.2,13.3,695100,BVB
2025-12-31 07:00:00,13.3,13.4,13.2,13.2,661500,BVB
2026-01-05 07:00:00,13.2,13.3,12.9,13.1,1569100,BVB
2026-01-06 07:00:00,13.2,13.2,12.9,13.2,1077000,BVB
2026-01-07 07:00:00,13.2,13.5,13.0,13.4,2254100,BVB
2026-01-08 07:00:00,13.4,13.5,13.2,13.3,1934400,BVB
2026-01-09 07:00:00,13.3,13.4,13.0,13.1,1631300,BVB
2026-01-12 07:00:00,13.1,13.4,12.9,13.3,2789900,BVB
2026-01-13 07:00:00,13.3,13.5,13.2,13.5,2873200,BVB
2026-01-14 07:00:00,13.5,14.4,13.5,14.2,13190000,BVB
2026-01-15 07:00:00,14.2,14.4,13.8,14.1,3461800,BVB
2026-01-16 07:00:00,14.1,14.5,14.1,14.2,4902900,BVB
2026-01-19 07:00:00,14.2,14.7,14.0,14.3,5440600,BVB
2026-01-20 07:00:00,14.2,14.4,14.0,14.2,2640400,BVB
2026-01-21 07:00:00,14.2,14.2,13.8,13.9,2987100,BVB
2026-01-22 07:00:00,13.9,14.2,13.9,14.0,2374500,BVB
2026-01-23 07:00:00,14.1,15.1,14.0,14.4,10954300,BVB
2026-01-26 07:00:00,14.5,14.7,14.0,14.1,3491800,BVB
2026-01-27 07:00:00,14.3,14.3,13.8,13.9,2826600,BVB
2026-01-28 07:00:00,13.9,14.1,13.7,13.9,3025200,BVB
2026-01-29 07:00:00,13.9,13.9,13.5,13.8,3135200,BVB
2026-01-30 07:00:00,13.8,14.1,13.7,14.0,2087800,BVB
2026-02-02 07:00:00,14.0,14.2,13.8,14.0,2220100,BVB
2026-02-03 07:00:00,14.0,14.1,13.9,13.9,2779900,BVB
2026-02-04 07:00:00,14.0,14.1,13.8,13.9,1688300,BVB
2026-02-05 07:00:00,13.9,13.9,13.6,13.6,1770600,BVB
2026-02-06 07:00:00,13.6,13.7,13.2,13.2,2695800,BVB
2026-02-09 07:00:00,13.3,13.5,13.0,13.2,1233200,BVB
2026-02-10 07:00:00,13.2,13.4,13.0,13.3,936200,BVB
2026-02-11 07:00:00,13.1,13.5,13.0,13.4,836000,BVB
2026-02-12 07:00:00,13.4,13.6,13.3,13.5,508400,BVB
2026-02-13 07:00:00,13.4,13.5,13.3,13.5,1566600,BVB
2026-02-23 07:00:00,13.5,13.7,13.4,13.7,847700,BVB
2026-02-24 07:00:00,13.7,13.7,13.5,13.6,987100,BVB
2026-02-25 07:00:00,13.6,13.7,13.4,13.5,3035600,BVB
2026-02-26 07:00:00,13.8,14.0,13.4,13.5,834300,BVB
2026-02-27 07:00:00,13.5,13.6,13.3,13.5,1750100,BVB
2026-03-02 07:00:00,13.5,13.5,12.8,13.1,3101800,BVB
2026-03-03 07:00:00,13.0,13.2,12.9,13.0,1809500,BVB
2026-03-04 07:00:00,13.0,13.1,12.7,13.1,2647200,BVB
2026-03-05 07:00:00,13.2,13.3,12.9,12.9,1190100,BVB
2026-03-06 07:00:00,13.1,13.1,12.6,12.7,1747400,BVB
2026-03-09 07:00:00,12.7,12.7,11.0,11.2,4875000,BVB
2026-03-10 07:00:00,11.4,12.1,11.4,11.9,2678700,BVB
2026-03-11 07:00:00,12.0,12.4,11.8,12.3,1772800,BVB
2026-03-12 07:00:00,12.3,12.3,11.8,12.0,1052000,BVB
2026-03-13 07:00:00,12.0,12.1,11.7,12.1,852800,BVB
2026-03-16 07:00:00,12.0,12.2,12.0,12.2,727600,BVB
2026-03-17 07:00:00,12.2,12.3,11.9,12.1,777200,BVB
2026-03-18 07:00:00,12.1,12.4,12.0,12.1,632100,BVB
2026-03-19 07:00:00,12.0,12.0,11.7,11.9,1329600,BVB
2026-03-20 07:00:00,11.8,11.9,11.7,11.7,593200,BVB
2026-03-23 07:00:00,11.7,11.9,11.2,11.4,1402500,BVB
2026-03-24 07:00:00,11.5,11.9,11.5,11.7,599500,BVB
2026-03-25 07:00:00,11.7,11.9,11.7,11.8,749700,BVB
2026-03-26 07:00:00,11.9,12.0,11.6,11.7,615300,BVB
2026-03-27 07:00:00,11.7,11.9,11.6,11.8,783400,BVB
2026-03-30 07:00:00,11.9,11.9,11.6,11.7,749300,BVB
2026-03-31 07:00:00,11.8,12.7,11.8,12.4,3168800,BVB
2026-04-01 07:00:00,12.3,12.9,12.3,12.6,1408400,BVB
2026-04-02 07:00:00,12.6,12.7,12.2,12.3,1190600,BVB
2026-04-03 07:00:00,12.4,12.5,12.0,12.1,1504100,BVB
2026-04-06 07:00:00,12.3,12.3,11.9,12.1,880400,BVB
2026-04-07 07:00:00,11.9,12.2,11.9,12.2,521900,BVB
2026-04-08 07:00:00,12.2,12.6,12.1,12.6,1792000,BVB
2026-04-09 07:00:00,12.7,12.7,12.2,12.4,1008500,BVB
2026-04-10 07:00:00,12.3,12.7,12.3,12.6,1965100,BVB
2026-04-13 07:00:00,12.6,12.6,12.4,12.6,1130400,BVB
2026-04-14 07:00:00,12.8,12.9,12.5,12.6,1191400,BVB
2026-04-15 07:00:00,12.6,13.2,12.5,12.9,4905900,BVB
2026-04-16 07:00:00,12.9,13.0,12.7,12.8,1276800,BVB
2026-04-17 07:00:00,12.8,13.1,12.7,12.8,1290400,BVB
2026-04-20 07:00:00,12.9,12.9,12.6,12.6,994800,BVB
2026-04-21 07:00:00,12.7,12.8,12.5,12.5,1079800,BVB
2026-04-22 07:00:00,12.6,12.8,12.4,12.6,855000,BVB
2026-04-23 07:00:00,12.5,12.7,12.3,12.5,1331600,BVB
2026-04-24 07:00:00,12.4,12.5,10.7,12.3,1464700,BVB
2026-04-28 07:00:00,12.4,12.4,12.2,12.3,560000,BVB
2026-04-29 07:00:00,12.4,12.5,12.2,12.4,851800,BVB
2026-05-04 07:00:00,12.4,12.6,12.3,12.4,471600,BVB
2026-05-05 07:00:00,12.4,12.6,12.2,12.3,592500,BVB
2023-05-08 07:00:00,6.88,7.07,6.88,6.94,30311,KLB
2023-05-09 07:00:00,6.94,6.94,6.88,6.94,13924,KLB
2023-05-10 07:00:00,6.94,7.01,6.88,7.01,32205,KLB
2023-05-11 07:00:00,6.94,7.26,6.94,7.26,100525,KLB
2023-05-12 07:00:00,7.19,7.32,7.07,7.19,32661,KLB
2023-05-15 07:00:00,7.26,7.38,7.19,7.26,58065,KLB
2023-05-16 07:00:00,7.26,7.26,7.07,7.19,66531,KLB
2023-05-17 07:00:00,7.13,7.32,7.13,7.19,32591,KLB
2023-05-18 07:00:00,7.19,7.19,7.13,7.19,39407,KLB
2023-05-19 07:00:00,7.13,7.26,7.13,7.26,36400,KLB
2023-05-22 07:00:00,7.26,7.26,7.26,7.26,37921,KLB
2023-05-23 07:00:00,7.32,7.44,7.26,7.26,23207,KLB
2023-05-24 07:00:00,7.38,7.44,7.19,7.19,29025,KLB
2023-05-25 07:00:00,7.26,7.26,7.01,7.07,36200,KLB
2023-05-26 07:00:00,7.13,7.13,7.01,7.07,21967,KLB
2023-05-29 07:00:00,7.07,7.13,7.07,7.13,43049,KLB
2023-05-30 07:00:00,7.13,7.19,7.07,7.13,39226,KLB
2023-05-31 07:00:00,7.13,7.13,7.07,7.13,32420,KLB
2023-06-01 07:00:00,7.13,8.13,7.13,8.07,285436,KLB
2023-06-02 07:00:00,8.07,8.63,8.07,8.63,225203,KLB
2023-06-05 07:00:00,9.44,9.82,8.76,9.07,359689,KLB
2023-06-06 07:00:00,9.19,9.26,8.63,9.19,145634,KLB
2023-06-07 07:00:00,9.19,9.38,8.63,9.13,113235,KLB
2023-06-08 07:00:00,8.94,9.32,8.82,8.82,131748,KLB
2023-06-09 07:00:00,8.82,9.01,8.69,8.94,103344,KLB
2023-06-12 07:00:00,8.94,9.13,8.69,9.13,110948,KLB
2023-06-13 07:00:00,9.01,9.26,9.01,9.26,79278,KLB
2023-06-14 07:00:00,9.19,9.44,8.94,9.01,83471,KLB
2023-06-15 07:00:00,9.07,9.07,8.82,8.94,59698,KLB
2023-06-16 07:00:00,9.01,9.07,8.63,8.94,123281,KLB
2023-06-19 07:00:00,8.94,8.94,8.57,8.76,81000,KLB
2023-06-20 07:00:00,8.63,8.76,8.63,8.76,33299,KLB
2023-06-21 07:00:00,8.76,8.76,8.13,8.69,53461,KLB
2023-06-22 07:00:00,8.57,9.01,8.57,9.01,121885,KLB
2023-06-23 07:00:00,9.01,9.01,8.82,8.82,59500,KLB
2023-06-26 07:00:00,8.82,8.88,8.57,8.69,66210,KLB
2023-06-27 07:00:00,8.63,8.69,8.57,8.63,87468,KLB
2023-06-28 07:00:00,8.63,8.76,8.63,8.76,84001,KLB
2023-06-29 07:00:00,8.69,8.69,8.57,8.57,29137,KLB
2023-06-30 07:00:00,8.57,8.63,8.38,8.51,34698,KLB
2023-07-03 07:00:00,8.57,8.63,8.38,8.63,12704,KLB
2023-07-04 07:00:00,8.51,8.63,8.44,8.63,21199,KLB
2023-07-05 07:00:00,8.63,8.63,8.51,8.57,13214,KLB
2023-07-06 07:00:00,8.63,8.63,8.38,8.44,47701,KLB
2023-07-07 07:00:00,8.44,8.44,8.19,8.32,32631,KLB
2023-07-10 07:00:00,8.32,8.51,8.26,8.32,43368,KLB
2023-07-11 07:00:00,8.32,8.57,8.32,8.51,36235,KLB
2023-07-12 07:00:00,8.69,8.69,8.38,8.44,16332,KLB
2023-07-13 07:00:00,8.26,8.51,8.26,8.44,28625,KLB
2023-07-14 07:00:00,8.38,8.51,8.38,8.51,37043,KLB
2023-07-17 07:00:00,8.38,8.51,8.32,8.51,52440,KLB
2023-07-18 07:00:00,8.57,8.94,8.51,8.76,75688,KLB
2023-07-19 07:00:00,8.76,8.94,8.69,8.76,83721,KLB
2023-07-20 07:00:00,8.76,8.82,8.63,8.82,70301,KLB
2023-07-21 07:00:00,8.82,8.88,8.69,8.76,28256,KLB
2023-07-24 07:00:00,8.69,8.88,8.69,8.88,51339,KLB
2023-07-25 07:00:00,8.88,9.01,8.82,8.82,51019,KLB
2023-07-26 07:00:00,8.69,8.69,8.57,8.63,47511,KLB
2023-07-27 07:00:00,8.63,8.69,8.32,8.57,67863,KLB
2023-07-28 07:00:00,8.44,8.57,8.38,8.44,44367,KLB
2023-07-31 07:00:00,8.76,8.76,8.51,8.57,45737,KLB
2023-08-01 07:00:00,8.57,9.38,8.57,8.94,191899,KLB
2023-08-02 07:00:00,8.94,9.69,8.76,9.51,212463,KLB
2023-08-03 07:00:00,9.51,9.57,9.07,9.32,96213,KLB
2023-08-04 07:00:00,9.26,9.32,8.88,9.26,126072,KLB
2023-08-07 07:00:00,9.32,9.44,9.13,9.13,107145,KLB
2023-08-08 07:00:00,9.38,9.51,9.19,9.26,99217,KLB
2023-08-09 07:00:00,9.26,9.32,9.07,9.19,41451,KLB
2023-08-10 07:00:00,9.19,9.51,9.13,9.32,116631,KLB
2023-08-11 07:00:00,9.38,9.38,9.07,9.32,78299,KLB
2023-08-14 07:00:00,9.26,9.26,9.13,9.13,40833,KLB
2023-08-15 07:00:00,9.13,9.19,9.07,9.13,46831,KLB
2023-08-16 07:00:00,9.13,9.51,9.07,9.51,123981,KLB
2023-08-17 07:00:00,9.51,9.63,9.19,9.38,84501,KLB
2023-08-18 07:00:00,9.38,9.38,8.57,8.76,71259,KLB
2023-08-21 07:00:00,8.57,8.69,8.07,8.51,90611,KLB
2023-08-22 07:00:00,8.26,8.38,8.01,8.38,42332,KLB
2023-08-23 07:00:00,8.38,8.57,8.32,8.32,8816,KLB
2023-08-24 07:00:00,8.26,8.38,8.13,8.38,53383,KLB
2023-08-25 07:00:00,8.38,8.44,8.26,8.32,35054,KLB
2023-08-28 07:00:00,8.44,8.44,8.26,8.38,22802,KLB
2023-08-29 07:00:00,8.44,8.57,8.32,8.44,32402,KLB
2023-08-30 07:00:00,8.44,8.51,8.38,8.51,24658,KLB
2023-08-31 07:00:00,8.44,8.51,8.44,8.51,30327,KLB
2023-09-05 07:00:00,8.51,8.76,8.51,8.69,56433,KLB
2023-09-06 07:00:00,8.63,8.88,8.57,8.69,48111,KLB
2023-09-07 07:00:00,8.69,8.82,8.69,8.69,51494,KLB
2023-09-08 07:00:00,8.69,8.76,8.63,8.76,54641,KLB
2023-09-11 07:00:00,8.76,8.76,8.44,8.63,64210,KLB
2023-09-12 07:00:00,8.63,8.63,8.44,8.63,26594,KLB
2023-09-13 07:00:00,8.63,8.63,8.51,8.63,15815,KLB
2023-09-14 07:00:00,8.63,8.94,8.57,8.82,100855,KLB
2023-09-15 07:00:00,8.76,8.88,8.63,8.63,16540,KLB
2023-09-18 07:00:00,8.82,8.82,8.38,8.51,44108,KLB
2023-09-19 07:00:00,8.51,8.69,8.38,8.51,43700,KLB
2023-09-20 07:00:00,8.44,8.69,8.38,8.51,7891,KLB
2023-09-21 07:00:00,8.51,8.51,8.38,8.38,24526,KLB
2023-09-22 07:00:00,8.38,8.38,8.19,8.32,27400,KLB
2023-09-25 07:00:00,8.26,8.32,7.82,7.88,39951,KLB
2023-09-26 07:00:00,7.94,7.94,7.69,7.76,10696,KLB
2023-09-27 07:00:00,7.88,7.88,7.76,7.82,4363,KLB
2023-09-28 07:00:00,7.88,7.88,7.69,7.82,13390,KLB
2023-09-29 07:00:00,7.82,8.01,7.82,7.82,15020,KLB
2023-10-02 07:00:00,7.69,7.82,7.69,7.69,20135,KLB
2023-10-03 07:00:00,7.76,7.76,7.51,7.51,13500,KLB
2023-10-04 07:00:00,7.57,7.69,7.51,7.57,14007,KLB
2023-10-05 07:00:00,7.57,7.57,7.44,7.51,5063,KLB
2023-10-06 07:00:00,7.57,7.63,7.44,7.51,24900,KLB
2023-10-09 07:00:00,7.51,7.57,7.44,7.51,25501,KLB
2023-10-10 07:00:00,7.51,7.63,7.51,7.51,11531,KLB
2023-10-11 07:00:00,7.51,7.51,7.51,7.51,15569,KLB
2023-10-12 07:00:00,7.63,7.94,7.51,7.94,38899,KLB
2023-10-13 07:00:00,7.88,7.88,7.82,7.82,3300,KLB
2023-10-16 07:00:00,7.82,7.82,7.57,7.63,15567,KLB
2023-10-17 07:00:00,7.57,7.63,7.57,7.57,8538,KLB
2023-10-18 07:00:00,7.51,7.57,7.01,7.32,25210,KLB
2023-10-19 07:00:00,7.38,7.38,7.19,7.38,9700,KLB
2023-10-20 07:00:00,7.32,7.38,7.13,7.32,9122,KLB
2023-10-23 07:00:00,7.26,7.32,7.26,7.32,9901,KLB
2023-10-24 07:00:00,7.32,7.38,7.26,7.26,13100,KLB
2023-10-25 07:00:00,7.26,7.44,7.26,7.26,18300,KLB
2023-10-26 07:00:00,7.19,7.19,7.07,7.07,12112,KLB
2023-10-27 07:00:00,7.13,7.13,6.94,7.13,24639,KLB
2023-10-30 07:00:00,7.01,7.19,6.94,7.13,6859,KLB
2023-10-31 07:00:00,7.01,7.19,6.88,6.88,16906,KLB
2023-11-01 07:00:00,6.94,7.19,6.94,6.94,7600,KLB
2023-11-02 07:00:00,7.01,7.26,6.94,7.26,22602,KLB
2023-11-03 07:00:00,7.19,7.32,7.19,7.32,6404,KLB
2023-11-06 07:00:00,7.07,7.26,7.07,7.26,6306,KLB
2023-11-07 07:00:00,7.26,7.26,7.19,7.19,3656,KLB
2023-11-08 07:00:00,7.01,7.38,7.01,7.38,18201,KLB
2023-11-09 07:00:00,7.26,7.44,7.26,7.38,20462,KLB
2023-11-10 07:00:00,7.26,7.32,7.19,7.26,7070,KLB
2023-11-13 07:00:00,7.26,7.32,7.07,7.07,15810,KLB
2023-11-14 07:00:00,7.19,7.44,7.13,7.38,17055,KLB
2023-11-15 07:00:00,7.51,7.51,7.32,7.32,24227,KLB
2023-11-16 07:00:00,7.38,7.38,7.32,7.38,17871,KLB
2023-11-17 07:00:00,7.44,7.44,7.26,7.26,26428,KLB
2023-11-20 07:00:00,7.38,7.38,7.13,7.26,11081,KLB
2023-11-21 07:00:00,7.26,7.32,7.26,7.26,16300,KLB
2023-11-22 07:00:00,7.32,7.32,7.19,7.26,14321,KLB
2023-11-23 07:00:00,7.19,7.26,7.19,7.19,27070,KLB
2023-11-24 07:00:00,7.13,7.19,7.07,7.13,44500,KLB
2023-11-27 07:00:00,7.44,7.44,7.13,7.13,5330,KLB
2023-11-28 07:00:00,7.26,7.26,7.07,7.13,7700,KLB
2023-11-29 07:00:00,7.13,7.19,7.13,7.13,21700,KLB
2023-11-30 07:00:00,7.19,7.26,7.19,7.19,76702,KLB
2023-12-01 07:00:00,7.19,7.19,7.13,7.19,54700,KLB
2023-12-04 07:00:00,7.13,7.26,7.13,7.19,8260,KLB
2023-12-05 07:00:00,7.26,7.26,7.13,7.19,14857,KLB
2023-12-06 07:00:00,7.13,7.26,7.13,7.19,7322,KLB
2023-12-07 07:00:00,7.13,7.26,7.13,7.26,8900,KLB
2023-12-08 07:00:00,7.19,7.26,7.19,7.26,14159,KLB
2023-12-11 07:00:00,7.26,7.51,7.26,7.44,32729,KLB
2023-12-12 07:00:00,7.38,7.38,7.19,7.19,3478,KLB
2023-12-13 07:00:00,7.38,7.44,7.26,7.26,8820,KLB
2023-12-14 07:00:00,7.19,7.32,7.13,7.19,15642,KLB
2023-12-15 07:00:00,7.19,7.26,7.19,7.26,2144,KLB
2023-12-18 07:00:00,7.07,7.13,7.07,7.07,4647,KLB
2023-12-19 07:00:00,7.19,7.19,7.07,7.13,8435,KLB
2023-12-20 07:00:00,7.19,7.26,7.07,7.19,3694,KLB
2023-12-21 07:00:00,7.19,7.19,7.13,7.13,1101,KLB
2023-12-22 07:00:00,7.38,7.38,7.07,7.19,6600,KLB
2023-12-25 07:00:00,7.13,7.26,7.13,7.26,10703,KLB
2023-12-26 07:00:00,7.19,7.19,7.19,7.19,3700,KLB
2023-12-27 07:00:00,7.19,7.19,7.07,7.13,25851,KLB
2023-12-28 07:00:00,7.13,7.19,7.13,7.19,6700,KLB
2023-12-29 07:00:00,7.26,7.26,7.13,7.13,4224,KLB
2024-01-02 07:00:00,7.57,7.57,7.19,7.19,9994,KLB
2024-01-03 07:00:00,7.19,7.32,7.13,7.26,18432,KLB
2024-01-04 07:00:00,7.26,7.69,7.26,7.38,50606,KLB
2024-01-05 07:00:00,7.38,7.76,7.38,7.57,30320,KLB
2024-01-08 07:00:00,7.57,7.57,7.38,7.51,13471,KLB
2024-01-09 07:00:00,7.51,7.57,7.26,7.51,35943,KLB
2024-01-10 07:00:00,7.51,7.57,7.38,7.44,17223,KLB
2024-01-11 07:00:00,7.51,8.44,7.44,7.94,118402,KLB
2024-01-12 07:00:00,7.94,8.13,7.69,7.94,42510,KLB
2024-01-15 07:00:00,7.94,7.94,7.69,7.76,18812,KLB
2024-01-16 07:00:00,7.76,7.76,7.51,7.76,16900,KLB
2024-01-17 07:00:00,7.76,7.76,7.51,7.63,26970,KLB
2024-01-18 07:00:00,7.63,7.63,7.51,7.57,5911,KLB
2024-01-19 07:00:00,7.51,7.82,7.51,7.57,12073,KLB
2024-01-22 07:00:00,7.63,7.63,7.51,7.51,17769,KLB
2024-01-23 07:00:00,7.63,7.63,7.38,7.63,11944,KLB
2024-01-24 07:00:00,7.51,7.51,7.38,7.38,41882,KLB
2024-01-25 07:00:00,7.44,7.69,7.38,7.51,18227,KLB
2024-01-26 07:00:00,7.63,7.82,7.44,7.51,43021,KLB
2024-01-29 07:00:00,7.51,7.51,7.44,7.44,5210,KLB
2024-01-30 07:00:00,7.51,7.63,7.44,7.51,5580,KLB
2024-01-31 07:00:00,7.82,8.13,7.44,7.44,14066,KLB
2024-02-01 07:00:00,7.44,7.44,7.44,7.44,3684,KLB
2024-02-02 07:00:00,7.38,7.44,7.38,7.44,5902,KLB
2024-02-05 07:00:00,7.38,7.63,7.38,7.51,20000,KLB
2024-02-06 07:00:00,7.57,7.63,7.57,7.57,14730,KLB
2024-02-07 07:00:00,7.57,7.63,7.51,7.57,16524,KLB
2024-02-15 07:00:00,7.57,7.82,7.51,7.76,41310,KLB
2024-02-16 07:00:00,7.76,7.82,7.63,7.63,4721,KLB
2024-02-19 07:00:00,7.76,7.76,7.57,7.57,11339,KLB
2024-02-20 07:00:00,7.82,7.82,7.63,7.63,10340,KLB
2024-02-21 07:00:00,7.69,7.69,7.63,7.63,15644,KLB
2024-02-22 07:00:00,7.63,7.76,7.63,7.76,26708,KLB
2024-02-23 07:00:00,7.69,7.88,7.69,7.69,39440,KLB
2024-02-26 07:00:00,7.69,7.69,7.38,7.63,17206,KLB
2024-02-27 07:00:00,7.57,7.63,7.51,7.63,10750,KLB
2024-02-28 07:00:00,7.63,7.69,7.57,7.69,22606,KLB
2024-02-29 07:00:00,7.69,7.69,7.44,7.51,82081,KLB
2024-03-01 07:00:00,7.63,7.63,7.57,7.63,16433,KLB
2024-03-04 07:00:00,7.57,7.63,7.57,7.57,19067,KLB
2024-03-05 07:00:00,7.57,7.63,7.51,7.63,21511,KLB
2024-03-06 07:00:00,7.57,7.63,7.51,7.63,31248,KLB
2024-03-07 07:00:00,7.57,7.63,7.57,7.63,15037,KLB
2024-03-08 07:00:00,7.57,7.57,7.51,7.57,24111,KLB
2024-03-11 07:00:00,7.57,7.57,7.38,7.44,17393,KLB
2024-03-12 07:00:00,7.44,7.51,7.38,7.44,9913,KLB
2024-03-13 07:00:00,7.44,7.51,7.38,7.51,10584,KLB
2024-03-14 07:00:00,7.51,7.57,7.44,7.44,14625,KLB
2024-03-15 07:00:00,7.44,7.57,7.44,7.44,9700,KLB
2024-03-18 07:00:00,7.44,7.44,7.32,7.38,42049,KLB
2024-03-19 07:00:00,7.38,7.38,7.38,7.38,4240,KLB
2024-03-20 07:00:00,7.38,7.57,7.38,7.57,21718,KLB
2024-03-21 07:00:00,7.51,7.51,7.44,7.51,13976,KLB
2024-03-22 07:00:00,7.44,7.63,7.44,7.57,21247,KLB
2024-03-25 07:00:00,7.44,7.51,7.44,7.51,12001,KLB
2024-03-26 07:00:00,7.57,7.63,7.51,7.63,24639,KLB
2024-03-27 07:00:00,7.63,7.69,7.38,7.63,29238,KLB
2024-03-28 07:00:00,7.57,7.57,7.44,7.44,7351,KLB
2024-03-29 07:00:00,7.44,7.44,7.38,7.44,18700,KLB
2024-04-01 07:00:00,7.44,7.51,7.32,7.44,23604,KLB
2024-04-02 07:00:00,7.44,7.44,7.32,7.38,28911,KLB
2024-04-03 07:00:00,7.38,7.51,7.32,7.38,30980,KLB
2024-04-04 07:00:00,7.38,7.57,7.26,7.32,47321,KLB
2024-04-05 07:00:00,7.26,7.44,7.19,7.44,5124,KLB
2024-04-08 07:00:00,7.51,7.51,7.26,7.32,7768,KLB
2024-04-09 07:00:00,7.19,7.38,7.19,7.38,4281,KLB
2024-04-10 07:00:00,7.38,7.44,7.38,7.38,14984,KLB
2024-04-11 07:00:00,7.44,7.44,7.32,7.44,5149,KLB
2024-04-12 07:00:00,7.38,7.51,7.19,7.51,9700,KLB
2024-04-15 07:00:00,7.44,7.44,7.19,7.19,7744,KLB
2024-04-16 07:00:00,7.26,7.26,6.63,7.07,13711,KLB
2024-04-17 07:00:00,6.94,7.32,6.94,7.32,4208,KLB
2024-04-19 07:00:00,6.94,7.01,6.82,6.88,18612,KLB
2024-04-22 07:00:00,6.82,6.94,6.69,6.94,7200,KLB
2024-04-23 07:00:00,6.88,6.88,6.82,6.82,5825,KLB
2024-04-24 07:00:00,7.01,7.07,6.88,6.94,6000,KLB
2024-04-25 07:00:00,6.82,6.82,6.82,6.82,1006,KLB
2024-04-26 07:00:00,6.88,7.07,6.82,7.01,3402,KLB
2024-05-02 07:00:00,6.82,6.82,6.82,6.82,608,KLB
2024-05-03 07:00:00,7.01,7.01,7.01,7.01,214,KLB
2024-05-06 07:00:00,7.01,7.01,6.88,7.01,10421,KLB
2024-05-07 07:00:00,6.88,7.07,6.88,7.07,15303,KLB
2024-05-08 07:00:00,7.01,7.07,6.94,6.94,4904,KLB
2024-05-09 07:00:00,7.07,7.19,6.88,7.13,26127,KLB
2024-05-10 07:00:00,7.07,7.13,7.07,7.07,5500,KLB
2024-05-13 07:00:00,7.19,7.19,6.94,7.07,10470,KLB
2024-05-14 07:00:00,7.13,7.13,7.13,7.13,3703,KLB
2024-05-15 07:00:00,7.13,7.13,7.01,7.13,4022,KLB
2024-05-16 07:00:00,7.13,7.19,7.13,7.19,5212,KLB
2024-05-17 07:00:00,7.19,7.19,6.88,7.07,24810,KLB
2024-05-20 07:00:00,7.13,7.13,7.07,7.13,28015,KLB
2024-05-21 07:00:00,7.13,8.07,7.13,8.01,3696206,KLB
2024-05-22 07:00:00,8.07,8.32,8.01,8.01,193605,KLB
2024-05-23 07:00:00,8.19,8.19,7.38,7.51,660814,KLB
2024-05-24 07:00:00,7.51,7.82,7.26,7.44,125125,KLB
2024-05-27 07:00:00,7.38,7.51,7.26,7.32,58362,KLB
2024-05-28 07:00:00,7.38,7.63,7.32,7.32,52503,KLB
2024-05-29 07:00:00,7.32,7.63,7.32,7.51,112387,KLB
2024-05-30 07:00:00,7.44,7.57,7.32,7.44,48471,KLB
2024-05-31 07:00:00,7.38,7.63,7.32,7.44,52911,KLB
2024-06-03 07:00:00,7.38,7.63,7.38,7.57,62718,KLB
2024-06-04 07:00:00,7.44,7.51,7.44,7.44,37639,KLB
2024-06-05 07:00:00,7.38,7.51,7.38,7.44,33202,KLB
2024-06-06 07:00:00,7.44,7.57,7.38,7.51,76043,KLB
2024-06-07 07:00:00,7.51,7.76,7.51,7.69,119374,KLB
2024-06-10 07:00:00,7.63,8.07,7.63,7.82,60300,KLB
2024-06-11 07:00:00,7.82,7.82,7.57,7.76,56607,KLB
2024-06-12 07:00:00,7.63,7.76,7.57,7.76,29164,KLB
2024-06-13 07:00:00,7.76,7.94,7.76,7.76,49994,KLB
2024-06-14 07:00:00,7.76,7.76,7.51,7.51,76867,KLB
2024-06-17 07:00:00,7.51,7.57,7.51,7.57,31110,KLB
2024-06-18 07:00:00,7.51,7.57,7.51,7.51,12220,KLB
2024-06-19 07:00:00,7.51,7.51,7.51,7.51,1248,KLB
2024-06-20 07:00:00,7.44,7.51,7.44,7.51,6535,KLB
2024-06-21 07:00:00,7.63,7.94,7.44,7.88,542049,KLB
2024-06-24 07:00:00,7.69,7.88,7.69,7.82,640105,KLB
2024-06-25 07:00:00,7.69,7.82,7.63,7.76,195772,KLB
2024-06-26 07:00:00,7.69,7.76,7.63,7.76,254599,KLB
2024-06-27 07:00:00,7.69,7.82,7.57,7.76,255000,KLB
2024-06-28 07:00:00,7.57,7.76,7.44,7.51,177209,KLB
2024-07-01 07:00:00,7.63,7.69,7.51,7.69,42631,KLB
2024-07-02 07:00:00,7.63,7.63,7.51,7.57,50765,KLB
2024-07-03 07:00:00,7.57,7.76,7.51,7.76,104979,KLB
2024-07-04 07:00:00,7.76,7.76,7.57,7.69,113533,KLB
2024-07-05 07:00:00,7.69,7.69,7.51,7.57,49401,KLB
2024-07-08 07:00:00,7.57,7.57,7.38,7.38,118926,KLB
2024-07-09 07:00:00,7.38,7.51,7.32,7.44,22555,KLB
2024-07-10 07:00:00,7.44,7.51,7.38,7.44,1100867,KLB
2024-07-11 07:00:00,7.51,7.51,7.38,7.38,62204,KLB
2024-07-12 07:00:00,7.44,7.44,7.32,7.38,74415,KLB
2024-07-15 07:00:00,7.38,7.44,7.32,7.38,37400,KLB
2024-07-16 07:00:00,7.38,7.44,7.38,7.44,58433,KLB
2024-07-17 07:00:00,7.51,7.57,7.32,7.32,152578,KLB
2024-07-18 07:00:00,7.38,7.44,7.38,7.44,38500,KLB
2024-07-19 07:00:00,7.44,7.44,7.26,7.44,75700,KLB
2024-07-22 07:00:00,7.32,7.94,7.26,7.94,55031,KLB
2024-07-23 07:00:00,7.51,7.82,7.32,7.69,152900,KLB
2024-07-24 07:00:00,7.57,7.57,7.32,7.51,88500,KLB
2024-07-25 07:00:00,7.51,7.51,7.19,7.51,44057,KLB
2024-07-26 07:00:00,7.32,7.38,7.19,7.38,38068,KLB
2024-07-29 07:00:00,7.26,7.32,7.19,7.32,27504,KLB
2024-07-30 07:00:00,7.26,7.44,7.19,7.38,17201,KLB
2024-07-31 07:00:00,7.38,7.44,7.32,7.44,55991,KLB
2024-08-01 07:00:00,7.38,7.44,7.32,7.44,104547,KLB
2024-08-02 07:00:00,7.38,7.44,7.32,7.44,73444,KLB
2024-08-05 07:00:00,7.44,7.44,7.19,7.19,151322,KLB
2024-08-06 07:00:00,7.19,7.38,7.19,7.38,33823,KLB
2024-08-07 07:00:00,7.38,7.51,7.32,7.44,70759,KLB
2024-08-08 07:00:00,7.32,7.38,7.32,7.32,61615,KLB
2024-08-09 07:00:00,7.38,7.44,7.32,7.38,40689,KLB
2024-08-12 07:00:00,7.38,7.44,7.38,7.44,10414,KLB
2024-08-13 07:00:00,7.38,7.38,7.32,7.38,86252,KLB
2024-08-14 07:00:00,7.38,7.44,7.38,7.38,41767,KLB
2024-08-15 07:00:00,7.44,7.44,7.38,7.38,70406,KLB
2024-08-16 07:00:00,7.38,7.51,7.38,7.51,86277,KLB
2024-08-19 07:00:00,7.51,7.51,7.44,7.51,34715,KLB
2024-08-20 07:00:00,7.57,7.57,7.51,7.57,68220,KLB
2024-08-21 07:00:00,7.57,7.57,7.51,7.57,28948,KLB
2024-08-22 07:00:00,7.63,7.63,7.57,7.63,56013,KLB
2024-08-23 07:00:00,7.63,7.69,7.57,7.63,33458,KLB
2024-08-26 07:00:00,7.63,7.63,7.57,7.63,46417,KLB
2024-08-27 07:00:00,7.57,7.76,7.57,7.76,127937,KLB
2024-08-28 07:00:00,7.82,8.57,7.82,8.19,227896,KLB
2024-08-29 07:00:00,8.19,8.32,8.13,8.13,96684,KLB
2024-08-30 07:00:00,8.19,8.26,8.07,8.13,75173,KLB
2024-09-04 07:00:00,8.19,8.19,7.88,7.94,77764,KLB
2024-09-05 07:00:00,8.01,8.01,7.88,7.88,89734,KLB
2024-09-06 07:00:00,7.88,8.01,7.88,8.01,52111,KLB
2024-09-09 07:00:00,7.94,8.19,7.94,8.19,121330,KLB
2024-09-10 07:00:00,8.13,8.38,8.13,8.13,92582,KLB
2024-09-11 07:00:00,8.13,8.13,8.01,8.07,60076,KLB
2024-09-12 07:00:00,8.07,8.26,8.07,8.19,128802,KLB
2024-09-13 07:00:00,8.13,8.19,8.13,8.19,101264,KLB
2024-09-16 07:00:00,8.13,8.19,8.07,8.13,99558,KLB
2024-09-17 07:00:00,8.13,8.13,8.01,8.07,61131,KLB
2024-09-18 07:00:00,8.07,8.13,8.07,8.07,41844,KLB
2024-09-19 07:00:00,8.07,8.32,8.07,8.32,200216,KLB
2024-09-20 07:00:00,8.26,8.32,8.26,8.26,124248,KLB
2024-09-23 07:00:00,8.26,8.26,8.19,8.26,86938,KLB
2024-09-24 07:00:00,8.19,8.26,8.13,8.26,100021,KLB
2024-09-25 07:00:00,8.19,8.19,8.19,8.19,58349,KLB
2024-09-26 07:00:00,8.19,8.38,8.13,8.32,123237,KLB
2024-09-27 07:00:00,8.26,8.69,8.26,8.57,335657,KLB
2024-09-30 07:00:00,8.57,8.69,8.44,8.44,77319,KLB
2024-10-01 07:00:00,8.51,8.51,8.32,8.32,135716,KLB
2024-10-02 07:00:00,8.38,8.38,8.19,8.32,68554,KLB
2024-10-03 07:00:00,8.26,8.57,8.26,8.32,100496,KLB
2024-10-04 07:00:00,8.38,8.57,8.19,8.38,104119,KLB
2024-10-07 07:00:00,8.38,8.38,8.19,8.19,40201,KLB
2024-10-08 07:00:00,8.19,8.32,8.19,8.19,47605,KLB
2024-10-09 07:00:00,8.19,8.26,8.01,8.19,127709,KLB
2024-10-10 07:00:00,8.32,8.32,8.07,8.07,26603,KLB
2024-10-11 07:00:00,8.13,8.13,7.94,8.01,99423,KLB
2024-10-14 07:00:00,8.01,8.07,7.94,8.01,38279,KLB
2024-10-15 07:00:00,7.94,8.01,7.76,7.82,126617,KLB
2024-10-16 07:00:00,7.82,7.82,7.69,7.76,31952,KLB
2024-10-17 07:00:00,7.69,7.94,7.69,7.82,20765,KLB
2024-10-18 07:00:00,7.88,7.88,7.76,7.82,52801,KLB
2024-10-21 07:00:00,7.82,7.94,7.76,7.88,2574201,KLB
2024-10-22 07:00:00,7.82,7.88,7.76,7.82,36909,KLB
2024-10-23 07:00:00,7.82,7.94,7.82,7.82,49304,KLB
2024-10-24 07:00:00,7.88,7.88,7.76,7.76,17710,KLB
2024-10-25 07:00:00,7.76,7.76,7.76,7.76,52981,KLB
2024-10-28 07:00:00,7.76,7.76,7.69,7.76,22318,KLB
2024-10-29 07:00:00,7.69,7.76,7.69,7.69,22314,KLB
2024-10-30 07:00:00,7.82,7.82,7.51,7.57,113036,KLB
2024-10-31 07:00:00,7.51,7.63,7.51,7.57,37658,KLB
2024-11-01 07:00:00,7.57,7.69,7.57,7.57,22989,KLB
2024-11-04 07:00:00,7.57,7.69,7.51,7.57,85013,KLB
2024-11-05 07:00:00,7.57,7.63,7.57,7.57,17041,KLB
2024-11-06 07:00:00,7.57,7.69,7.57,7.63,26918,KLB
2024-11-07 07:00:00,7.69,7.69,7.69,7.69,24073,KLB
2024-11-08 07:00:00,7.69,7.82,7.69,7.69,53203,KLB
2024-11-11 07:00:00,7.69,7.69,7.44,7.63,60610,KLB
2024-11-12 07:00:00,7.63,7.69,7.57,7.63,25401,KLB
2024-11-13 07:00:00,7.63,7.69,7.57,7.63,37001,KLB
2024-11-14 07:00:00,7.63,7.63,7.63,7.63,30200,KLB
2024-11-15 07:00:00,7.63,7.63,7.51,7.51,16106,KLB
2024-11-18 07:00:00,7.57,7.63,7.51,7.57,46700,KLB
2024-11-19 07:00:00,7.63,7.63,7.51,7.57,60900,KLB
2024-11-20 07:00:00,7.63,7.69,7.57,7.63,41301,KLB
2024-11-21 07:00:00,7.63,7.63,7.57,7.63,26500,KLB
2024-11-22 07:00:00,7.63,7.63,7.57,7.63,20110,KLB
2024-11-25 07:00:00,7.63,7.69,7.57,7.57,77327,KLB
2024-11-26 07:00:00,7.63,7.63,7.57,7.63,35510,KLB
2024-11-27 07:00:00,7.63,7.63,7.57,7.63,19940,KLB
2024-11-28 07:00:00,7.57,7.63,7.51,7.51,105039,KLB
2024-11-29 07:00:00,7.51,7.57,7.51,7.51,37701,KLB
2024-12-02 07:00:00,7.57,7.63,7.44,7.51,28462,KLB
2024-12-03 07:00:00,7.51,7.51,7.44,7.51,11539,KLB
2024-12-04 07:00:00,7.51,7.51,7.38,7.44,17376,KLB
2024-12-05 07:00:00,7.44,7.51,7.38,7.51,45613,KLB
2024-12-06 07:00:00,7.51,7.51,7.44,7.44,20113,KLB
2024-12-09 07:00:00,7.44,7.51,7.38,7.38,81517,KLB
2024-12-10 07:00:00,7.44,7.51,7.38,7.44,20117,KLB
2024-12-11 07:00:00,7.44,7.44,7.32,7.44,32210,KLB
2024-12-12 07:00:00,7.32,7.38,7.19,7.19,199526,KLB
2024-12-13 07:00:00,7.19,7.26,7.13,7.19,58703,KLB
2024-12-16 07:00:00,7.13,7.26,7.07,7.19,24908,KLB
2024-12-17 07:00:00,7.07,7.19,7.01,7.13,32400,KLB
2024-12-18 07:00:00,7.07,7.13,7.07,7.13,23209,KLB
2024-12-19 07:00:00,7.13,7.19,7.07,7.13,26801,KLB
2024-12-20 07:00:00,7.13,7.13,7.07,7.13,17202,KLB
2024-12-23 07:00:00,7.13,7.19,6.94,7.13,67379,KLB
2024-12-24 07:00:00,7.13,7.19,7.07,7.13,52328,KLB
2024-12-25 07:00:00,7.13,7.38,7.13,7.26,110505,KLB
2024-12-26 07:00:00,7.19,7.26,7.19,7.26,54660,KLB
2024-12-27 07:00:00,7.26,7.26,7.19,7.19,52604,KLB
2024-12-30 07:00:00,7.19,7.19,7.13,7.19,44901,KLB
2024-12-31 07:00:00,7.13,7.19,7.13,7.13,17200,KLB
2025-01-02 07:00:00,7.13,7.19,7.07,7.13,70320,KLB
2025-01-03 07:00:00,7.07,7.13,7.07,7.07,19000,KLB
2025-01-06 07:00:00,7.13,7.19,7.07,7.07,33921,KLB
2025-01-07 07:00:00,7.07,7.13,7.01,7.07,85141,KLB
2025-01-08 07:00:00,7.13,7.13,6.88,7.01,67286,KLB
2025-01-09 07:00:00,7.07,7.07,6.94,7.01,27018,KLB
2025-01-10 07:00:00,6.94,6.94,6.88,6.88,91600,KLB
2025-01-13 07:00:00,6.88,7.01,6.75,6.88,40730,KLB
2025-01-14 07:00:00,6.88,6.94,6.88,6.88,8708,KLB
2025-01-15 07:00:00,6.94,6.94,6.82,6.82,17700,KLB
2025-01-16 07:00:00,6.94,6.94,6.88,6.88,24000,KLB
2025-01-17 07:00:00,6.88,7.01,6.88,6.94,36313,KLB
2025-01-20 07:00:00,7.01,7.01,6.88,6.88,66607,KLB
2025-01-21 07:00:00,6.94,6.94,6.88,6.94,13000,KLB
2025-01-22 07:00:00,6.94,7.01,6.88,6.88,51106,KLB
2025-01-23 07:00:00,6.94,7.01,6.88,6.94,36000,KLB
2025-01-24 07:00:00,7.01,7.19,6.94,7.13,520600,KLB
2025-02-03 07:00:00,7.26,7.32,7.19,7.32,89826,KLB
2025-02-04 07:00:00,7.38,7.57,7.26,7.44,285709,KLB
2025-02-05 07:00:00,7.44,7.69,7.44,7.63,189440,KLB
2025-02-06 07:00:00,7.51,8.13,7.51,7.94,668836,KLB
2025-02-07 07:00:00,7.94,8.19,7.69,7.76,200152,KLB
2025-02-10 07:00:00,7.76,8.07,7.76,7.88,85709,KLB
2025-02-11 07:00:00,7.94,8.01,7.82,7.94,123951,KLB
2025-02-12 07:00:00,7.88,7.94,7.69,7.82,43504,KLB
2025-02-13 07:00:00,7.82,7.88,7.82,7.88,122910,KLB
2025-02-14 07:00:00,7.88,8.44,7.88,8.01,298665,KLB
2025-02-17 07:00:00,8.26,8.26,8.01,8.13,176854,KLB
2025-02-18 07:00:00,8.13,8.19,7.94,8.01,130657,KLB
2025-02-19 07:00:00,8.13,8.13,7.94,8.01,147335,KLB
2025-02-20 07:00:00,8.01,8.01,7.82,7.82,176722,KLB
2025-02-21 07:00:00,7.88,8.07,7.82,7.82,224823,KLB
2025-02-24 07:00:00,7.88,8.01,7.88,7.94,46603,KLB
2025-02-25 07:00:00,7.94,8.01,7.76,7.82,188840,KLB
2025-02-26 07:00:00,7.82,8.19,7.82,7.94,961476,KLB
2025-02-27 07:00:00,7.94,8.07,7.88,7.88,132171,KLB
2025-02-28 07:00:00,7.88,7.94,7.69,7.76,203347,KLB
2025-03-03 07:00:00,7.82,7.82,7.51,7.63,198051,KLB
2025-03-04 07:00:00,7.63,7.63,7.44,7.57,103400,KLB
2025-03-05 07:00:00,7.51,7.57,7.44,7.44,95603,KLB
2025-03-06 07:00:00,7.44,7.57,7.38,7.51,96905,KLB
2025-03-07 07:00:00,7.51,7.63,7.51,7.51,369641,KLB
2025-03-10 07:00:00,7.63,7.76,7.57,7.63,1258370,KLB
2025-03-11 07:00:00,7.57,7.63,7.51,7.57,171400,KLB
2025-03-12 07:00:00,7.57,8.01,7.51,7.82,754377,KLB
2025-03-13 07:00:00,7.88,8.13,7.82,7.88,1015275,KLB
2025-03-14 07:00:00,7.94,8.07,7.76,7.82,678017,KLB
2025-03-17 07:00:00,7.82,8.07,7.76,8.01,1350876,KLB
2025-03-18 07:00:00,8.01,8.26,7.88,8.01,559868,KLB
2025-03-19 07:00:00,8.01,8.01,7.76,7.88,267544,KLB
2025-03-20 07:00:00,7.88,8.01,7.82,7.88,449611,KLB
2025-03-21 07:00:00,7.88,8.01,7.38,7.69,673924,KLB
2025-03-24 07:00:00,7.69,7.69,7.51,7.63,446956,KLB
2025-03-25 07:00:00,7.63,7.69,7.38,7.44,736678,KLB
2025-03-26 07:00:00,7.51,7.51,7.26,7.38,673932,KLB
2025-03-27 07:00:00,7.32,7.44,7.13,7.32,485940,KLB
2025-03-28 07:00:00,7.32,7.38,7.19,7.38,147244,KLB
2025-03-31 07:00:00,7.32,7.32,7.19,7.32,116501,KLB
2025-04-01 07:00:00,7.32,7.38,7.32,7.38,77618,KLB
2025-04-02 07:00:00,7.38,7.51,7.38,7.44,243602,KLB
2025-04-03 07:00:00,7.38,7.44,6.69,6.82,1125145,KLB
2025-04-04 07:00:00,6.94,7.13,6.57,6.94,397397,KLB
2025-04-08 07:00:00,6.94,6.94,6.13,6.13,323438,KLB
2025-04-09 07:00:00,6.13,6.57,5.94,6.25,273514,KLB
2025-04-10 07:00:00,7.07,7.19,7.07,7.19,226464,KLB
2025-04-11 07:00:00,7.19,7.19,6.94,7.19,319128,KLB
2025-04-14 07:00:00,7.13,7.13,6.82,6.94,205837,KLB
2025-04-15 07:00:00,6.94,6.94,6.82,6.94,102120,KLB
2025-04-16 07:00:00,6.82,6.94,6.82,6.88,69642,KLB
2025-04-17 07:00:00,6.88,6.88,6.57,6.82,177900,KLB
2025-04-18 07:00:00,6.82,7.01,6.82,6.94,76305,KLB
2025-04-21 07:00:00,7.01,7.19,7.01,7.07,102489,KLB
2025-04-22 07:00:00,7.01,7.01,6.63,6.88,251600,KLB
2025-04-23 07:00:00,6.94,7.07,6.75,6.88,166835,KLB
2025-04-24 07:00:00,7.82,7.82,7.19,7.51,967207,KLB
2025-04-25 07:00:00,7.51,7.69,7.38,7.38,1440350,KLB
2025-04-28 07:00:00,7.44,7.63,7.38,7.57,639150,KLB
2025-04-29 07:00:00,7.57,7.76,7.51,7.63,542210,KLB
2025-05-05 07:00:00,7.63,7.82,7.63,7.69,247400,KLB
2025-05-06 07:00:00,7.69,7.82,7.69,7.69,356100,KLB
2025-05-07 07:00:00,7.76,7.76,7.63,7.76,241900,KLB
2025-05-08 07:00:00,7.69,7.76,7.63,7.76,240800,KLB
2025-05-09 07:00:00,7.76,8.13,7.69,7.94,736700,KLB
2025-05-12 07:00:00,7.94,8.01,7.76,8.01,303000,KLB
2025-05-13 07:00:00,7.94,8.19,7.94,8.01,432100,KLB
2025-05-14 07:00:00,8.01,8.07,7.82,7.88,365700,KLB
2025-05-15 07:00:00,7.94,7.94,7.82,7.94,376200,KLB
2025-05-16 07:00:00,8.01,8.01,7.88,7.88,332900,KLB
2025-05-19 07:00:00,7.94,8.32,7.88,8.13,543300,KLB
2025-05-20 07:00:00,8.13,8.19,8.13,8.19,162100,KLB
2025-05-21 07:00:00,8.13,8.32,8.01,8.26,621600,KLB
2025-05-22 07:00:00,8.26,8.63,8.26,8.51,712700,KLB
2025-05-23 07:00:00,8.57,8.57,8.38,8.51,220400,KLB
2025-05-26 07:00:00,8.51,9.76,8.44,9.76,1962300,KLB
2025-05-27 07:00:00,9.76,10.57,9.76,10.57,1926400,KLB
2025-05-28 07:00:00,10.57,11.88,10.57,10.76,1669200,KLB
2025-05-29 07:00:00,10.82,11.01,10.38,10.63,1085600,KLB
2025-05-30 07:00:00,10.63,11.57,10.57,11.38,1241100,KLB
2025-06-02 07:00:00,10.95,11.88,10.95,11.51,806900,KLB
2025-06-03 07:00:00,11.38,11.38,11.01,11.07,826400,KLB
2025-06-04 07:00:00,11.88,11.88,10.63,10.7,1020200,KLB
2025-06-05 07:00:00,10.76,10.88,10.45,10.82,644400,KLB
2025-06-06 07:00:00,11.13,11.13,10.38,10.57,275900,KLB
2025-06-09 07:00:00,10.7,10.7,10.32,10.38,492500,KLB
2025-06-10 07:00:00,10.45,11.07,10.32,10.7,583400,KLB
2025-06-11 07:00:00,11.13,11.13,10.57,10.7,113900,KLB
2025-06-12 07:00:00,10.7,11.01,10.63,10.88,927700,KLB
2025-06-13 07:00:00,10.88,10.95,10.45,10.82,785700,KLB
2025-06-16 07:00:00,10.63,10.82,10.45,10.76,882600,KLB
2025-06-17 07:00:00,10.76,11.2,10.7,11.01,767100,KLB
2025-06-18 07:00:00,10.95,11.01,10.76,10.82,651400,KLB
2025-06-19 07:00:00,10.88,10.88,10.57,10.7,721000,KLB
2025-06-20 07:00:00,10.76,11.45,10.7,10.95,969400,KLB
2025-06-23 07:00:00,10.82,11.01,10.7,10.82,668000,KLB
2025-06-24 07:00:00,10.88,11.01,10.82,11.01,487600,KLB
2025-06-25 07:00:00,11.07,12.2,11.07,11.38,1764900,KLB
2025-06-26 07:00:00,11.51,11.51,11.13,11.26,412800,KLB
2025-06-27 07:00:00,11.38,11.38,11.07,11.26,630400,KLB
2025-06-30 07:00:00,11.26,11.32,10.82,10.82,720200,KLB
2025-07-01 07:00:00,10.95,10.95,10.57,10.82,816200,KLB
2025-07-02 07:00:00,10.76,10.82,10.7,10.82,275100,KLB
2025-07-03 07:00:00,10.82,10.95,10.76,10.88,385200,KLB
2025-07-04 07:00:00,10.95,11.01,10.76,10.95,198000,KLB
2025-07-07 07:00:00,10.95,11.26,10.95,11.2,761200,KLB
2025-07-08 07:00:00,11.26,11.51,11.2,11.26,650900,KLB
2025-07-09 07:00:00,11.32,11.51,11.26,11.32,476700,KLB
2025-07-10 07:00:00,11.38,11.38,11.07,11.2,459700,KLB
2025-07-11 07:00:00,11.2,11.38,11.07,11.07,366000,KLB
2025-07-14 07:00:00,11.07,11.32,9.63,11.26,581200,KLB
2025-07-15 07:00:00,11.26,11.82,11.2,11.63,1184500,KLB
2025-07-16 07:00:00,11.76,13.13,11.63,12.7,1769600,KLB
2025-07-17 07:00:00,12.76,13.76,12.76,13.2,1221200,KLB
2025-07-18 07:00:00,13.38,13.63,12.82,12.95,921500,KLB
2025-07-21 07:00:00,13.01,13.13,12.26,12.51,1253200,KLB
2025-07-22 07:00:00,12.63,12.76,12.26,12.7,598300,KLB
2025-07-23 07:00:00,12.7,13.51,12.7,13.07,709100,KLB
2025-07-24 07:00:00,13.13,13.45,12.82,13.01,437700,KLB
2025-07-25 07:00:00,13.2,13.38,12.95,13.32,704300,KLB
2025-07-28 07:00:00,13.32,14.82,13.32,14.32,1276600,KLB
2025-07-29 07:00:00,14.39,14.64,12.51,13.38,1183400,KLB
2025-07-30 07:00:00,13.82,13.82,13.07,13.57,601800,KLB
2025-07-31 07:00:00,13.45,14.64,13.13,14.39,756600,KLB
2025-08-01 07:00:00,14.39,14.7,14.14,14.45,500400,KLB
2025-08-04 07:00:00,14.45,14.45,13.76,14.39,436100,KLB
2025-08-05 07:00:00,14.39,14.7,13.51,14.07,841400,KLB
2025-08-06 07:00:00,14.2,14.26,13.95,14.14,494100,KLB
2025-08-07 07:00:00,14.14,14.57,14.07,14.39,489500,KLB
2025-08-08 07:00:00,14.45,15.2,14.39,14.64,846200,KLB
2025-08-11 07:00:00,14.7,14.76,14.51,14.64,358900,KLB
2025-08-12 07:00:00,14.7,14.7,14.2,14.39,430800,KLB
2025-08-13 07:00:00,14.45,14.57,14.07,14.39,550900,KLB
2025-08-14 07:00:00,14.39,14.89,14.39,14.57,749400,KLB
2025-08-15 07:00:00,14.82,15.32,14.51,14.64,814500,KLB
2025-08-18 07:00:00,14.57,15.01,14.26,14.39,371900,KLB
2025-08-19 07:00:00,14.45,14.57,14.2,14.39,557100,KLB
2025-08-20 07:00:00,14.51,15.01,14.26,14.51,1024900,KLB
2025-08-21 07:00:00,14.57,16.07,14.57,15.2,1352400,KLB
2025-08-22 07:00:00,15.57,15.57,14.45,14.57,716000,KLB
2025-08-25 07:00:00,14.76,15.01,13.13,13.32,1403300,KLB
2025-08-26 07:00:00,13.13,14.01,13.13,13.95,627700,KLB
2025-08-27 07:00:00,13.7,14.26,13.32,13.57,602900,KLB
2025-08-28 07:00:00,13.57,14.07,13.51,13.95,394100,KLB
2025-08-29 07:00:00,13.95,14.26,13.82,13.95,239200,KLB
2025-09-03 07:00:00,14.01,14.07,13.82,13.95,308400,KLB
2025-09-04 07:00:00,13.95,14.32,13.95,14.2,484600,KLB
2025-09-05 07:00:00,14.2,14.45,13.63,13.76,588800,KLB
2025-09-08 07:00:00,14.14,14.14,13.26,13.32,549700,KLB
2025-09-09 07:00:00,13.57,14.64,13.32,14.45,1046800,KLB
2025-09-10 07:00:00,14.45,15.14,14.45,14.76,698300,KLB
2025-09-11 07:00:00,14.82,15.07,14.57,14.89,685200,KLB
2025-09-12 07:00:00,14.89,15.07,14.76,14.89,539600,KLB
2025-09-15 07:00:00,15.01,15.51,14.76,15.32,785400,KLB
2025-09-16 07:00:00,15.95,17.33,15.57,17.33,1905400,KLB
2025-09-17 07:00:00,18.58,19.14,17.7,18.01,2093300,KLB
2025-09-18 07:00:00,18.45,18.45,17.33,17.83,1025400,KLB
2025-09-19 07:00:00,17.83,18.2,17.51,17.89,688000,KLB
2025-09-22 07:00:00,18.45,18.51,17.76,17.89,1082700,KLB
2025-09-23 07:00:00,17.89,18.01,16.76,16.89,1511600,KLB
2025-09-24 07:00:00,17.2,19.7,14.8,17.1,844800,KLB
2025-09-25 07:00:00,17.2,17.2,16.2,16.8,814400,KLB
2025-09-26 07:00:00,16.7,17.1,16.2,16.5,553400,KLB
2025-09-29 07:00:00,16.5,16.6,15.6,15.7,678900,KLB
2025-09-30 07:00:00,15.7,16.2,15.2,15.7,423800,KLB
2025-10-01 07:00:00,15.7,16.3,15.7,16.2,395100,KLB
2025-10-02 07:00:00,16.2,16.6,16.0,16.2,520000,KLB
2025-10-03 07:00:00,16.1,16.2,15.8,16.0,198600,KLB
2025-10-06 07:00:00,16.0,16.3,15.9,16.3,456800,KLB
2025-10-07 07:00:00,16.3,16.5,16.1,16.2,174400,KLB
2025-10-08 07:00:00,16.3,16.6,16.0,16.1,256900,KLB
2025-10-09 07:00:00,16.2,16.3,15.9,16.1,418500,KLB
2025-10-10 07:00:00,16.0,16.2,16.0,16.2,355500,KLB
2025-10-13 07:00:00,16.1,16.1,15.7,16.0,434100,KLB
2025-10-14 07:00:00,15.9,16.0,15.7,15.7,419800,KLB
2025-10-15 07:00:00,15.8,15.8,15.6,15.8,313700,KLB
2025-10-16 07:00:00,15.8,16.5,15.7,16.5,750700,KLB
2025-10-17 07:00:00,16.5,17.2,16.4,17.0,927500,KLB
2025-10-20 07:00:00,17.0,18.1,15.7,16.6,1087400,KLB
2025-10-21 07:00:00,17.2,17.3,16.0,16.7,572800,KLB
2025-10-22 07:00:00,16.7,17.0,16.2,16.8,383100,KLB
2025-10-23 07:00:00,16.8,17.5,16.8,17.1,389000,KLB
2025-10-24 07:00:00,17.2,17.2,16.5,16.7,314200,KLB
2025-10-27 07:00:00,16.7,16.8,16.2,16.2,427700,KLB
2025-10-28 07:00:00,16.3,17.3,16.2,16.9,350200,KLB
2025-10-29 07:00:00,16.9,17.8,16.5,17.5,1006900,KLB
2025-10-30 07:00:00,17.6,18.5,17.0,17.3,1240700,KLB
2025-10-31 07:00:00,17.2,17.3,16.5,16.7,841600,KLB
2025-11-03 07:00:00,16.7,17.0,15.5,15.8,1127700,KLB
2025-11-04 07:00:00,16.0,16.0,14.8,15.8,1207100,KLB
2025-11-05 07:00:00,15.9,16.2,15.6,15.8,248000,KLB
2025-11-06 07:00:00,15.8,15.8,15.4,15.6,276500,KLB
2025-11-07 07:00:00,15.6,15.6,15.0,15.2,485200,KLB
2025-11-10 07:00:00,15.3,15.3,14.8,15.0,352100,KLB
2025-11-11 07:00:00,14.8,15.0,14.7,14.8,176800,KLB
2025-11-12 07:00:00,14.8,15.2,14.8,15.2,156700,KLB
2025-11-13 07:00:00,15.2,15.6,15.1,15.4,257600,KLB
2025-11-14 07:00:00,15.3,15.5,15.2,15.5,113900,KLB
2025-11-17 07:00:00,15.4,15.5,15.0,15.4,527100,KLB
2025-11-18 07:00:00,15.2,15.8,15.2,15.7,472100,KLB
2025-11-19 07:00:00,15.6,15.7,15.3,15.4,167200,KLB
2025-11-20 07:00:00,15.3,15.5,15.2,15.3,126800,KLB
2025-11-21 07:00:00,15.3,15.3,15.0,15.3,212600,KLB
2025-11-24 07:00:00,15.3,15.4,15.2,15.4,179500,KLB
2025-11-25 07:00:00,15.3,15.5,15.1,15.1,183000,KLB
2025-11-26 07:00:00,15.2,15.5,15.1,15.3,181000,KLB
2025-11-27 07:00:00,15.3,15.5,15.3,15.3,180200,KLB
2025-11-28 07:00:00,15.4,15.5,15.2,15.3,141100,KLB
2025-12-01 07:00:00,15.3,16.9,15.3,16.2,780200,KLB
2025-12-02 07:00:00,16.2,16.3,15.9,16.0,362100,KLB
2025-12-03 07:00:00,16.0,16.5,16.0,16.3,542500,KLB
2025-12-04 07:00:00,16.4,16.8,16.3,16.5,602600,KLB
2025-12-05 07:00:00,16.5,16.5,16.2,16.3,310300,KLB
2025-12-08 07:00:00,16.3,16.7,16.0,16.4,565500,KLB
2025-12-09 07:00:00,16.4,16.5,16.2,16.4,456700,KLB
2025-12-10 07:00:00,16.3,17.0,16.3,16.8,568400,KLB
2025-12-11 07:00:00,16.9,16.9,16.6,16.6,409000,KLB
2025-12-12 07:00:00,16.7,16.7,15.7,16.1,508300,KLB
2025-12-15 07:00:00,16.2,16.2,15.6,15.8,261200,KLB
2025-12-16 07:00:00,15.8,16.4,15.3,16.3,338200,KLB
2025-12-17 07:00:00,16.3,16.4,16.1,16.3,188100,KLB
2025-12-18 07:00:00,16.3,16.8,16.3,16.6,960300,KLB
2025-12-19 07:00:00,16.8,17.6,16.6,17.0,1269900,KLB
2025-12-22 07:00:00,17.0,17.7,17.0,17.2,702900,KLB
2025-12-23 07:00:00,17.3,17.3,16.6,16.7,721000,KLB
2025-12-24 07:00:00,16.9,16.9,16.3,16.6,550000,KLB
2025-12-25 07:00:00,16.7,16.7,16.1,16.1,409600,KLB
2025-12-26 07:00:00,16.1,16.5,16.0,16.5,428900,KLB
2025-12-29 07:00:00,16.5,16.6,16.3,16.5,261900,KLB
2025-12-30 07:00:00,16.6,16.6,16.3,16.6,248700,KLB
2025-12-31 07:00:00,16.5,16.9,16.4,16.8,602700,KLB
2026-01-05 07:00:00,16.8,17.4,16.6,16.9,1160500,KLB
2026-01-06 07:00:00,17.0,17.1,16.5,16.8,713400,KLB
2026-01-15 07:00:00,17.5,17.6,16.8,17.15,2170300,KLB
2026-01-16 07:00:00,17.6,18.2,17.55,18.15,2320600,KLB
2026-01-19 07:00:00,18.6,18.7,17.15,17.15,1617100,KLB
2026-01-20 07:00:00,17.0,17.15,16.15,16.5,1849400,KLB
2026-01-21 07:00:00,15.95,16.5,15.9,16.2,891000,KLB
2026-01-22 07:00:00,16.0,16.5,16.0,16.0,1118800,KLB
2026-01-23 07:00:00,16.2,16.3,15.9,15.9,541800,KLB
2026-01-26 07:00:00,15.85,16.0,15.2,15.2,767900,KLB
2026-01-27 07:00:00,15.45,15.5,15.15,15.2,510900,KLB
2026-01-28 07:00:00,15.5,15.5,15.05,15.15,345500,KLB
2026-01-29 07:00:00,15.2,15.4,15.15,15.15,202700,KLB
2026-01-30 07:00:00,15.1,15.3,15.1,15.2,345800,KLB
2026-02-02 07:00:00,15.2,15.45,15.2,15.25,239200,KLB
2026-02-03 07:00:00,15.3,15.5,15.25,15.4,245400,KLB
2026-02-04 07:00:00,15.35,15.35,14.8,15.05,779000,KLB
2026-02-05 07:00:00,15.0,15.15,14.8,14.95,386900,KLB
2026-02-06 07:00:00,15.0,15.0,14.6,14.6,433600,KLB
2026-02-09 07:00:00,14.8,14.9,14.6,14.7,165600,KLB
2026-02-10 07:00:00,15.0,15.0,14.5,14.5,163000,KLB
2026-02-11 07:00:00,14.45,14.75,14.45,14.55,352300,KLB
2026-02-12 07:00:00,14.6,14.6,14.5,14.55,286100,KLB
2026-02-13 07:00:00,14.55,14.8,14.45,14.6,146700,KLB
2026-02-23 07:00:00,14.8,14.8,14.6,14.65,179400,KLB
2026-02-24 07:00:00,14.75,14.75,14.4,14.45,627400,KLB
2026-02-25 07:00:00,14.55,14.9,14.5,14.6,635900,KLB
2026-02-26 07:00:00,14.7,15.15,14.7,15.1,736300,KLB
2026-02-27 07:00:00,15.2,15.6,14.9,15.25,503000,KLB
2026-03-02 07:00:00,14.75,14.95,14.7,14.7,438300,KLB
2026-03-03 07:00:00,14.8,14.9,14.5,14.5,321300,KLB
2026-03-04 07:00:00,14.5,14.6,13.9,14.1,557500,KLB
2026-03-05 07:00:00,14.3,14.5,14.1,14.2,117700,KLB
2026-03-06 07:00:00,14.2,14.2,13.9,13.9,217400,KLB
2026-03-09 07:00:00,13.15,13.2,12.95,12.95,281600,KLB
2026-03-10 07:00:00,13.45,13.45,12.9,13.1,302100,KLB
2026-03-11 07:00:00,13.1,13.5,13.0,13.4,373000,KLB
2026-03-12 07:00:00,13.45,13.9,13.1,13.8,298600,KLB
2026-03-13 07:00:00,13.8,14.2,13.5,13.75,252200,KLB
2026-03-16 07:00:00,13.75,14.15,13.55,14.15,604600,KLB
2026-03-17 07:00:00,14.25,14.3,13.85,13.85,115400,KLB
2026-03-18 07:00:00,13.8,14.0,13.65,13.65,133200,KLB
2026-03-19 07:00:00,13.85,13.85,12.8,12.8,168600,KLB
2026-03-20 07:00:00,13.2,13.3,12.9,12.9,316700,KLB
2026-03-23 07:00:00,12.9,13.05,12.45,12.5,168100,KLB
2026-03-24 07:00:00,12.7,12.9,12.5,12.75,257000,KLB
2026-03-25 07:00:00,12.9,12.95,12.8,12.95,88400,KLB
2026-03-26 07:00:00,13.0,13.0,12.75,12.95,51300,KLB
2026-03-27 07:00:00,12.8,13.15,12.8,13.15,151100,KLB
2026-03-30 07:00:00,12.9,12.95,12.85,12.95,85700,KLB
2026-03-31 07:00:00,12.95,13.2,12.95,13.05,139300,KLB
2026-04-01 07:00:00,13.2,13.3,13.1,13.1,110800,KLB
2026-04-02 07:00:00,13.2,14.0,13.1,14.0,498500,KLB
2026-04-03 07:00:00,14.95,14.95,14.5,14.5,829500,KLB
2026-04-06 07:00:00,14.7,14.7,14.0,14.0,246400,KLB
2026-04-07 07:00:00,14.0,14.3,13.7,13.9,249200,KLB
2026-04-08 07:00:00,14.15,14.3,13.7,14.2,662400,KLB
2026-04-09 07:00:00,14.15,14.2,14.0,14.0,426900,KLB
2026-04-10 07:00:00,14.05,14.2,13.95,14.15,505000,KLB
2026-04-13 07:00:00,14.15,14.15,13.95,14.0,185000,KLB
2026-04-14 07:00:00,14.4,14.65,14.1,14.15,259700,KLB
2026-04-15 07:00:00,14.2,14.35,14.05,14.05,174800,KLB
2026-04-16 07:00:00,14.05,14.2,14.05,14.1,198400,KLB
2026-04-17 07:00:00,14.1,14.3,14.05,14.1,229200,KLB
2026-04-20 07:00:00,14.15,14.2,14.0,14.1,292200,KLB
2026-04-21 07:00:00,14.1,14.15,14.0,14.0,316700,KLB
2026-04-22 07:00:00,14.1,14.1,14.0,14.1,255200,KLB
2026-04-23 07:00:00,14.1,14.75,14.05,14.5,988500,KLB
2026-04-24 07:00:00,14.45,14.45,14.15,14.45,419900,KLB
2026-04-28 07:00:00,14.9,14.9,14.3,14.4,283300,KLB
2026-04-29 07:00:00,14.4,14.65,14.35,14.65,175800,KLB
2026-05-04 07:00:00,14.65,14.8,14.45,14.8,542200,KLB
2026-05-05 07:00:00,14.6,14.8,14.5,14.5,182600,KLB
2023-05-08 07:00:00,14.77,14.85,14.57,14.77,1496700,EIB
2023-05-09 07:00:00,14.77,15.12,14.77,14.88,1414100,EIB
2023-05-10 07:00:00,15.0,15.23,14.92,15.23,2016000,EIB
2023-05-11 07:00:00,15.31,15.35,15.04,15.08,1567500,EIB
2023-05-12 07:00:00,15.08,15.12,14.96,15.08,1151900,EIB
2023-05-15 07:00:00,15.23,15.43,15.08,15.12,2722200,EIB
2023-05-16 07:00:00,15.12,15.16,15.0,15.04,1642100,EIB
2023-05-17 07:00:00,14.96,15.08,14.69,14.69,3282900,EIB
2023-05-18 07:00:00,14.69,14.88,14.69,14.81,1063000,EIB
2023-05-19 07:00:00,14.92,14.92,14.73,14.85,1104200,EIB
2023-05-22 07:00:00,14.85,15.27,14.77,15.27,3654500,EIB
2023-05-23 07:00:00,15.31,15.62,15.2,15.31,5376600,EIB
2023-05-24 07:00:00,15.43,15.47,15.2,15.2,2384900,EIB
2023-05-25 07:00:00,15.2,15.27,14.96,15.08,2120400,EIB
2023-05-26 07:00:00,15.04,15.39,15.04,15.23,2393700,EIB
2023-05-29 07:00:00,15.43,15.98,15.23,15.78,8302000,EIB
2023-05-30 07:00:00,15.9,16.13,15.62,15.94,6253300,EIB
2023-05-31 07:00:00,15.94,16.05,15.66,15.82,6129700,EIB
2023-06-01 07:00:00,15.82,16.44,15.82,16.25,10681500,EIB
2023-06-02 07:00:00,16.52,16.91,16.33,16.52,8909500,EIB
2023-06-05 07:00:00,16.72,16.75,15.98,16.09,6854300,EIB
2023-06-06 07:00:00,16.13,16.44,15.94,16.33,7900800,EIB
2023-06-07 07:00:00,16.36,16.72,16.21,16.72,7014700,EIB
2023-06-08 07:00:00,16.75,16.75,16.21,16.21,11193600,EIB
2023-06-09 07:00:00,16.25,16.33,15.66,16.13,9166900,EIB
2023-06-12 07:00:00,16.48,17.1,16.36,16.64,14841400,EIB
2023-06-13 07:00:00,16.91,17.07,16.64,16.75,11003800,EIB
2023-06-14 07:00:00,16.75,16.87,16.4,16.44,7577500,EIB
2023-06-15 07:00:00,16.4,16.56,16.17,16.17,9283100,EIB
2023-06-16 07:00:00,16.36,16.52,16.13,16.21,15404900,EIB
2023-06-19 07:00:00,16.21,16.21,15.98,15.98,4103900,EIB
2023-06-20 07:00:00,16.01,16.17,15.94,16.17,4681000,EIB
2023-06-21 07:00:00,16.25,16.25,16.09,16.25,5458700,EIB
2023-06-22 07:00:00,16.44,16.56,16.33,16.44,6569100,EIB
2023-06-23 07:00:00,16.6,16.75,16.36,16.44,8393500,EIB
2023-06-26 07:00:00,16.36,16.6,15.9,16.44,6464400,EIB
2023-06-27 07:00:00,16.36,16.44,16.09,16.17,4050600,EIB
2023-06-28 07:00:00,16.17,16.36,16.09,16.21,5688400,EIB
2023-06-29 07:00:00,16.33,16.87,16.29,16.36,11214300,EIB
2023-06-30 07:00:00,16.52,16.56,16.21,16.56,4305800,EIB
2023-07-03 07:00:00,16.4,16.48,16.01,16.05,7427900,EIB
2023-07-04 07:00:00,16.01,16.05,15.82,15.82,8614700,EIB
2023-07-05 07:00:00,15.98,16.05,15.74,15.74,3874900,EIB
2023-07-06 07:00:00,15.86,15.86,15.55,15.55,4764800,EIB
2023-07-07 07:00:00,15.47,15.82,15.27,15.78,4294600,EIB
2023-07-10 07:00:00,15.82,15.9,15.74,15.86,3495400,EIB
2023-07-11 07:00:00,15.94,16.01,15.82,15.86,4823300,EIB
2023-07-12 07:00:00,15.94,15.98,15.82,15.86,3257200,EIB
2023-07-13 07:00:00,15.86,15.94,15.74,15.78,3734200,EIB
2023-07-14 07:00:00,15.86,16.13,15.66,15.82,9728900,EIB
2023-07-17 07:00:00,16.05,16.44,15.94,16.36,7606600,EIB
2023-07-18 07:00:00,16.44,16.56,16.13,16.17,6068900,EIB
2023-07-19 07:00:00,16.21,16.29,15.9,15.94,8756300,EIB
2023-07-20 07:00:00,15.9,15.98,15.43,15.43,13522900,EIB
2023-07-21 07:00:00,15.62,15.74,15.51,15.66,6010400,EIB
2023-07-24 07:00:00,15.86,15.86,15.62,15.66,6296800,EIB
2023-07-25 07:00:00,15.7,16.05,15.7,15.82,6884200,EIB
2023-07-26 07:00:00,15.9,15.9,15.62,15.7,5715200,EIB
2023-07-27 07:00:00,15.78,15.82,15.55,15.66,7090500,EIB
2023-07-28 07:00:00,15.66,15.98,15.62,15.94,6941700,EIB
2023-07-31 07:00:00,16.01,16.56,15.98,16.4,16769500,EIB
2023-08-01 07:00:00,16.52,16.99,16.4,16.72,17328100,EIB
2023-08-02 07:00:00,16.72,17.88,16.6,17.88,19147600,EIB
2023-08-03 07:00:00,17.88,18.08,17.53,17.53,13924700,EIB
2023-08-04 07:00:00,17.69,18.62,17.61,18.55,14524100,EIB
2023-08-07 07:00:00,18.55,18.94,18.16,18.66,11442100,EIB
2023-08-08 07:00:00,18.59,19.09,18.51,18.78,8561800,EIB
2023-08-09 07:00:00,18.7,19.21,18.51,18.86,9286600,EIB
2023-08-10 07:00:00,18.86,19.4,18.78,18.9,12971800,EIB
2023-08-11 07:00:00,18.94,19.01,18.7,18.9,10585900,EIB
2023-08-14 07:00:00,19.01,19.56,18.82,19.48,18490700,EIB
2023-08-15 07:00:00,19.48,19.6,19.17,19.25,4055400,EIB
2023-08-16 07:00:00,19.13,19.79,18.98,19.56,9914200,EIB
2023-08-17 07:00:00,19.56,19.56,19.25,19.25,5793300,EIB
2023-08-18 07:00:00,19.09,19.17,17.92,17.92,20034100,EIB
2023-08-21 07:00:00,17.92,18.23,17.53,17.92,5017400,EIB
2023-08-22 07:00:00,18.04,18.62,17.46,18.35,6078900,EIB
2023-08-23 07:00:00,18.62,18.62,18.16,18.35,3603900,EIB
2023-08-24 07:00:00,18.47,18.47,18.23,18.39,3579500,EIB
2023-08-25 07:00:00,18.39,18.9,18.39,18.7,6290200,EIB
2023-08-28 07:00:00,18.98,19.87,18.78,19.87,10314700,EIB
2023-08-29 07:00:00,20.03,20.03,19.44,19.48,7410300,EIB
2023-08-30 07:00:00,19.6,19.91,19.44,19.72,7208700,EIB
2023-08-31 07:00:00,19.83,20.26,19.72,20.26,9209400,EIB
2023-09-05 07:00:00,20.26,20.57,19.83,19.91,11913300,EIB
2023-09-06 07:00:00,20.03,20.07,19.64,19.91,6385200,EIB
2023-09-07 07:00:00,19.95,20.18,19.87,19.91,5695500,EIB
2023-09-08 07:00:00,19.95,20.53,19.87,19.87,8797800,EIB
2023-09-11 07:00:00,19.99,20.07,19.48,19.48,7050200,EIB
2023-09-12 07:00:00,19.56,19.79,19.36,19.79,5676100,EIB
2023-09-13 07:00:00,19.87,20.26,19.72,19.79,8563000,EIB
2023-09-14 07:00:00,19.87,20.14,19.68,19.79,5512500,EIB
2023-09-15 07:00:00,19.95,20.03,19.75,19.79,5801500,EIB
2023-09-18 07:00:00,19.79,19.87,18.47,18.51,16243300,EIB
2023-09-19 07:00:00,18.66,18.7,17.73,17.92,15680400,EIB
2023-09-20 07:00:00,18.16,18.31,17.88,18.31,5918600,EIB
2023-09-21 07:00:00,18.31,18.39,17.85,17.92,8933000,EIB
2023-09-22 07:00:00,18.24,18.24,17.23,18.02,8008600,EIB
2023-09-25 07:00:00,17.92,18.02,16.77,16.77,10014600,EIB
2023-09-26 07:00:00,16.5,16.87,16.08,16.08,8999100,EIB
2023-09-27 07:00:00,16.27,16.68,15.72,16.68,8054700,EIB
2023-09-28 07:00:00,16.87,16.87,15.81,16.04,8822900,EIB
2023-09-29 07:00:00,16.22,16.59,16.18,16.5,4097500,EIB
2023-10-02 07:00:00,16.54,16.54,16.13,16.27,2260100,EIB
2023-10-03 07:00:00,16.04,16.18,15.4,15.4,6163200,EIB
2023-10-04 07:00:00,15.17,15.76,15.17,15.58,3872900,EIB
2023-10-05 07:00:00,15.72,15.72,15.26,15.3,2585100,EIB
2023-10-06 07:00:00,15.3,15.72,15.17,15.67,5750300,EIB
2023-10-09 07:00:00,15.67,15.99,15.63,15.9,3819300,EIB
2023-10-10 07:00:00,16.08,16.27,15.95,16.18,4182200,EIB
2023-10-11 07:00:00,16.13,16.36,16.04,16.22,4082900,EIB
2023-10-12 07:00:00,16.31,16.36,16.04,16.04,4228400,EIB
2023-10-13 07:00:00,15.99,16.13,15.9,16.04,2507000,EIB
2023-10-16 07:00:00,16.08,16.18,15.81,15.86,4596300,EIB
2023-10-17 07:00:00,15.95,16.27,15.81,15.81,4181100,EIB
2023-10-18 07:00:00,15.86,16.04,15.49,15.58,4478300,EIB
2023-10-19 07:00:00,15.63,15.9,15.53,15.72,3347100,EIB
2023-10-20 07:00:00,15.81,16.27,15.67,16.27,4998800,EIB
2023-10-23 07:00:00,16.27,16.41,16.18,16.31,3349600,EIB
2023-10-24 07:00:00,16.36,16.96,16.18,16.82,6360400,EIB
2023-10-25 07:00:00,16.82,17.1,16.64,16.64,5185300,EIB
2023-10-26 07:00:00,16.36,16.36,15.63,15.81,14848800,EIB
2023-10-27 07:00:00,15.99,16.36,15.63,16.36,6402900,EIB
2023-10-30 07:00:00,16.27,16.31,15.9,15.9,3800300,EIB
2023-10-31 07:00:00,15.86,16.04,15.49,15.49,5567900,EIB
2023-11-01 07:00:00,15.44,15.76,15.26,15.76,4572900,EIB
2023-11-02 07:00:00,15.99,16.27,15.81,16.18,3158500,EIB
2023-11-03 07:00:00,16.27,16.36,16.08,16.36,3587500,EIB
2023-11-06 07:00:00,16.41,16.73,16.27,16.54,5838900,EIB
2023-11-07 07:00:00,16.41,16.54,16.13,16.27,3229100,EIB
2023-11-08 07:00:00,16.13,16.73,15.95,16.73,6111500,EIB
2023-11-09 07:00:00,16.91,16.91,16.64,16.68,9949200,EIB
2023-11-10 07:00:00,16.54,16.82,16.31,16.31,6333700,EIB
2023-11-13 07:00:00,16.41,16.45,16.08,16.36,4268600,EIB
2023-11-14 07:00:00,16.5,17.46,16.36,17.46,23898500,EIB
2023-11-15 07:00:00,17.92,18.11,17.42,17.65,12857700,EIB
2023-11-16 07:00:00,17.79,17.79,17.33,17.56,11627000,EIB
2023-11-17 07:00:00,17.65,17.88,17.05,17.1,16374400,EIB
2023-11-20 07:00:00,16.68,17.05,16.59,16.91,12314100,EIB
2023-11-21 07:00:00,17.05,17.51,17.0,17.05,9936100,EIB
2023-11-22 07:00:00,17.05,17.65,17.05,17.56,11444300,EIB
2023-11-23 07:00:00,17.65,17.97,16.91,16.91,14736200,EIB
2023-11-24 07:00:00,17.19,17.19,16.5,17.19,11783500,EIB
2023-11-27 07:00:00,17.14,17.19,16.82,16.82,6463700,EIB
2023-11-28 07:00:00,16.82,16.87,16.41,16.68,8755300,EIB
2023-11-29 07:00:00,16.68,16.77,16.59,16.64,8689400,EIB
2023-11-30 07:00:00,16.68,17.37,16.64,16.73,8296800,EIB
2023-12-01 07:00:00,17.0,17.0,16.54,16.82,5589400,EIB
2023-12-04 07:00:00,17.0,17.42,16.77,17.19,12438200,EIB
2023-12-05 07:00:00,17.28,17.37,17.0,17.05,8409000,EIB
2023-12-06 07:00:00,17.1,17.42,17.0,17.37,12419500,EIB
2023-12-07 07:00:00,17.46,17.79,17.19,17.51,23875900,EIB
2023-12-08 07:00:00,17.6,17.79,17.37,17.56,10310600,EIB
2023-12-11 07:00:00,17.65,17.69,17.28,17.46,7070100,EIB
2023-12-12 07:00:00,17.51,17.6,17.28,17.46,13212600,EIB
2023-12-13 07:00:00,17.74,18.06,17.46,17.46,24905800,EIB
2023-12-14 07:00:00,17.65,17.65,16.96,17.0,18502000,EIB
2023-12-15 07:00:00,17.0,17.14,16.77,16.77,13808600,EIB
2023-12-18 07:00:00,16.77,16.87,16.45,16.45,16840900,EIB
2023-12-19 07:00:00,16.54,16.82,16.45,16.82,12877000,EIB
2023-12-20 07:00:00,16.82,17.05,16.82,16.96,8116500,EIB
2023-12-21 07:00:00,16.82,16.96,16.68,16.82,4388000,EIB
2023-12-22 07:00:00,16.82,17.0,16.77,16.82,10195800,EIB
2023-12-25 07:00:00,16.91,17.05,16.77,16.77,7699300,EIB
2023-12-26 07:00:00,16.87,16.91,16.64,16.77,7303700,EIB
2023-12-27 07:00:00,16.87,16.96,16.73,16.77,8386700,EIB
2023-12-28 07:00:00,16.87,16.91,16.73,16.87,4986300,EIB
2023-12-29 07:00:00,16.91,17.1,16.87,16.87,7671300,EIB
2024-01-02 07:00:00,17.0,17.28,16.91,16.96,9160200,EIB
2024-01-03 07:00:00,16.96,17.28,16.91,17.28,8073800,EIB
2024-01-04 07:00:00,17.42,17.79,17.28,17.37,16982800,EIB
2024-01-05 07:00:00,17.46,17.74,17.33,17.37,8593200,EIB
2024-01-08 07:00:00,17.56,17.6,17.23,17.33,9138100,EIB
2024-01-09 07:00:00,17.42,17.42,17.1,17.14,8244700,EIB
2024-01-10 07:00:00,17.23,17.65,17.1,17.56,16782100,EIB
2024-01-11 07:00:00,17.79,18.66,17.79,18.29,27827800,EIB
2024-01-12 07:00:00,17.92,18.38,17.83,18.15,23760900,EIB
2024-01-15 07:00:00,18.2,18.34,17.69,17.69,13512800,EIB
2024-01-16 07:00:00,17.69,17.97,17.56,17.92,14675700,EIB
2024-01-17 07:00:00,18.02,18.06,17.69,17.74,11304600,EIB
2024-01-18 07:00:00,17.74,18.02,17.74,17.83,9960200,EIB
2024-01-19 07:00:00,17.92,18.24,17.83,18.24,22284100,EIB
2024-01-22 07:00:00,18.38,18.57,18.15,18.34,15496600,EIB
2024-01-23 07:00:00,18.38,18.47,17.97,18.06,12135600,EIB
2024-01-24 07:00:00,18.11,18.24,17.92,18.02,13826500,EIB
2024-01-25 07:00:00,18.11,18.11,17.88,18.11,8679600,EIB
2024-01-26 07:00:00,18.11,18.11,17.83,17.92,11438100,EIB
2024-01-29 07:00:00,17.92,17.97,17.65,17.65,11114500,EIB
2024-01-30 07:00:00,17.65,17.88,17.56,17.79,7194000,EIB
2024-01-31 07:00:00,17.79,17.83,17.23,17.23,16621400,EIB
2024-02-01 07:00:00,17.23,17.28,17.1,17.1,7534200,EIB
2024-02-02 07:00:00,17.14,17.19,16.96,16.96,8047000,EIB
2024-02-05 07:00:00,17.0,17.37,16.96,17.28,17694200,EIB
2024-02-06 07:00:00,17.37,17.42,17.14,17.19,4999800,EIB
2024-02-07 07:00:00,17.23,17.28,17.05,17.19,11577400,EIB
2024-02-15 07:00:00,17.33,17.69,17.19,17.46,19255100,EIB
2024-02-16 07:00:00,17.56,17.6,17.23,17.33,11007500,EIB
2024-02-19 07:00:00,17.42,17.42,17.1,17.28,12460900,EIB
2024-02-20 07:00:00,17.37,17.42,17.1,17.14,15672800,EIB
2024-02-21 07:00:00,17.23,17.42,17.1,17.28,15012100,EIB
2024-02-22 07:00:00,17.28,17.37,17.14,17.19,10575700,EIB
2024-02-23 07:00:00,17.19,17.56,16.87,16.87,33968100,EIB
2024-02-26 07:00:00,16.87,16.96,16.54,16.68,14075500,EIB
2024-02-27 07:00:00,16.73,16.82,16.5,16.73,18153800,EIB
2024-02-28 07:00:00,16.82,16.91,16.68,16.82,9089100,EIB
2024-02-29 07:00:00,16.91,16.96,16.59,16.64,9707100,EIB
2024-03-01 07:00:00,16.73,16.77,16.59,16.77,9288700,EIB
2024-03-04 07:00:00,16.82,16.91,16.73,16.82,11745400,EIB
2024-03-05 07:00:00,16.82,16.87,16.68,16.82,6061300,EIB
2024-03-06 07:00:00,16.73,16.91,16.59,16.59,11765900,EIB
2024-03-07 07:00:00,16.59,16.68,16.5,16.68,12527400,EIB
2024-03-08 07:00:00,16.73,16.77,16.27,16.27,19472100,EIB
2024-03-11 07:00:00,16.27,16.82,16.27,16.5,13730700,EIB
2024-03-12 07:00:00,16.54,16.73,16.54,16.68,9115900,EIB
2024-03-13 07:00:00,16.73,16.77,16.5,16.68,15273300,EIB
2024-03-14 07:00:00,16.73,16.73,16.45,16.5,9972700,EIB
2024-03-15 07:00:00,16.5,16.82,16.41,16.41,30799500,EIB
2024-03-18 07:00:00,16.45,16.91,16.27,16.91,30580400,EIB
2024-03-19 07:00:00,16.96,17.46,16.82,17.1,32201300,EIB
2024-03-20 07:00:00,17.1,17.19,16.82,17.0,8954400,EIB
2024-03-21 07:00:00,17.05,17.14,16.59,16.73,25813700,EIB
2024-03-22 07:00:00,16.82,17.19,16.73,16.91,19831600,EIB
2024-03-25 07:00:00,17.0,17.1,16.82,16.96,11715600,EIB
2024-03-26 07:00:00,16.82,17.23,16.82,17.14,12433100,EIB
2024-03-27 07:00:00,17.14,17.33,17.0,17.1,13620300,EIB
2024-03-28 07:00:00,17.23,17.23,16.96,17.0,16055300,EIB
2024-03-29 07:00:00,17.0,17.1,16.87,16.91,5074100,EIB
2024-04-01 07:00:00,16.87,17.0,16.68,16.73,15318800,EIB
2024-04-02 07:00:00,16.73,16.87,16.59,16.73,7536400,EIB
2024-04-03 07:00:00,16.73,16.77,16.59,16.59,8251300,EIB
2024-04-04 07:00:00,16.59,16.68,16.45,16.45,7030200,EIB
2024-04-05 07:00:00,16.41,16.5,16.31,16.36,8931200,EIB
2024-04-08 07:00:00,16.45,16.5,16.27,16.27,7012400,EIB
2024-04-09 07:00:00,16.41,16.54,16.27,16.5,6281300,EIB
2024-04-10 07:00:00,16.5,16.68,16.45,16.5,10902400,EIB
2024-04-11 07:00:00,16.45,16.77,16.31,16.68,11286700,EIB
2024-04-12 07:00:00,16.73,16.77,16.59,16.68,4548400,EIB
2024-04-15 07:00:00,16.54,16.77,15.63,15.63,10056500,EIB
2024-04-16 07:00:00,15.63,15.81,15.26,15.58,13285100,EIB
2024-04-17 07:00:00,15.81,15.81,15.44,15.49,8584700,EIB
2024-04-19 07:00:00,15.35,15.49,14.94,15.17,9153300,EIB
2024-04-22 07:00:00,15.35,15.86,15.26,15.81,10408800,EIB
2024-04-23 07:00:00,15.76,16.22,15.67,15.95,11716500,EIB
2024-04-24 07:00:00,16.04,16.54,15.9,16.22,10237200,EIB
2024-04-25 07:00:00,16.22,16.5,16.13,16.5,7251300,EIB
2024-04-26 07:00:00,16.45,16.64,16.27,16.5,6319800,EIB
2024-05-02 07:00:00,16.5,16.5,16.22,16.31,3024100,EIB
2024-05-03 07:00:00,16.36,16.36,16.18,16.18,2381900,EIB
2024-05-06 07:00:00,16.18,16.5,16.18,16.5,5191800,EIB
2024-05-07 07:00:00,16.5,16.68,16.31,16.31,8124200,EIB
2024-05-08 07:00:00,16.36,16.91,16.36,16.54,13181700,EIB
2024-05-09 07:00:00,16.64,16.64,16.31,16.36,3555200,EIB
2024-05-10 07:00:00,16.41,16.45,16.13,16.22,3001500,EIB
2024-05-13 07:00:00,16.36,16.36,16.18,16.27,3129800,EIB
2024-05-14 07:00:00,16.36,16.36,16.18,16.22,3867100,EIB
2024-05-15 07:00:00,16.22,16.41,16.18,16.22,4310000,EIB
2024-05-16 07:00:00,16.36,16.5,16.22,16.36,4929900,EIB
2024-05-17 07:00:00,16.45,16.45,16.27,16.31,4858900,EIB
2024-05-20 07:00:00,16.45,17.19,16.41,17.0,26589000,EIB
2024-05-21 07:00:00,17.05,17.37,16.96,16.96,12038200,EIB
2024-05-22 07:00:00,17.14,17.14,16.73,16.73,11291900,EIB
2024-05-23 07:00:00,16.82,17.0,16.68,17.0,8021000,EIB
2024-05-24 07:00:00,16.96,17.05,16.41,16.45,11035700,EIB
2024-05-27 07:00:00,16.54,17.33,16.45,17.28,23321600,EIB
2024-05-28 07:00:00,17.37,17.42,17.05,17.23,13683500,EIB
2024-05-29 07:00:00,17.23,18.11,17.1,18.06,33138400,EIB
2024-05-30 07:00:00,17.83,18.15,17.74,18.11,13582200,EIB
2024-05-31 07:00:00,18.2,18.8,18.06,18.34,20075700,EIB
2024-06-03 07:00:00,18.47,18.47,18.06,18.2,12459800,EIB
2024-06-04 07:00:00,18.15,18.29,17.92,17.92,11181200,EIB
2024-06-05 07:00:00,17.92,18.34,17.92,17.92,11878400,EIB
2024-06-06 07:00:00,17.97,18.24,17.79,17.92,8742800,EIB
2024-06-07 07:00:00,18.11,18.29,17.97,18.2,8910000,EIB
2024-06-10 07:00:00,18.15,18.29,17.83,17.97,7672100,EIB
2024-06-11 07:00:00,17.92,18.11,17.37,17.42,15342100,EIB
2024-06-12 07:00:00,17.46,17.74,17.28,17.65,9145000,EIB
2024-06-13 07:00:00,17.69,17.79,17.51,17.56,5091100,EIB
2024-06-14 07:00:00,17.65,17.88,17.0,17.0,8460400,EIB
2024-06-17 07:00:00,17.14,17.37,16.91,17.19,6185800,EIB
2024-06-18 07:00:00,17.33,17.56,17.0,17.0,6837300,EIB
2024-06-19 07:00:00,17.1,17.37,16.91,17.23,5208700,EIB
2024-06-20 07:00:00,17.23,17.37,16.96,17.05,4938900,EIB
2024-06-21 07:00:00,17.05,17.33,17.0,17.05,5616500,EIB
2024-06-24 07:00:00,17.05,17.19,16.59,16.73,6240100,EIB
2024-06-25 07:00:00,16.73,16.87,16.64,16.82,3698000,EIB
2024-06-26 07:00:00,16.77,16.87,16.64,16.77,2668600,EIB
2024-06-27 07:00:00,16.82,16.96,16.73,16.87,2710500,EIB
2024-06-28 07:00:00,16.96,17.37,16.73,17.37,6178700,EIB
2024-07-01 07:00:00,17.0,17.1,16.82,17.0,2541400,EIB
2024-07-02 07:00:00,17.05,17.37,16.91,17.37,5329200,EIB
2024-07-03 07:00:00,17.46,17.83,17.42,17.65,10060500,EIB
2024-07-04 07:00:00,17.65,17.79,17.51,17.51,9358800,EIB
2024-07-05 07:00:00,17.83,17.83,17.51,17.51,24982200,EIB
2024-07-08 07:00:00,17.51,17.6,17.28,17.28,9117100,EIB
2024-07-09 07:00:00,17.42,17.51,17.33,17.37,10096500,EIB
2024-07-10 07:00:00,17.56,17.83,17.56,17.56,21655700,EIB
2024-07-11 07:00:00,17.6,17.74,17.51,17.6,21178200,EIB
2024-07-12 07:00:00,17.1,17.65,17.1,17.42,9523700,EIB
2024-07-15 07:00:00,17.51,17.51,17.33,17.42,2956300,EIB
2024-07-16 07:00:00,17.46,17.46,17.23,17.23,3339200,EIB
2024-07-17 07:00:00,17.37,17.51,17.05,17.05,5983900,EIB
2024-07-18 07:00:00,17.1,17.33,17.0,17.23,10292300,EIB
2024-07-19 07:00:00,17.23,17.33,17.05,17.1,9091400,EIB
2024-07-22 07:00:00,17.1,17.19,16.77,16.87,4570200,EIB
2024-07-23 07:00:00,17.0,17.0,16.45,16.5,5506800,EIB
2024-07-24 07:00:00,16.5,16.82,16.41,16.82,3479200,EIB
2024-07-25 07:00:00,16.82,16.87,16.68,16.82,1211000,EIB
2024-07-26 07:00:00,16.82,17.0,16.73,16.96,2212500,EIB
2024-07-29 07:00:00,17.05,17.05,16.77,16.77,2072700,EIB
2024-07-30 07:00:00,16.77,16.91,16.73,16.77,2110400,EIB
2024-07-31 07:00:00,16.91,16.91,16.73,16.73,4044100,EIB
2024-08-01 07:00:00,16.77,16.82,16.41,16.54,5016400,EIB
2024-08-02 07:00:00,16.5,16.59,16.31,16.59,2737800,EIB
2024-08-05 07:00:00,16.54,17.28,16.31,16.64,8137000,EIB
2024-08-06 07:00:00,16.59,16.91,16.41,16.91,1699300,EIB
2024-08-07 07:00:00,16.91,16.91,16.64,16.91,1098500,EIB
2024-08-08 07:00:00,16.82,17.05,16.68,16.87,11307500,EIB
2024-08-09 07:00:00,16.82,16.96,16.82,16.87,5532800,EIB
2024-08-12 07:00:00,16.91,17.42,16.87,17.33,5269000,EIB
2024-08-13 07:00:00,17.28,17.37,17.05,17.23,4363300,EIB
2024-08-14 07:00:00,17.28,17.28,16.91,16.96,3210200,EIB
2024-08-15 07:00:00,16.96,17.0,16.68,16.82,1645700,EIB
2024-08-16 07:00:00,16.87,17.14,16.82,17.05,3175200,EIB
2024-08-19 07:00:00,17.1,17.74,16.96,17.56,14473100,EIB
2024-08-20 07:00:00,17.65,17.65,17.37,17.51,5125600,EIB
2024-08-21 07:00:00,17.51,17.65,17.42,17.6,6807300,EIB
2024-08-22 07:00:00,17.69,17.69,17.33,17.33,5015500,EIB
2024-08-23 07:00:00,17.33,17.37,17.19,17.33,3833600,EIB
2024-08-26 07:00:00,17.46,17.6,17.23,17.28,5560500,EIB
2024-08-27 07:00:00,17.37,17.42,17.19,17.23,2973100,EIB
2024-08-28 07:00:00,17.23,17.28,17.14,17.19,3574800,EIB
2024-08-29 07:00:00,17.23,17.46,16.73,16.77,14867600,EIB
2024-08-30 07:00:00,16.91,17.23,16.91,17.05,6273800,EIB
2024-09-04 07:00:00,17.0,17.1,16.91,17.1,5429700,EIB
2024-09-05 07:00:00,17.14,17.14,16.96,17.1,5322700,EIB
2024-09-06 07:00:00,17.0,17.23,16.73,16.96,8893900,EIB
2024-09-09 07:00:00,16.96,16.96,16.77,16.82,2484100,EIB
2024-09-10 07:00:00,16.87,16.91,16.77,16.82,4185900,EIB
2024-09-11 07:00:00,16.73,16.96,16.73,16.87,3008200,EIB
2024-09-12 07:00:00,16.87,16.96,16.82,16.87,2661800,EIB
2024-09-13 07:00:00,16.87,16.91,16.82,16.87,2564900,EIB
2024-09-16 07:00:00,16.91,17.0,16.82,16.87,5716900,EIB
2024-09-17 07:00:00,16.87,17.14,16.87,17.1,5261800,EIB
2024-09-18 07:00:00,17.1,17.19,17.05,17.05,4529000,EIB
2024-09-19 07:00:00,17.5,17.5,17.05,17.15,2146000,EIB
2024-09-20 07:00:00,17.3,17.35,17.1,17.2,2835500,EIB
2024-09-23 07:00:00,17.15,17.35,16.95,17.2,4127800,EIB
2024-09-24 07:00:00,17.1,17.3,17.05,17.3,3036600,EIB
2024-09-25 07:00:00,17.35,17.45,17.3,17.45,4204400,EIB
2024-09-26 07:00:00,17.55,17.95,17.5,17.9,12801100,EIB
2024-09-27 07:00:00,18.05,19.0,18.0,18.55,22744700,EIB
2024-09-30 07:00:00,18.55,18.9,18.55,18.8,10689100,EIB
2024-10-01 07:00:00,18.85,19.2,18.75,18.9,12446500,EIB
2024-10-02 07:00:00,18.85,19.2,18.7,19.2,8941000,EIB
2024-10-03 07:00:00,19.4,19.75,19.3,19.3,15638300,EIB
2024-10-04 07:00:00,19.3,19.35,18.65,18.65,6370800,EIB
2024-10-07 07:00:00,18.8,19.1,18.8,18.85,8050100,EIB
2024-10-08 07:00:00,18.9,19.05,18.8,18.85,8217800,EIB
2024-10-09 07:00:00,18.9,19.25,18.85,19.2,9211500,EIB
2024-10-10 07:00:00,19.4,19.4,18.85,18.85,6386700,EIB
2024-10-11 07:00:00,18.9,19.1,18.85,19.1,4839800,EIB
2024-10-14 07:00:00,19.1,19.15,17.85,18.25,42671800,EIB
2024-10-15 07:00:00,18.25,18.5,18.2,18.2,15637200,EIB
2024-10-16 07:00:00,18.25,18.9,18.2,18.45,10752700,EIB
2024-10-17 07:00:00,18.6,18.85,18.55,18.8,19868900,EIB
2024-10-18 07:00:00,18.9,19.85,18.8,19.45,27198900,EIB
2024-10-21 07:00:00,19.35,20.8,19.35,20.8,34702100,EIB
2024-10-22 07:00:00,20.8,22.0,20.8,21.6,29012000,EIB
2024-10-23 07:00:00,21.35,21.8,21.05,21.6,6990300,EIB
2024-10-24 07:00:00,21.3,22.1,21.25,21.4,21987900,EIB
2024-10-25 07:00:00,21.35,21.6,20.85,20.85,10408100,EIB
2024-10-28 07:00:00,20.85,21.0,19.8,19.85,9875600,EIB
2024-10-29 07:00:00,20.0,20.15,19.55,19.95,10503500,EIB
2024-10-30 07:00:00,20.0,20.0,19.65,20.0,5558900,EIB
2024-10-31 07:00:00,20.2,20.2,19.8,19.95,8166500,EIB
2024-11-01 07:00:00,19.8,19.95,19.65,19.65,2679200,EIB
2024-11-04 07:00:00,19.65,19.7,18.65,18.7,16095700,EIB
2024-11-05 07:00:00,18.75,19.45,18.75,19.3,5013100,EIB
2024-11-06 07:00:00,19.55,19.55,19.0,19.45,9081400,EIB
2024-11-07 07:00:00,19.55,19.55,19.15,19.2,2378200,EIB
2024-11-08 07:00:00,19.3,19.3,18.75,19.0,6386400,EIB
2024-11-11 07:00:00,18.9,19.0,18.45,18.7,3213200,EIB
2024-11-12 07:00:00,18.55,18.95,18.5,18.55,3299900,EIB
2024-11-13 07:00:00,18.5,18.7,18.15,18.65,4353400,EIB
2024-11-14 07:00:00,18.65,18.65,18.25,18.55,2130200,EIB
2024-11-15 07:00:00,18.4,18.5,18.0,18.0,4901200,EIB
2024-11-18 07:00:00,17.95,18.15,17.45,18.05,5143500,EIB
2024-11-19 07:00:00,18.0,18.0,17.6,17.9,2644100,EIB
2024-11-20 07:00:00,17.85,18.1,17.6,18.1,2234000,EIB
2024-11-21 07:00:00,17.8,18.05,17.8,18.05,1509200,EIB
2024-11-22 07:00:00,18.05,18.05,17.85,18.0,2671300,EIB
2024-11-25 07:00:00,18.0,18.35,17.85,18.25,2358200,EIB
2024-11-26 07:00:00,18.25,18.35,18.15,18.3,3037000,EIB
2024-11-27 07:00:00,18.3,18.75,18.2,18.7,3126900,EIB
2024-11-28 07:00:00,18.75,19.2,18.45,18.8,5309400,EIB
2024-11-29 07:00:00,18.8,18.8,18.5,18.5,2884800,EIB
2024-12-02 07:00:00,18.5,18.6,18.35,18.5,2661100,EIB
2024-12-03 07:00:00,18.5,18.5,18.35,18.5,1480400,EIB
2024-12-04 07:00:00,18.4,18.45,18.35,18.4,2143300,EIB
2024-12-05 07:00:00,18.3,18.7,18.0,18.7,4160700,EIB
2024-12-06 07:00:00,18.7,18.7,18.55,18.6,2818200,EIB
2024-12-09 07:00:00,18.65,19.0,18.6,18.95,3718100,EIB
2024-12-10 07:00:00,19.0,19.2,19.0,19.0,4868100,EIB
2024-12-11 07:00:00,19.0,19.35,19.0,19.25,6350400,EIB
2024-12-12 07:00:00,19.3,20.1,19.25,19.75,8513700,EIB
2024-12-13 07:00:00,20.0,20.0,19.7,19.7,4244100,EIB
2024-12-16 07:00:00,19.8,19.8,19.25,19.4,2804300,EIB
2024-12-17 07:00:00,19.3,19.6,19.3,19.55,1942200,EIB
2024-12-18 07:00:00,19.55,19.65,19.5,19.55,1497200,EIB
2024-12-19 07:00:00,19.3,19.35,19.1,19.15,5742000,EIB
2024-12-20 07:00:00,19.2,19.2,18.95,19.0,3858200,EIB
2024-12-23 07:00:00,19.1,19.65,19.1,19.5,5135800,EIB
2024-12-24 07:00:00,19.5,19.75,19.45,19.6,10562400,EIB
2024-12-25 07:00:00,19.6,19.8,19.35,19.5,4804900,EIB
2024-12-26 07:00:00,19.55,19.55,19.2,19.25,3419400,EIB
2024-12-27 07:00:00,19.25,19.7,19.25,19.45,5564300,EIB
2024-12-30 07:00:00,19.5,19.7,19.15,19.3,3831900,EIB
2024-12-31 07:00:00,19.3,19.3,18.9,19.3,4828000,EIB
2025-01-02 07:00:00,19.25,19.25,18.65,18.75,6098900,EIB
2025-01-03 07:00:00,18.85,18.85,18.25,18.25,4675900,EIB
2025-01-06 07:00:00,18.4,18.45,17.9,18.25,4576300,EIB
2025-01-07 07:00:00,18.1,18.35,18.05,18.2,2009600,EIB
2025-01-08 07:00:00,18.2,18.4,18.1,18.35,1333100,EIB
2025-01-09 07:00:00,18.4,18.45,18.25,18.4,675500,EIB
2025-01-10 07:00:00,18.4,18.4,18.1,18.1,2321600,EIB
2025-01-13 07:00:00,17.95,18.3,17.9,18.3,1520800,EIB
2025-01-14 07:00:00,18.3,18.4,18.1,18.25,2170000,EIB
2025-01-15 07:00:00,18.25,18.35,18.1,18.25,1715500,EIB
2025-01-16 07:00:00,18.35,18.4,18.2,18.3,3089800,EIB
2025-01-17 07:00:00,18.35,18.35,18.15,18.3,1800800,EIB
2025-01-20 07:00:00,18.4,18.65,18.3,18.4,7065600,EIB
2025-01-21 07:00:00,18.5,18.5,18.1,18.15,4994700,EIB
2025-01-22 07:00:00,18.15,18.25,17.75,17.9,8721200,EIB
2025-01-23 07:00:00,18.0,18.35,17.9,18.35,5096700,EIB
2025-01-24 07:00:00,18.3,18.55,18.0,18.55,10330800,EIB
2025-02-03 07:00:00,18.5,18.5,18.2,18.2,3402700,EIB
2025-02-04 07:00:00,18.25,18.75,18.25,18.6,9002100,EIB
2025-02-05 07:00:00,18.65,18.65,18.45,18.5,2349500,EIB
2025-02-06 07:00:00,18.55,18.9,18.55,18.6,2831800,EIB
2025-02-07 07:00:00,18.6,18.85,18.45,18.65,3068100,EIB
2025-02-10 07:00:00,18.6,19.15,18.45,18.75,5766200,EIB
2025-02-11 07:00:00,18.75,18.95,18.75,18.95,3229800,EIB
2025-02-12 07:00:00,19.1,19.4,19.0,19.2,5971800,EIB
2025-02-13 07:00:00,19.2,19.2,19.05,19.15,2346300,EIB
2025-02-14 07:00:00,19.15,19.3,19.05,19.1,4095300,EIB
2025-02-17 07:00:00,19.1,19.7,18.95,19.4,16261600,EIB
2025-02-18 07:00:00,19.55,19.65,19.4,19.45,13528300,EIB
2025-02-19 07:00:00,19.55,20.45,19.5,20.45,13361500,EIB
2025-02-20 07:00:00,20.6,20.7,20.15,20.45,6902600,EIB
2025-02-21 07:00:00,20.35,20.45,20.1,20.2,8721500,EIB
2025-02-24 07:00:00,20.1,20.7,20.1,20.5,7252000,EIB
2025-02-25 07:00:00,20.7,20.8,20.55,20.7,7345900,EIB
2025-02-26 07:00:00,20.75,21.1,20.6,20.8,8219600,EIB
2025-02-27 07:00:00,20.8,20.85,20.5,20.8,7792900,EIB
2025-02-28 07:00:00,20.7,21.3,20.6,21.3,8575100,EIB
2025-03-03 07:00:00,21.5,22.0,21.2,21.65,15236700,EIB
2025-03-04 07:00:00,21.65,22.35,21.05,22.25,13345900,EIB
2025-03-05 07:00:00,22.4,22.55,22.0,22.0,14659000,EIB
2025-03-06 07:00:00,22.0,22.35,20.5,22.2,41521400,EIB
2025-03-07 07:00:00,22.2,22.2,21.5,21.65,9353300,EIB
2025-03-10 07:00:00,21.55,21.7,21.0,21.05,11129700,EIB
2025-03-11 07:00:00,20.9,21.4,20.7,21.3,14057500,EIB
2025-03-12 07:00:00,21.3,21.35,20.95,20.95,10098600,EIB
2025-03-13 07:00:00,21.0,21.05,20.3,20.35,15367400,EIB
2025-03-14 07:00:00,20.35,20.55,20.15,20.15,6380100,EIB
2025-03-17 07:00:00,20.15,20.55,20.15,20.35,9470600,EIB
2025-03-18 07:00:00,20.45,20.6,20.2,20.3,9041100,EIB
2025-03-19 07:00:00,20.2,20.3,19.9,19.9,12600200,EIB
2025-03-20 07:00:00,20.0,20.0,19.75,19.95,6768900,EIB
2025-03-21 07:00:00,19.9,20.3,19.9,20.0,6057800,EIB
2025-03-24 07:00:00,20.15,20.2,19.9,20.1,4933400,EIB
2025-03-25 07:00:00,20.2,20.35,19.8,19.9,12049700,EIB
2025-03-26 07:00:00,19.9,20.0,19.3,19.5,8635700,EIB
2025-03-27 07:00:00,19.6,19.8,19.35,19.45,5553600,EIB
2025-03-28 07:00:00,19.4,19.65,19.25,19.5,5999700,EIB
2025-03-31 07:00:00,19.25,19.5,19.0,19.5,10124500,EIB
2025-04-01 07:00:00,19.5,19.65,19.35,19.55,5651600,EIB
2025-04-02 07:00:00,19.7,20.1,19.7,19.8,9402600,EIB
2025-04-03 07:00:00,19.1,19.4,18.45,18.45,14463700,EIB
2025-04-04 07:00:00,17.65,18.1,17.25,18.0,27078400,EIB
2025-04-08 07:00:00,17.3,17.5,16.75,16.75,8767800,EIB
2025-04-09 07:00:00,15.6,16.45,15.6,15.6,33903300,EIB
2025-04-10 07:00:00,16.65,16.65,16.65,16.65,322700,EIB
2025-04-11 07:00:00,17.45,17.8,16.9,17.8,11231200,EIB
2025-04-14 07:00:00,17.8,18.4,17.65,18.35,8023900,EIB
2025-04-15 07:00:00,18.15,18.45,17.8,18.25,9367400,EIB
2025-04-16 07:00:00,18.1,18.35,17.95,18.1,6328700,EIB
2025-04-17 07:00:00,17.8,18.1,17.8,18.1,5318900,EIB
2025-04-18 07:00:00,18.2,19.35,18.15,18.95,16376500,EIB
2025-04-21 07:00:00,19.0,19.25,18.65,18.8,5975800,EIB
2025-04-22 07:00:00,18.7,19.25,17.5,18.4,23564100,EIB
2025-04-23 07:00:00,18.95,18.95,18.6,18.85,5860500,EIB
2025-04-24 07:00:00,18.9,19.1,18.45,18.95,7551600,EIB
2025-04-25 07:00:00,19.0,19.05,18.75,19.05,5318700,EIB
2025-04-28 07:00:00,19.1,19.4,18.9,19.35,6789200,EIB
2025-04-29 07:00:00,19.35,19.35,18.95,18.95,8881500,EIB
2025-05-05 07:00:00,19.1,19.55,18.85,19.25,7109300,EIB
2025-05-06 07:00:00,19.25,19.4,18.85,19.0,11160700,EIB
2025-05-07 07:00:00,18.95,19.15,18.9,19.0,6537400,EIB
2025-05-08 07:00:00,19.1,19.3,18.95,19.25,6425300,EIB
2025-05-09 07:00:00,19.35,19.4,19.1,19.1,5208800,EIB
2025-05-12 07:00:00,19.15,19.35,19.0,19.25,5100400,EIB
2025-05-13 07:00:00,19.45,19.85,19.3,19.7,13250500,EIB
2025-05-14 07:00:00,19.7,19.9,19.5,19.9,7853700,EIB
2025-05-15 07:00:00,19.9,20.15,19.6,19.85,6673300,EIB
2025-05-16 07:00:00,19.9,19.9,19.45,19.45,7632100,EIB
2025-05-19 07:00:00,19.35,19.75,19.25,19.35,6763100,EIB
2025-05-20 07:00:00,19.45,20.15,19.3,19.9,10900100,EIB
2025-05-21 07:00:00,20.1,20.5,20.0,20.25,14041100,EIB
2025-05-22 07:00:00,20.25,21.65,20.15,21.1,36259500,EIB
2025-05-23 07:00:00,21.4,21.9,21.3,21.4,10496600,EIB
2025-05-26 07:00:00,21.6,22.2,21.3,21.9,14836700,EIB
2025-05-27 07:00:00,22.05,22.3,21.7,22.05,13866800,EIB
2025-05-28 07:00:00,22.25,22.3,21.75,21.75,11241900,EIB
2025-05-29 07:00:00,21.8,23.25,21.8,22.9,22324900,EIB
2025-05-30 07:00:00,23.2,23.45,22.55,22.7,11354900,EIB
2025-06-02 07:00:00,22.5,23.4,22.45,23.3,15503600,EIB
2025-06-03 07:00:00,23.45,23.45,23.1,23.15,8900100,EIB
2025-06-04 07:00:00,23.25,24.75,23.05,24.65,27568600,EIB
2025-06-05 07:00:00,24.65,24.75,24.15,24.3,7439700,EIB
2025-06-06 07:00:00,24.2,24.95,23.9,24.1,8974600,EIB
2025-06-09 07:00:00,24.15,24.35,23.1,23.1,15837700,EIB
2025-06-10 07:00:00,23.0,23.7,21.6,22.9,26958700,EIB
2025-06-11 07:00:00,23.0,23.0,22.4,22.7,11573500,EIB
2025-06-12 07:00:00,22.7,23.1,22.65,23.1,12098700,EIB
2025-06-13 07:00:00,22.95,23.1,22.45,22.65,11588300,EIB
2025-06-16 07:00:00,22.8,23.3,22.6,23.3,9229100,EIB
2025-06-17 07:00:00,23.5,23.8,23.25,23.45,11342900,EIB
2025-06-18 07:00:00,23.55,23.75,23.0,23.05,10472300,EIB
2025-06-19 07:00:00,23.05,23.3,22.7,23.15,11677300,EIB
2025-06-20 07:00:00,23.4,23.6,23.1,23.5,8778300,EIB
2025-06-23 07:00:00,23.3,23.35,22.9,22.9,12386100,EIB
2025-06-24 07:00:00,23.05,23.45,22.95,23.35,12314300,EIB
2025-06-25 07:00:00,23.4,24.4,23.35,23.35,13113900,EIB
2025-06-26 07:00:00,23.4,23.4,22.9,23.25,7566600,EIB
2025-06-27 07:00:00,23.4,23.4,22.9,22.95,11404900,EIB
2025-06-30 07:00:00,23.0,23.05,22.85,22.85,7522300,EIB
2025-07-01 07:00:00,22.75,23.05,22.5,22.55,10513400,EIB
2025-07-02 07:00:00,22.55,22.7,22.4,22.65,11390200,EIB
2025-07-03 07:00:00,22.65,23.7,22.55,23.2,24413000,EIB
2025-07-04 07:00:00,23.45,23.6,23.15,23.4,11651900,EIB
2025-07-07 07:00:00,23.55,24.05,23.35,23.65,24206200,EIB
2025-07-08 07:00:00,23.65,23.75,23.05,23.75,27149100,EIB
2025-07-09 07:00:00,24.05,24.2,23.7,23.75,18046400,EIB
2025-07-10 07:00:00,23.75,24.0,23.7,23.7,13485900,EIB
2025-07-11 07:00:00,23.8,24.9,23.5,24.5,32910400,EIB
2025-07-14 07:00:00,25.0,25.6,24.8,25.3,24622300,EIB
2025-07-15 07:00:00,25.45,25.45,24.6,24.6,23867600,EIB
2025-07-16 07:00:00,24.5,25.05,24.25,24.7,15896500,EIB
2025-07-17 07:00:00,25.0,25.0,24.55,24.55,13663400,EIB
2025-07-18 07:00:00,24.7,25.7,24.55,25.15,24095700,EIB
2025-07-21 07:00:00,25.5,25.95,25.1,25.4,19635100,EIB
2025-07-22 07:00:00,25.3,27.15,25.0,27.15,26788800,EIB
2025-07-23 07:00:00,28.0,28.0,26.75,26.95,15708700,EIB
2025-07-24 07:00:00,27.1,27.85,26.6,27.05,16214600,EIB
2025-07-25 07:00:00,27.3,28.2,27.0,27.7,21972300,EIB
2025-07-28 07:00:00,28.1,29.6,27.9,29.35,23971400,EIB
2025-07-29 07:00:00,28.9,29.35,27.3,27.3,42513300,EIB
2025-07-30 07:00:00,27.1,27.45,25.75,26.6,29645900,EIB
2025-07-31 07:00:00,26.7,27.0,25.35,27.0,23255800,EIB
2025-08-01 07:00:00,27.2,27.2,26.0,26.2,12635000,EIB
2025-08-04 07:00:00,26.05,27.2,25.75,27.05,15745100,EIB
2025-08-05 07:00:00,27.35,28.0,25.3,26.85,29015800,EIB
2025-08-06 07:00:00,27.0,27.4,26.8,27.4,11440100,EIB
2025-08-07 07:00:00,27.6,27.9,26.95,27.1,15063600,EIB
2025-08-08 07:00:00,27.2,27.4,26.4,26.7,17023100,EIB
2025-08-11 07:00:00,26.8,28.45,26.7,27.9,28596600,EIB
2025-08-12 07:00:00,28.0,28.15,27.3,27.6,11561900,EIB
2025-08-13 07:00:00,27.8,28.0,26.8,27.7,22828500,EIB
2025-08-14 07:00:00,27.9,28.9,27.5,28.3,32415700,EIB
2025-08-15 07:00:00,28.75,30.25,28.25,29.7,35196900,EIB
2025-08-18 07:00:00,30.5,31.5,30.0,30.5,23964100,EIB
2025-08-19 07:00:00,31.1,31.65,30.45,31.1,30094400,EIB
2025-08-20 07:00:00,31.1,31.15,29.15,30.2,30998900,EIB
2025-08-21 07:00:00,30.7,31.5,30.5,31.1,20553900,EIB
2025-08-22 07:00:00,30.0,30.9,28.95,28.95,30799200,EIB
2025-08-25 07:00:00,29.05,29.2,26.95,26.95,24455800,EIB
2025-08-26 07:00:00,26.7,28.6,26.55,28.6,14952900,EIB
2025-08-27 07:00:00,28.9,28.9,27.95,28.3,17278600,EIB
2025-08-28 07:00:00,28.1,29.25,27.85,29.25,14800600,EIB
2025-08-29 07:00:00,29.5,30.15,29.3,29.7,17805100,EIB
2025-09-03 07:00:00,29.7,30.55,29.45,30.2,15675600,EIB
2025-09-04 07:00:00,30.4,30.4,29.3,29.8,19988000,EIB
2025-09-05 07:00:00,29.7,30.05,28.75,28.75,18331200,EIB
2025-09-08 07:00:00,28.4,28.6,26.75,26.75,22738600,EIB
2025-09-09 07:00:00,26.75,27.25,26.4,27.2,10766300,EIB
2025-09-10 07:00:00,27.45,27.65,26.85,26.9,7021400,EIB
2025-09-11 07:00:00,27.0,27.0,25.95,27.0,10651600,EIB
2025-09-12 07:00:00,27.1,27.55,27.0,27.2,7122800,EIB
2025-09-15 07:00:00,27.45,27.5,26.85,27.5,13013800,EIB
2025-09-16 07:00:00,27.6,27.8,27.35,27.5,7974800,EIB
2025-09-17 07:00:00,27.35,27.5,26.8,26.8,6685200,EIB
2025-09-18 07:00:00,26.85,26.9,26.35,26.65,7158700,EIB
2025-09-19 07:00:00,26.7,26.7,26.1,26.1,7086900,EIB
2025-09-22 07:00:00,26.1,26.4,25.0,25.0,11632900,EIB
2025-09-23 07:00:00,24.95,25.8,24.95,25.2,6802100,EIB
2025-09-24 07:00:00,25.5,26.0,25.0,26.0,8141200,EIB
2025-09-25 07:00:00,26.15,26.5,25.95,26.2,5181600,EIB
2025-09-26 07:00:00,26.3,26.4,25.7,25.7,5418300,EIB
2025-09-29 07:00:00,25.6,25.95,25.4,25.65,4457700,EIB
2025-09-30 07:00:00,25.7,26.25,25.35,26.0,6976100,EIB
2025-10-01 07:00:00,26.05,26.55,26.05,26.3,7769500,EIB
2025-10-02 07:00:00,26.3,26.45,25.55,25.65,6741000,EIB
2025-10-03 07:00:00,25.75,25.75,25.2,25.2,4436100,EIB
2025-10-06 07:00:00,25.5,26.4,25.4,26.3,7102300,EIB
2025-10-07 07:00:00,26.65,26.65,25.65,25.65,5532600,EIB
2025-10-08 07:00:00,26.2,26.2,25.65,26.0,6529500,EIB
2025-10-09 07:00:00,26.25,26.85,26.2,26.75,10419800,EIB
2025-10-10 07:00:00,26.9,27.1,26.6,26.8,8752800,EIB
2025-10-13 07:00:00,26.45,26.65,26.25,26.5,9931300,EIB
2025-10-14 07:00:00,26.5,27.4,26.5,26.5,17842200,EIB
2025-10-15 07:00:00,26.7,27.35,26.7,26.75,11112700,EIB
2025-10-16 07:00:00,26.8,27.05,26.5,26.6,8048200,EIB
2025-10-17 07:00:00,26.7,26.75,25.8,25.8,13142600,EIB
2025-10-20 07:00:00,25.8,26.35,24.0,24.0,12582200,EIB
2025-10-21 07:00:00,24.0,24.45,22.35,23.8,13644100,EIB
2025-10-22 07:00:00,23.9,23.9,22.7,23.4,8050000,EIB
2025-10-23 07:00:00,23.55,23.75,23.1,23.1,4229600,EIB
2025-10-24 07:00:00,22.8,23.0,22.0,22.6,10749200,EIB
2025-10-27 07:00:00,22.85,23.0,22.0,22.45,4165600,EIB
2025-10-28 07:00:00,22.45,22.9,22.25,22.85,4453600,EIB
2025-10-29 07:00:00,23.15,23.5,22.95,23.2,6319600,EIB
2025-10-30 07:00:00,23.4,23.4,22.65,22.65,5646400,EIB
2025-10-31 07:00:00,22.5,23.0,22.05,22.15,6793300,EIB
2025-11-03 07:00:00,22.15,22.4,21.5,21.5,5213700,EIB
2025-11-04 07:00:00,21.5,22.85,21.15,22.5,8532500,EIB
2025-11-05 07:00:00,22.5,22.8,22.25,22.3,2486300,EIB
2025-11-06 07:00:00,22.45,22.45,21.65,21.75,4666500,EIB
2025-11-07 07:00:00,21.75,21.95,21.4,21.45,6607900,EIB
2025-11-10 07:00:00,21.5,21.55,20.65,20.8,6444300,EIB
2025-11-11 07:00:00,21.2,21.2,20.2,20.9,5938600,EIB
2025-11-12 07:00:00,21.0,21.6,20.85,21.6,6395700,EIB
2025-11-13 07:00:00,21.7,21.7,21.35,21.35,3122200,EIB
2025-11-14 07:00:00,21.3,21.65,21.05,21.35,6176300,EIB
2025-11-17 07:00:00,21.4,22.2,21.3,22.15,7987300,EIB
2025-11-18 07:00:00,22.25,22.75,22.15,22.5,11518600,EIB
2025-11-19 07:00:00,22.6,22.6,22.3,22.5,6418000,EIB
2025-11-20 07:00:00,22.45,22.5,22.05,22.45,4000000,EIB
2025-11-21 07:00:00,22.2,22.4,21.75,22.3,5506300,EIB
2025-11-24 07:00:00,22.4,22.45,22.0,22.15,3392100,EIB
2025-11-25 07:00:00,22.1,22.2,21.05,21.05,5262800,EIB
2025-11-26 07:00:00,21.2,22.3,21.2,22.2,5698400,EIB
2025-11-27 07:00:00,22.2,22.75,22.2,22.25,5665100,EIB
2025-11-28 07:00:00,22.25,22.25,21.85,22.0,4210100,EIB
2025-12-01 07:00:00,22.0,22.2,21.7,21.75,3243800,EIB
2025-12-02 07:00:00,21.7,22.4,21.65,22.25,4943300,EIB
2025-12-03 07:00:00,22.4,22.7,22.2,22.55,7941900,EIB
2025-12-04 07:00:00,22.6,22.85,22.5,22.5,5332600,EIB
2025-12-05 07:00:00,22.5,23.45,22.5,22.75,13578100,EIB
2025-12-08 07:00:00,22.75,22.9,22.3,22.3,3454400,EIB
2025-12-09 07:00:00,22.25,22.75,21.85,22.55,8570700,EIB
2025-12-10 07:00:00,22.6,23.0,22.45,22.45,6475400,EIB
2025-12-11 07:00:00,22.5,22.55,22.15,22.25,4221600,EIB
2025-12-12 07:00:00,22.15,22.25,20.7,20.7,8868700,EIB
2025-12-15 07:00:00,20.5,20.85,20.1,20.15,6651200,EIB
2025-12-16 07:00:00,20.6,21.55,19.8,21.55,7671900,EIB
2025-12-17 07:00:00,21.6,21.85,21.25,21.65,4611900,EIB
2025-12-18 07:00:00,21.6,21.7,21.3,21.45,2167700,EIB
2025-12-19 07:00:00,21.5,21.6,21.25,21.5,4525600,EIB
2025-12-22 07:00:00,21.55,22.6,21.25,22.5,11028500,EIB
2025-12-23 07:00:00,22.75,22.75,22.25,22.45,9174500,EIB
2025-12-24 07:00:00,22.45,22.8,22.25,22.4,4940000,EIB
2025-12-25 07:00:00,22.4,22.65,22.0,22.0,5331700,EIB
2025-12-26 07:00:00,21.95,21.95,21.0,21.55,8216700,EIB
2025-12-29 07:00:00,21.55,21.75,21.3,21.3,3121400,EIB
2025-12-30 07:00:00,21.35,21.65,21.3,21.65,4800700,EIB
2025-12-31 07:00:00,21.65,21.75,21.3,21.3,4140300,EIB
2026-01-05 07:00:00,21.5,21.5,20.5,20.95,7289700,EIB
2026-01-06 07:00:00,20.95,21.5,20.6,21.2,5987500,EIB
2026-01-07 07:00:00,21.5,22.0,21.4,21.75,7080600,EIB
2026-01-08 07:00:00,21.7,22.2,21.45,21.85,9955200,EIB
2026-01-09 07:00:00,21.95,22.05,21.3,21.3,7257700,EIB
2026-01-12 07:00:00,21.3,22.15,20.95,22.0,10663900,EIB
2026-01-13 07:00:00,22.3,23.5,21.9,23.5,34166600,EIB
2026-01-14 07:00:00,23.5,24.2,22.95,23.05,15903000,EIB
2026-01-15 07:00:00,22.95,23.35,22.4,23.1,16863200,EIB
2026-01-16 07:00:00,23.45,23.45,22.7,23.0,9040500,EIB
2026-01-19 07:00:00,23.0,23.4,22.7,23.1,7030000,EIB
2026-01-20 07:00:00,23.2,23.4,22.85,22.9,8531500,EIB
2026-01-21 07:00:00,22.55,22.9,22.15,22.2,9812500,EIB
2026-01-22 07:00:00,22.25,22.95,22.25,22.4,5322900,EIB
2026-01-23 07:00:00,22.5,22.95,22.4,22.55,6637000,EIB
2026-01-26 07:00:00,22.6,22.9,21.3,21.6,9672700,EIB
2026-01-27 07:00:00,21.7,21.8,21.0,21.0,6750500,EIB
2026-01-28 07:00:00,21.05,21.35,20.7,20.85,7699900,EIB
2026-01-29 07:00:00,21.3,21.3,20.85,20.95,3257800,EIB
2026-01-30 07:00:00,21.2,21.2,20.7,20.85,9228500,EIB
2026-02-02 07:00:00,20.75,20.8,20.4,20.65,9487100,EIB
2026-02-03 07:00:00,20.75,21.6,20.75,21.5,10283500,EIB
2026-02-04 07:00:00,21.6,21.65,21.3,21.45,5333800,EIB
2026-02-05 07:00:00,21.6,21.6,21.0,21.0,4545000,EIB
2026-02-06 07:00:00,20.9,20.95,20.5,20.6,7748100,EIB
2026-02-09 07:00:00,21.0,21.1,20.5,20.5,7314200,EIB
2026-02-10 07:00:00,21.0,21.45,20.0,20.0,24655700,EIB
2026-02-11 07:00:00,21.0,21.4,20.5,21.4,6526200,EIB
2026-02-12 07:00:00,22.5,22.7,21.9,22.35,19915800,EIB
2026-02-13 07:00:00,22.3,23.2,22.3,23.1,14234900,EIB
2026-02-23 07:00:00,23.1,23.85,22.55,23.4,13645700,EIB
2026-02-24 07:00:00,23.4,24.35,23.3,24.2,18062200,EIB
2026-02-25 07:00:00,24.35,24.55,23.6,23.6,15154700,EIB
2026-02-26 07:00:00,23.6,24.05,23.3,23.9,12732900,EIB
2026-02-27 07:00:00,23.9,24.0,23.4,23.4,8495300,EIB
2026-03-02 07:00:00,22.7,23.35,22.7,22.7,16426400,EIB
2026-03-03 07:00:00,22.8,23.25,22.5,22.8,9439600,EIB
2026-03-04 07:00:00,22.8,23.25,21.85,22.5,14089400,EIB
2026-03-05 07:00:00,22.6,23.3,22.35,22.35,11494400,EIB
2026-03-06 07:00:00,22.35,22.55,22.0,22.05,6059400,EIB
2026-03-09 07:00:00,20.6,20.95,20.55,20.55,20427200,EIB
2026-03-10 07:00:00,21.0,21.5,20.6,21.05,10427800,EIB
2026-03-11 07:00:00,21.2,22.5,21.1,22.45,12062300,EIB
2026-03-12 07:00:00,22.1,23.3,22.05,22.55,13211300,EIB
2026-03-13 07:00:00,22.3,22.9,22.3,22.5,6430000,EIB
2026-03-16 07:00:00,22.55,22.85,22.0,22.35,6779800,EIB
2026-03-17 07:00:00,22.8,23.25,22.5,23.0,7822400,EIB
2026-03-18 07:00:00,23.15,23.55,22.5,22.85,9512700,EIB
2026-03-19 07:00:00,22.4,22.65,22.2,22.35,5942300,EIB
2026-03-20 07:00:00,22.25,22.85,22.25,22.25,9054700,EIB
2026-03-23 07:00:00,21.9,22.0,21.0,21.25,11502200,EIB
2026-03-24 07:00:00,21.95,22.2,21.55,22.15,4580100,EIB
2026-03-25 07:00:00,22.45,22.7,22.15,22.55,6167700,EIB
2026-03-26 07:00:00,22.7,22.75,22.25,22.4,5525400,EIB
2026-03-27 07:00:00,22.45,22.85,22.3,22.75,5592900,EIB
2026-03-30 07:00:00,22.35,23.3,22.1,23.0,10282800,EIB
2026-03-31 07:00:00,23.1,23.9,23.0,23.6,16665300,EIB
2026-04-01 07:00:00,23.9,24.05,23.35,23.4,14700700,EIB
2026-04-02 07:00:00,23.1,23.35,22.85,22.85,8547300,EIB
2026-04-03 07:00:00,22.85,23.1,22.15,22.15,12603900,EIB
2026-04-06 07:00:00,22.2,22.45,21.8,22.1,8088900,EIB
2026-04-07 07:00:00,22.45,22.45,21.8,22.1,7262800,EIB
2026-04-08 07:00:00,22.85,23.2,22.6,23.05,15475400,EIB
2026-04-09 07:00:00,22.9,23.0,22.6,22.6,13137000,EIB
2026-04-10 07:00:00,22.75,24.05,22.65,23.1,30032900,EIB
2026-04-13 07:00:00,22.9,23.5,22.75,22.95,12969000,EIB
2026-04-14 07:00:00,23.2,23.55,22.95,23.0,14493000,EIB
2026-04-15 07:00:00,23.15,23.3,22.7,22.7,12013700,EIB
2026-04-16 07:00:00,22.8,22.8,22.25,22.35,14998800,EIB
2026-04-17 07:00:00,22.4,22.8,22.3,22.4,9883800,EIB
2026-04-20 07:00:00,22.7,22.9,22.45,22.55,7546700,EIB
2026-04-21 07:00:00,22.8,23.4,22.55,22.95,18291600,EIB
2026-04-22 07:00:00,23.0,23.1,22.65,22.65,6568200,EIB
2026-04-23 07:00:00,22.8,23.3,22.1,22.4,17990900,EIB
2026-04-24 07:00:00,22.4,22.55,22.15,22.35,6601000,EIB
2026-04-28 07:00:00,22.35,22.5,21.8,21.85,10046600,EIB
2026-04-29 07:00:00,21.85,21.9,21.6,21.75,9045100,EIB
2026-05-04 07:00:00,21.7,22.05,21.7,21.85,4034900,EIB
2026-05-05 07:00:00,21.85,21.9,21.55,21.55,2331400,EIB
